sku_id,title,description,availability,condition,price,sale_price,link,image_link,additional_image_link,brand,item_group_id,product_type,google_product_category
1819,Combo Lasagna The Works,Sabor irresistible en cada capa: disfruta nuestra Lasagna The Works con una Coca-Cola. ¡La mejor combinación para un antojo perfecto!,in stock,new,37900 COP,,https://www.papajohns.com.co/combo-lasagna-the-works-222/p?skuId=1819,https://papajohns.vteximg.com.br/arquivos/ids/159690-800-800/COMBO-THE-WORKS.jpg?v=639239088030370000,,Papa Johns,222,Lasagnas y Pastas > Combo Lasagnas y Pastas,"Food, Beverages & Tobacco > Food Items"
1818,Combo Lasagna Pollo Champiñon,"Una lasaña irresistible con el toque perfecto: Pollo, champiñones y Coca-Cola para completar tu comida con el mejor sabor. ¡Disfrútala hoy mismo!",in stock,new,36900 COP,,https://www.papajohns.com.co/combo-lasagna-pollo-champinon-221/p?skuId=1818,https://papajohns.vteximg.com.br/arquivos/ids/159692-800-800/POLLO Y CHAMPINONES COMBO.jpg?v=639105778047500000,,Papa Johns,221,Lasagnas y Pastas > Combo Lasagnas y Pastas,"Food, Beverages & Tobacco > Food Items"
1797,Combo para Parchar - Familiar Masa-tradicional Borde-tradicional Salsa-Pizza,"Combo para parchar: pizza Papas Favorite y cerveza Club Colombia . Tu compañero perfecto para momentos llenos de risas, películas o una buena compañía.",in stock,new,89900 COP,,https://www.papajohns.com.co/combo-para-parchar-220/p?skuId=1797,https://papajohns.vteximg.com.br/arquivos/ids/159824-800-800/COMBO-PARA-PARCHAR.jpg?v=639207829324300000,,Papa Johns,220,Pizzas > Promociones,"Food, Beverages & Tobacco > Food Items"
1798,Combo para Parchar - Familiar Masa-tradicional Borde-tradicional Salsa-BBQ,"Combo para parchar: pizza Papas Favorite y cerveza Club Colombia . Tu compañero perfecto para momentos llenos de risas, películas o una buena compañía.",in stock,new,89900 COP,,https://www.papajohns.com.co/combo-para-parchar-220/p?skuId=1798,https://papajohns.vteximg.com.br/arquivos/ids/159825-800-800/COMBO-PARA-PARCHAR.jpg?v=639207829324770000,,Papa Johns,220,Pizzas > Promociones,"Food, Beverages & Tobacco > Food Items"
1799,Combo para Parchar - Familiar Masa-tradicional Borde-tradicional Salsa-Ranch,"Combo para parchar: pizza Papas Favorite y cerveza Club Colombia . Tu compañero perfecto para momentos llenos de risas, películas o una buena compañía.",in stock,new,89900 COP,,https://www.papajohns.com.co/combo-para-parchar-220/p?skuId=1799,https://papajohns.vteximg.com.br/arquivos/ids/159686-800-800/COMBO-PARA-PARCHAR.jpg?v=639156915291300000,,Papa Johns,220,Pizzas > Promociones,"Food, Beverages & Tobacco > Food Items"
2054,Combo para Parchar - Familiar Masa-tradicional Borde-queso Salsa-Pizza,"Combo para parchar: pizza Papas Favorite y cerveza Club Colombia . Tu compañero perfecto para momentos llenos de risas, películas o una buena compañía.",in stock,new,102800 COP,,https://www.papajohns.com.co/combo-para-parchar-220/p?skuId=2054,https://papajohns.vteximg.com.br/arquivos/ids/159826-800-800/COMBO-PARA-PARCHAR.jpg?v=639207829325170000,,Papa Johns,220,Pizzas > Promociones,"Food, Beverages & Tobacco > Food Items"
2055,Combo para Parchar - Familiar Masa-tradicional Borde-queso Salsa-BBQ,"Combo para parchar: pizza Papas Favorite y cerveza Club Colombia . Tu compañero perfecto para momentos llenos de risas, películas o una buena compañía.",in stock,new,102800 COP,,https://www.papajohns.com.co/combo-para-parchar-220/p?skuId=2055,https://papajohns.vteximg.com.br/arquivos/ids/159827-800-800/COMBO-PARA-PARCHAR.jpg?v=639207829325170000,,Papa Johns,220,Pizzas > Promociones,"Food, Beverages & Tobacco > Food Items"
2056,Combo para Parchar - Familiar Masa-tradicional Borde-queso Salsa-Ranch,"Combo para parchar: pizza Papas Favorite y cerveza Club Colombia . Tu compañero perfecto para momentos llenos de risas, películas o una buena compañía.",in stock,new,102800 COP,,https://www.papajohns.com.co/combo-para-parchar-220/p?skuId=2056,https://papajohns.vteximg.com.br/arquivos/ids/159828-800-800/COMBO-PARA-PARCHAR.jpg?v=639207829325330000,,Papa Johns,220,Pizzas > Promociones,"Food, Beverages & Tobacco > Food Items"
1793,Combo Futbolero - Mediana Masa-tradicional Borde-tradicional,"Estás a un paso de clasificar a la siguiente etapa, haz clic y lleva a casa el Combo Futbolero : promo de 2 pepperonis pizzazz, Rolls de arequipe y Coca Cola. ¡Incluye todo!",in stock,new,89900 COP,,https://www.papajohns.com.co/combo-futbolero-219/p?skuId=1793,https://papajohns.vteximg.com.br/arquivos/ids/159677-800-800/COMBO FUTBOLERO.jpg?v=639105773442800000,,Papa Johns,219,Pizzas > Promociones,"Food, Beverages & Tobacco > Food Items"
1781,Combo VEG - Familiar Masa-tradicional Borde-tradicional Salsa-Pizza,"Imagina una mezcla de sabores frescos y hazla realidad con nuestro Combo VEG : pizza vegetariana con Garlic Knots y Coca Cola. ¡Pide ya la opción veggie, viene muy bien acompañada!",in stock,new,67900 COP,,https://www.papajohns.com.co/combo-veg-217/p?skuId=1781,https://papajohns.vteximg.com.br/arquivos/ids/159814-800-800/COMBO-VEG.jpg?v=639207819517600000,,Papa Johns,217,Pizzas > Promociones,"Food, Beverages & Tobacco > Food Items"
1782,Combo VEG - Familiar Masa-tradicional Borde-tradicional Salsa-BBQ,"Imagina una mezcla de sabores frescos y hazla realidad con nuestro Combo VEG : pizza vegetariana con Garlic Knots y Coca Cola. ¡Pide ya la opción veggie, viene muy bien acompañada!",in stock,new,67900 COP,,https://www.papajohns.com.co/combo-veg-217/p?skuId=1782,https://papajohns.vteximg.com.br/arquivos/ids/159815-800-800/COMBO-VEG.jpg?v=639207819517900000,,Papa Johns,217,Pizzas > Promociones,"Food, Beverages & Tobacco > Food Items"
1783,Combo VEG - Familiar Masa-tradicional Borde-tradicional Salsa-Ranch,"Imagina una mezcla de sabores frescos y hazla realidad con nuestro Combo VEG : pizza vegetariana con Garlic Knots y Coca Cola. ¡Pide ya la opción veggie, viene muy bien acompañada!",in stock,new,67900 COP,,https://www.papajohns.com.co/combo-veg-217/p?skuId=1783,https://papajohns.vteximg.com.br/arquivos/ids/159689-800-800/COMBO-VEG.jpg?v=639207819429500000,,Papa Johns,217,Pizzas > Promociones,"Food, Beverages & Tobacco > Food Items"
2048,Combo VEG - Familiar Masa-tradicional Borde-queso Salsa-Pizza,"Imagina una mezcla de sabores frescos y hazla realidad con nuestro Combo VEG : pizza vegetariana con Garlic Knots y Coca Cola. ¡Pide ya la opción veggie, viene muy bien acompañada!",in stock,new,80800 COP,,https://www.papajohns.com.co/combo-veg-217/p?skuId=2048,https://papajohns.vteximg.com.br/arquivos/ids/159816-800-800/COMBO-VEG.jpg?v=639207819518830000,,Papa Johns,217,Pizzas > Promociones,"Food, Beverages & Tobacco > Food Items"
2049,Combo VEG - Familiar Masa-tradicional Borde-queso Salsa-BBQ,"Imagina una mezcla de sabores frescos y hazla realidad con nuestro Combo VEG : pizza vegetariana con Garlic Knots y Coca Cola. ¡Pide ya la opción veggie, viene muy bien acompañada!",in stock,new,80800 COP,,https://www.papajohns.com.co/combo-veg-217/p?skuId=2049,https://papajohns.vteximg.com.br/arquivos/ids/159817-800-800/COMBO-VEG.jpg?v=639207819518830000,,Papa Johns,217,Pizzas > Promociones,"Food, Beverages & Tobacco > Food Items"
2050,Combo VEG - Familiar Masa-tradicional Borde-queso Salsa-Ranch,"Imagina una mezcla de sabores frescos y hazla realidad con nuestro Combo VEG : pizza vegetariana con Garlic Knots y Coca Cola. ¡Pide ya la opción veggie, viene muy bien acompañada!",in stock,new,80800 COP,,https://www.papajohns.com.co/combo-veg-217/p?skuId=2050,https://papajohns.vteximg.com.br/arquivos/ids/159818-800-800/COMBO-VEG.jpg?v=639207819518830000,,Papa Johns,217,Pizzas > Promociones,"Food, Beverages & Tobacco > Food Items"
1778,Combo #1 - Mediana Masa-tradicional Borde-tradicional Salsa-Pizza,"¡Acéptalo! Todo lo que quieres es nuestro Combo Pizza #1 con Garlic Knots , tiene los ingredientes que te gustan y sabores únicos.",in stock,new,58900 COP,,https://www.papajohns.com.co/combo-1-216/p?skuId=1778,https://papajohns.vteximg.com.br/arquivos/ids/159779-800-800/COMBO--1.jpg?v=639207789465130000,,Papa Johns,216,Pizzas > Promociones,"Food, Beverages & Tobacco > Food Items"
1779,Combo #1 - Mediana Masa-tradicional Borde-tradicional Salsa-BBQ,"¡Acéptalo! Todo lo que quieres es nuestro Combo Pizza #1 con Garlic Knots , tiene los ingredientes que te gustan y sabores únicos.",in stock,new,58900 COP,,https://www.papajohns.com.co/combo-1-216/p?skuId=1779,https://papajohns.vteximg.com.br/arquivos/ids/159780-800-800/COMBO--1.jpg?v=639207789465300000,,Papa Johns,216,Pizzas > Promociones,"Food, Beverages & Tobacco > Food Items"
1780,Combo #1 - Mediana Masa-tradicional Borde-tradicional Salsa-Ranch,"¡Acéptalo! Todo lo que quieres es nuestro Combo Pizza #1 con Garlic Knots , tiene los ingredientes que te gustan y sabores únicos.",in stock,new,58900 COP,,https://www.papajohns.com.co/combo-1-216/p?skuId=1780,https://papajohns.vteximg.com.br/arquivos/ids/159676-800-800/COMBO--1.jpg?v=639207787086370000,,Papa Johns,216,Pizzas > Promociones,"Food, Beverages & Tobacco > Food Items"
2024,Combo #1 - Mediana Masa-tradicional Borde-queso Salsa-Pizza,"¡Acéptalo! Todo lo que quieres es nuestro Combo Pizza #1 con Garlic Knots , tiene los ingredientes que te gustan y sabores únicos.",in stock,new,71800 COP,,https://www.papajohns.com.co/combo-1-216/p?skuId=2024,https://papajohns.vteximg.com.br/arquivos/ids/159781-800-800/COMBO--1.jpg?v=639207789465900000,,Papa Johns,216,Pizzas > Promociones,"Food, Beverages & Tobacco > Food Items"
2025,Combo #1 - Mediana Masa-tradicional Borde-queso Salsa-BBQ,"¡Acéptalo! Todo lo que quieres es nuestro Combo Pizza #1 con Garlic Knots , tiene los ingredientes que te gustan y sabores únicos.",in stock,new,71800 COP,,https://www.papajohns.com.co/combo-1-216/p?skuId=2025,https://papajohns.vteximg.com.br/arquivos/ids/159782-800-800/COMBO--1.jpg?v=639207789466070000,,Papa Johns,216,Pizzas > Promociones,"Food, Beverages & Tobacco > Food Items"
2026,Combo #1 - Mediana Masa-tradicional Borde-queso Salsa-Ranch,"¡Acéptalo! Todo lo que quieres es nuestro Combo Pizza #1 con Garlic Knots , tiene los ingredientes que te gustan y sabores únicos.",in stock,new,71800 COP,,https://www.papajohns.com.co/combo-1-216/p?skuId=2026,https://papajohns.vteximg.com.br/arquivos/ids/159783-800-800/COMBO--1.jpg?v=639207789466370000,,Papa Johns,216,Pizzas > Promociones,"Food, Beverages & Tobacco > Food Items"
1775,Combo Individual - Personal Masa-tradicional Borde-tradicional Salsa-Pizza,"Entendemos que no siempre se puede compartir, por eso creamos el Combo pizza individual de Papa Johns , un antojo de Pepperoni Pizzazz y Coca Cola solo para los que saben.",in stock,new,32900 COP,,https://www.papajohns.com.co/combo-individual-215/p?skuId=1775,https://papajohns.vteximg.com.br/arquivos/ids/159678-800-800/COMBO INDIVIDUAL.jpg?v=639105773825000000,,Papa Johns,215,Pizzas > Promociones,"Food, Beverages & Tobacco > Food Items"
1776,Combo Individual - Personal Masa-tradicional Borde-tradicional Salsa-BBQ,"Entendemos que no siempre se puede compartir, por eso creamos el Combo pizza individual de Papa Johns , un antojo de Pepperoni Pizzazz y Coca Cola solo para los que saben.",in stock,new,32900 COP,,https://www.papajohns.com.co/combo-individual-215/p?skuId=1776,https://papajohns.vteximg.com.br/arquivos/ids/159679-800-800/COMBO INDIVIDUAL.jpg?v=639105773825630000,,Papa Johns,215,Pizzas > Promociones,"Food, Beverages & Tobacco > Food Items"
1777,Combo Individual - Personal Masa-tradicional Borde-tradicional Salsa-Ranch,"Entendemos que no siempre se puede compartir, por eso creamos el Combo pizza individual de Papa Johns , un antojo de Pepperoni Pizzazz y Coca Cola solo para los que saben.",in stock,new,32900 COP,,https://www.papajohns.com.co/combo-individual-215/p?skuId=1777,https://papajohns.vteximg.com.br/arquivos/ids/159680-800-800/COMBO INDIVIDUAL.jpg?v=639105773826100000,,Papa Johns,215,Pizzas > Promociones,"Food, Beverages & Tobacco > Food Items"
1772,Combo Origen - Familiar Masa-tradicional Borde-tradicional Salsa-Pizza,"Prueba hoy nuestro Combo Origen , exquisita pizza de Pollo y Champiñones acompañada de una refrescante Coca Cola Zero de 1.5L.",in stock,new,58900 COP,,https://www.papajohns.com.co/combo-origen-214/p?skuId=1772,https://papajohns.vteximg.com.br/arquivos/ids/159804-800-800/COMBO-ORIGEN.jpg?v=639207814215930000,,Papa Johns,214,Pizzas > Promociones,"Food, Beverages & Tobacco > Food Items"
1773,Combo Origen - Familiar Masa-tradicional Borde-tradicional Salsa-BBQ,"Prueba hoy nuestro Combo Origen , exquisita pizza de Pollo y Champiñones acompañada de una refrescante Coca Cola Zero de 1.5L.",in stock,new,58900 COP,,https://www.papajohns.com.co/combo-origen-214/p?skuId=1773,https://papajohns.vteximg.com.br/arquivos/ids/159805-800-800/COMBO-ORIGEN.jpg?v=639207814216230000,,Papa Johns,214,Pizzas > Promociones,"Food, Beverages & Tobacco > Food Items"
1774,Combo Origen - Familiar Masa-tradicional Borde-tradicional Salsa-Ranch,"Prueba hoy nuestro Combo Origen , exquisita pizza de Pollo y Champiñones acompañada de una refrescante Coca Cola Zero de 1.5L.",in stock,new,58900 COP,,https://www.papajohns.com.co/combo-origen-214/p?skuId=1774,https://papajohns.vteximg.com.br/arquivos/ids/159683-800-800/COMBO-ORIGEN.jpg?v=639207813507570000,,Papa Johns,214,Pizzas > Promociones,"Food, Beverages & Tobacco > Food Items"
2042,Combo Origen - Familiar Masa-tradicional Borde-queso Salsa-Pizza,"Prueba hoy nuestro Combo Origen , exquisita pizza de Pollo y Champiñones acompañada de una refrescante Coca Cola Zero de 1.5L.",in stock,new,71800 COP,,https://www.papajohns.com.co/combo-origen-214/p?skuId=2042,https://papajohns.vteximg.com.br/arquivos/ids/159806-800-800/COMBO-ORIGEN.jpg?v=639207814218400000,,Papa Johns,214,Pizzas > Promociones,"Food, Beverages & Tobacco > Food Items"
2043,Combo Origen - Familiar Masa-tradicional Borde-queso Salsa-BBQ,"Prueba hoy nuestro Combo Origen , exquisita pizza de Pollo y Champiñones acompañada de una refrescante Coca Cola Zero de 1.5L.",in stock,new,71800 COP,,https://www.papajohns.com.co/combo-origen-214/p?skuId=2043,https://papajohns.vteximg.com.br/arquivos/ids/159807-800-800/COMBO-ORIGEN.jpg?v=639207814218530000,,Papa Johns,214,Pizzas > Promociones,"Food, Beverages & Tobacco > Food Items"
2044,Combo Origen - Familiar Masa-tradicional Borde-queso Salsa-Ranch,"Prueba hoy nuestro Combo Origen , exquisita pizza de Pollo y Champiñones acompañada de una refrescante Coca Cola Zero de 1.5L.",in stock,new,71800 COP,,https://www.papajohns.com.co/combo-origen-214/p?skuId=2044,https://papajohns.vteximg.com.br/arquivos/ids/159808-800-800/COMBO-ORIGEN.jpg?v=639207814218700000,,Papa Johns,214,Pizzas > Promociones,"Food, Beverages & Tobacco > Food Items"
1769,Combo Tradicional - Mediana Masa-tradicional Borde-tradicional Salsa-Pizza,8 porciones de pizza Fundida con Jamón y un acompañante refrescante. El Combo Tradicional de Pizza y Coca Cola te da todo lo que quieres.,in stock,new,47900 COP,,https://www.papajohns.com.co/combo-tradicional-213/p?skuId=1769,https://papajohns.vteximg.com.br/arquivos/ids/159784-800-800/CMB-TRADICIONAL.jpg?v=639207795329300000,,Papa Johns,213,Pizzas > Promociones,"Food, Beverages & Tobacco > Food Items"
1770,Combo Tradicional - Mediana Masa-tradicional Borde-tradicional Salsa-BBQ,8 porciones de pizza Fundida con Jamón y un acompañante refrescante. El Combo Tradicional de Pizza y Coca Cola te da todo lo que quieres.,in stock,new,47900 COP,,https://www.papajohns.com.co/combo-tradicional-213/p?skuId=1770,https://papajohns.vteximg.com.br/arquivos/ids/159785-800-800/CMB-TRADICIONAL.jpg?v=639207795329630000,,Papa Johns,213,Pizzas > Promociones,"Food, Beverages & Tobacco > Food Items"
1771,Combo Tradicional - Mediana Masa-tradicional Borde-tradicional Salsa-Ranch,8 porciones de pizza Fundida con Jamón y un acompañante refrescante. El Combo Tradicional de Pizza y Coca Cola te da todo lo que quieres.,in stock,new,47900 COP,,https://www.papajohns.com.co/combo-tradicional-213/p?skuId=1771,https://papajohns.vteximg.com.br/arquivos/ids/159673-800-800/CMB-TRADICIONAL.jpg?v=639105772314030000,,Papa Johns,213,Pizzas > Promociones,"Food, Beverages & Tobacco > Food Items"
2030,Combo Tradicional - Mediana Masa-tradicional Borde-queso Salsa-Pizza,8 porciones de pizza Fundida con Jamón y un acompañante refrescante. El Combo Tradicional de Pizza y Coca Cola te da todo lo que quieres.,in stock,new,60800 COP,,https://www.papajohns.com.co/combo-tradicional-213/p?skuId=2030,https://papajohns.vteximg.com.br/arquivos/ids/159786-800-800/CMB-TRADICIONAL.jpg?v=639207795329930000,,Papa Johns,213,Pizzas > Promociones,"Food, Beverages & Tobacco > Food Items"
2031,Combo Tradicional - Mediana Masa-tradicional Borde-queso Salsa-BBQ,8 porciones de pizza Fundida con Jamón y un acompañante refrescante. El Combo Tradicional de Pizza y Coca Cola te da todo lo que quieres.,in stock,new,60800 COP,,https://www.papajohns.com.co/combo-tradicional-213/p?skuId=2031,https://papajohns.vteximg.com.br/arquivos/ids/159787-800-800/CMB-TRADICIONAL.jpg?v=639207795329930000,,Papa Johns,213,Pizzas > Promociones,"Food, Beverages & Tobacco > Food Items"
2032,Combo Tradicional - Mediana Masa-tradicional Borde-queso Salsa-Ranch,8 porciones de pizza Fundida con Jamón y un acompañante refrescante. El Combo Tradicional de Pizza y Coca Cola te da todo lo que quieres.,in stock,new,60800 COP,,https://www.papajohns.com.co/combo-tradicional-213/p?skuId=2032,https://papajohns.vteximg.com.br/arquivos/ids/159788-800-800/CMB-TRADICIONAL.jpg?v=639207795330100000,,Papa Johns,213,Pizzas > Promociones,"Food, Beverages & Tobacco > Food Items"
1384,Combo Lasagna Jamón - Fundido jamón,La combinación ideal para los amantes del buen sabor: Lasagna de Jamón con su toque cremoso y una Coca-Cola bien fría para refrescar tu momento.,in stock,new,37900 COP,,https://www.papajohns.com.co/combo-lasagna-de-jamon-195/p?skuId=1384,https://papajohns.vteximg.com.br/arquivos/ids/159628-800-800/Combo LASAGNA jamon VTEX actualizado MAR 26.jpg?v=639105743526330000,,Papa Johns,195,Lasagnas y Pastas > Combo Lasagnas y Pastas,"Food, Beverages & Tobacco > Food Items"
1296,Combo para Parchar - Familiar Masa-tradicional Borde-tradicional Salsa-Pizza,"Combo para parchar: pizza Papas Favorite y cerveza Club Colombia . Tu compañero perfecto para momentos llenos de risas, películas o una buena compañía.",in stock,new,92900 COP,,https://www.papajohns.com.co/combo-para-parchar-171/p?skuId=1296,https://papajohns.vteximg.com.br/arquivos/ids/159829-800-800/Combo-pa-parchar-VTEX-actualizado-MAR-26.jpg?v=639207843041000000,,Papa Johns,171,Pizzas > Promociones,"Food, Beverages & Tobacco > Food Items"
1297,Combo para Parchar - Familiar Masa-tradicional Borde-tradicional Salsa-BBQ,"Combo para parchar: pizza Papas Favorite y cerveza Club Colombia . Tu compañero perfecto para momentos llenos de risas, películas o una buena compañía.",in stock,new,92900 COP,,https://www.papajohns.com.co/combo-para-parchar-171/p?skuId=1297,https://papajohns.vteximg.com.br/arquivos/ids/159830-800-800/Combo-pa-parchar-VTEX-actualizado-MAR-26.jpg?v=639207843041300000,,Papa Johns,171,Pizzas > Promociones,"Food, Beverages & Tobacco > Food Items"
1298,Combo para Parchar - Familiar Masa-tradicional Borde-tradicional Salsa-Ranch,"Combo para parchar: pizza Papas Favorite y cerveza Club Colombia . Tu compañero perfecto para momentos llenos de risas, películas o una buena compañía.",in stock,new,92900 COP,,https://www.papajohns.com.co/combo-para-parchar-171/p?skuId=1298,https://papajohns.vteximg.com.br/arquivos/ids/159647-800-800/Combo-pa-parchar-VTEX-actualizado-MAR-26.jpg?v=639156915421100000,,Papa Johns,171,Pizzas > Promociones,"Food, Beverages & Tobacco > Food Items"
2051,Combo para Parchar - Familiar Masa-tradicional Borde-queso Salsa-Pizza,"Combo para parchar: pizza Papas Favorite y cerveza Club Colombia . Tu compañero perfecto para momentos llenos de risas, películas o una buena compañía.",in stock,new,107300 COP,,https://www.papajohns.com.co/combo-para-parchar-171/p?skuId=2051,https://papajohns.vteximg.com.br/arquivos/ids/159831-800-800/Combo-pa-parchar-VTEX-actualizado-MAR-26.jpg?v=639207843044600000,,Papa Johns,171,Pizzas > Promociones,"Food, Beverages & Tobacco > Food Items"
2052,Combo para Parchar - Familiar Masa-tradicional Borde-queso Salsa-BBQ,"Combo para parchar: pizza Papas Favorite y cerveza Club Colombia . Tu compañero perfecto para momentos llenos de risas, películas o una buena compañía.",in stock,new,107300 COP,,https://www.papajohns.com.co/combo-para-parchar-171/p?skuId=2052,https://papajohns.vteximg.com.br/arquivos/ids/159832-800-800/Combo-pa-parchar-VTEX-actualizado-MAR-26.jpg?v=639207843044770000,,Papa Johns,171,Pizzas > Promociones,"Food, Beverages & Tobacco > Food Items"
2053,Combo para Parchar - Familiar Masa-tradicional Borde-queso Salsa-Ranch,"Combo para parchar: pizza Papas Favorite y cerveza Club Colombia . Tu compañero perfecto para momentos llenos de risas, películas o una buena compañía.",in stock,new,107300 COP,,https://www.papajohns.com.co/combo-para-parchar-171/p?skuId=2053,https://papajohns.vteximg.com.br/arquivos/ids/159833-800-800/Combo-pa-parchar-VTEX-actualizado-MAR-26.jpg?v=639207843044900000,,Papa Johns,171,Pizzas > Promociones,"Food, Beverages & Tobacco > Food Items"
550,Pizza copa - Extra-Pizza copa,La pizza copa de Papa Johns es el acompañamiento hecho para esos momentos en los que compartir es la clave.,in stock,new,3900 COP,,https://www.papajohns.com.co/pizza-copa-41/p?skuId=550,https://papajohns.vteximg.com.br/arquivos/ids/157493-800-800/PIZZA-COPA.jpg.jpg?v=639008908551830000,,Papa Johns,41,Extras,"Food, Beverages & Tobacco > Food Items"
1664,Pizza copa - Extra-Pizza copa,La pizza copa de Papa Johns es el acompañamiento hecho para esos momentos en los que compartir es la clave.,in stock,new,3900 COP,,https://www.papajohns.com.co/pizza-copa-41/p?skuId=1664,https://papajohns.vteximg.com.br/arquivos/ids/158608-800-800/PIZZA-COPA.jpg.jpg?v=639008909802070000,,Papa Johns,41,Extras,"Food, Beverages & Tobacco > Food Items"
240,Pizza Pollo BBQ - Familiar Masa-tradicional Borde-tradicional Salsa-BBQ,"Crocante, suave, que estira, a la parrilla, perfecta. Emociónate con nuestras Pizza Pollo BBQ , tienen todas sus características en el punto exacto.",in stock,new,61500 COP,,https://www.papajohns.com.co/pollo-bbq-11/p?skuId=240,https://papajohns.vteximg.com.br/arquivos/ids/158269-800-800/POLLO-BBQ.jpg.jpg?v=639008861013770000,,Papa Johns,11,Pizzas > Pizzas prearmadas > Pizzas Insignia,"Food, Beverages & Tobacco > Food Items"
1548,Pizza Pollo BBQ - Familiar Masa-tradicional Borde-tradicional Salsa-BBQ,"Crocante, suave, que estira, a la parrilla, perfecta. Emociónate con nuestras Pizza Pollo BBQ , tienen todas sus características en el punto exacto.",in stock,new,57300 COP,,https://www.papajohns.com.co/pollo-bbq-11/p?skuId=1548,https://papajohns.vteximg.com.br/arquivos/ids/159300-800-800/POLLO-BBQ.jpg.jpg?v=639101308727000000,,Papa Johns,11,Pizzas > Pizzas prearmadas > Pizzas Insignia,"Food, Beverages & Tobacco > Food Items"
237,Pizza Pollo BBQ - Mediana Masa-tradicional Borde-tradicional Salsa-Pizza,"Crocante, suave, que estira, a la parrilla, perfecta. Emociónate con nuestras Pizza Pollo BBQ , tienen todas sus características en el punto exacto.",in stock,new,50500 COP,,https://www.papajohns.com.co/pollo-bbq-11/p?skuId=237,https://papajohns.vteximg.com.br/arquivos/ids/159276-800-800/POLLO-BBQ.jpg.jpg?v=639101308722600000,,Papa Johns,11,Pizzas > Pizzas prearmadas > Pizzas Insignia,"Food, Beverages & Tobacco > Food Items"
1546,Pizza Pollo BBQ - Mediana Masa-tradicional Borde-tradicional Salsa-Pizza,"Crocante, suave, que estira, a la parrilla, perfecta. Emociónate con nuestras Pizza Pollo BBQ , tienen todas sus características en el punto exacto.",in stock,new,46300 COP,,https://www.papajohns.com.co/pollo-bbq-11/p?skuId=1546,https://papajohns.vteximg.com.br/arquivos/ids/159298-800-800/POLLO-BBQ.jpg.jpg?v=639101308726500000,,Papa Johns,11,Pizzas > Pizzas prearmadas > Pizzas Insignia,"Food, Beverages & Tobacco > Food Items"
236,Pizza Pollo BBQ - Mediana Masa-radicional Borde-tradicional Salsa-BBQ,"Crocante, suave, que estira, a la parrilla, perfecta. Emociónate con nuestras Pizza Pollo BBQ , tienen todas sus características en el punto exacto.",in stock,new,50500 COP,,https://www.papajohns.com.co/pollo-bbq-11/p?skuId=236,https://papajohns.vteximg.com.br/arquivos/ids/159274-800-800/POLLO-BBQ.jpg.jpg?v=639101308722130000,,Papa Johns,11,Pizzas > Pizzas prearmadas > Pizzas Insignia,"Food, Beverages & Tobacco > Food Items"
1945,Pizza Pollo BBQ - Mediana Masa-tradicional Borde-queso Salsa-Pizza,"Crocante, suave, que estira, a la parrilla, perfecta. Emociónate con nuestras Pizza Pollo BBQ , tienen todas sus características en el punto exacto.",in stock,new,64700 COP,,https://www.papajohns.com.co/pollo-bbq-11/p?skuId=1945,https://papajohns.vteximg.com.br/arquivos/ids/159265-800-800/POLLO-BBQ.jpg.jpg?v=639101308720500000,,Papa Johns,11,Pizzas > Pizzas prearmadas > Pizzas Insignia,"Food, Beverages & Tobacco > Food Items"
1946,Pizza Pollo BBQ - Mediana Masa-tradicional Borde-queso Salsa-BBQ,"Crocante, suave, que estira, a la parrilla, perfecta. Emociónate con nuestras Pizza Pollo BBQ , tienen todas sus características en el punto exacto.",in stock,new,64700 COP,,https://www.papajohns.com.co/pollo-bbq-11/p?skuId=1946,https://papajohns.vteximg.com.br/arquivos/ids/159266-800-800/POLLO-BBQ.jpg.jpg?v=639101308720870000,,Papa Johns,11,Pizzas > Pizzas prearmadas > Pizzas Insignia,"Food, Beverages & Tobacco > Food Items"
1947,Pizza Pollo BBQ - Mediana Masa-tradicional Borde-queso Salsa-Ranch,"Crocante, suave, que estira, a la parrilla, perfecta. Emociónate con nuestras Pizza Pollo BBQ , tienen todas sus características en el punto exacto.",in stock,new,64700 COP,,https://www.papajohns.com.co/pollo-bbq-11/p?skuId=1947,https://papajohns.vteximg.com.br/arquivos/ids/159267-800-800/POLLO-BBQ.jpg.jpg?v=639101308721000000,,Papa Johns,11,Pizzas > Pizzas prearmadas > Pizzas Insignia,"Food, Beverages & Tobacco > Food Items"
1948,Pizza Pollo BBQ - Mediana Masa-tradicional Borde-queso Salsa-Pizza,"Crocante, suave, que estira, a la parrilla, perfecta. Emociónate con nuestras Pizza Pollo BBQ , tienen todas sus características en el punto exacto.",in stock,new,59200 COP,,https://www.papajohns.com.co/pollo-bbq-11/p?skuId=1948,https://papajohns.vteximg.com.br/arquivos/ids/159268-800-800/POLLO-BBQ.jpg.jpg?v=639101308721170000,,Papa Johns,11,Pizzas > Pizzas prearmadas > Pizzas Insignia,"Food, Beverages & Tobacco > Food Items"
1949,Pizza Pollo BBQ - Mediana Masa-tradicional Borde-queso Salsa-BBQ,"Crocante, suave, que estira, a la parrilla, perfecta. Emociónate con nuestras Pizza Pollo BBQ , tienen todas sus características en el punto exacto.",in stock,new,59200 COP,,https://www.papajohns.com.co/pollo-bbq-11/p?skuId=1949,https://papajohns.vteximg.com.br/arquivos/ids/159269-800-800/POLLO-BBQ.jpg.jpg?v=639101308721170000,,Papa Johns,11,Pizzas > Pizzas prearmadas > Pizzas Insignia,"Food, Beverages & Tobacco > Food Items"
1950,Pizza Pollo BBQ - Mediana Masa-tradicional Borde-queso Salsa-Ranch,"Crocante, suave, que estira, a la parrilla, perfecta. Emociónate con nuestras Pizza Pollo BBQ , tienen todas sus características en el punto exacto.",in stock,new,59200 COP,,https://www.papajohns.com.co/pollo-bbq-11/p?skuId=1950,https://papajohns.vteximg.com.br/arquivos/ids/159270-800-800/POLLO-BBQ.jpg.jpg?v=639101308721330000,,Papa Johns,11,Pizzas > Pizzas prearmadas > Pizzas Insignia,"Food, Beverages & Tobacco > Food Items"
232,Pizza Pollo BBQ - Personal Masa-tradicional Borde-tradicional Salsa-BBQ,"Crocante, suave, que estira, a la parrilla, perfecta. Emociónate con nuestras Pizza Pollo BBQ , tienen todas sus características en el punto exacto.",in stock,new,36500 COP,,https://www.papajohns.com.co/pollo-bbq-11/p?skuId=232,https://papajohns.vteximg.com.br/arquivos/ids/159271-800-800/POLLO-BBQ.jpg.jpg?v=639101308721500000,,Papa Johns,11,Pizzas > Pizzas prearmadas > Pizzas Insignia,"Food, Beverages & Tobacco > Food Items"
233,Pizza Pollo BBQ - Personal Masa-tradicional Borde-tradicional Salsa-Pizza,"Crocante, suave, que estira, a la parrilla, perfecta. Emociónate con nuestras Pizza Pollo BBQ , tienen todas sus características en el punto exacto.",in stock,new,36500 COP,,https://www.papajohns.com.co/pollo-bbq-11/p?skuId=233,https://papajohns.vteximg.com.br/arquivos/ids/159272-800-800/POLLO-BBQ.jpg.jpg?v=639101308721630000,,Papa Johns,11,Pizzas > Pizzas prearmadas > Pizzas Insignia,"Food, Beverages & Tobacco > Food Items"
238,Pizza Pollo BBQ - Mediana Masa-tradicional Borde-tradicional Salsa-Ranch,"Crocante, suave, que estira, a la parrilla, perfecta. Emociónate con nuestras Pizza Pollo BBQ , tienen todas sus características en el punto exacto.",in stock,new,50500 COP,,https://www.papajohns.com.co/pollo-bbq-11/p?skuId=238,https://papajohns.vteximg.com.br/arquivos/ids/159275-800-800/POLLO-BBQ.jpg.jpg?v=639101308722300000,,Papa Johns,11,Pizzas > Pizzas prearmadas > Pizzas Insignia,"Food, Beverages & Tobacco > Food Items"
242,Pizza Pollo BBQ - Familiar Masa-tradicional Borde-tradicional Salsa-Ranch,"Crocante, suave, que estira, a la parrilla, perfecta. Emociónate con nuestras Pizza Pollo BBQ , tienen todas sus características en el punto exacto.",in stock,new,61500 COP,,https://www.papajohns.com.co/pollo-bbq-11/p?skuId=242,https://papajohns.vteximg.com.br/arquivos/ids/159278-800-800/POLLO-BBQ.jpg.jpg?v=639101308722930000,,Papa Johns,11,Pizzas > Pizzas prearmadas > Pizzas Insignia,"Food, Beverages & Tobacco > Food Items"
241,Pizza Pollo BBQ - Familiar Masa-tradicional Borde-tradicional Salsa-Pizza,"Crocante, suave, que estira, a la parrilla, perfecta. Emociónate con nuestras Pizza Pollo BBQ , tienen todas sus características en el punto exacto.",in stock,new,61500 COP,,https://www.papajohns.com.co/pollo-bbq-11/p?skuId=241,https://papajohns.vteximg.com.br/arquivos/ids/159279-800-800/POLLO-BBQ.jpg.jpg?v=639101308723130000,,Papa Johns,11,Pizzas > Pizzas prearmadas > Pizzas Insignia,"Food, Beverages & Tobacco > Food Items"
244,Pizza Pollo BBQ - Familiar Masa-tradicional Borde-queso Salsa-BBQ,"Crocante, suave, que estira, a la parrilla, perfecta. Emociónate con nuestras Pizza Pollo BBQ , tienen todas sus características en el punto exacto.",in stock,new,75900 COP,,https://www.papajohns.com.co/pollo-bbq-11/p?skuId=244,https://papajohns.vteximg.com.br/arquivos/ids/159281-800-800/POLLO-BBQ.jpg.jpg?v=639101308723430000,,Papa Johns,11,Pizzas > Pizzas prearmadas > Pizzas Insignia,"Food, Beverages & Tobacco > Food Items"
246,Pizza Pollo BBQ - Familiar Masa-tradicional Borde-queso Salsa-Ranch,"Crocante, suave, que estira, a la parrilla, perfecta. Emociónate con nuestras Pizza Pollo BBQ , tienen todas sus características en el punto exacto.",in stock,new,75900 COP,,https://www.papajohns.com.co/pollo-bbq-11/p?skuId=246,https://papajohns.vteximg.com.br/arquivos/ids/159282-800-800/POLLO-BBQ.jpg.jpg?v=639101308723600000,,Papa Johns,11,Pizzas > Pizzas prearmadas > Pizzas Insignia,"Food, Beverages & Tobacco > Food Items"
245,Pizza Pollo BBQ - Familiar Masa-tradicional Borde-queso Salsa-Pizza,"Crocante, suave, que estira, a la parrilla, perfecta. Emociónate con nuestras Pizza Pollo BBQ , tienen todas sus características en el punto exacto.",in stock,new,75900 COP,,https://www.papajohns.com.co/pollo-bbq-11/p?skuId=245,https://papajohns.vteximg.com.br/arquivos/ids/159283-800-800/POLLO-BBQ.jpg.jpg?v=639101308723730000,,Papa Johns,11,Pizzas > Pizzas prearmadas > Pizzas Insignia,"Food, Beverages & Tobacco > Food Items"
252,Pizza Pollo BBQ - Mega familar Masa-tradicional Borde-tradicional Salsa-BBQ,"Crocante, suave, que estira, a la parrilla, perfecta. Emociónate con nuestras Pizza Pollo BBQ , tienen todas sus características en el punto exacto.",in stock,new,70500 COP,,https://www.papajohns.com.co/pollo-bbq-11/p?skuId=252,https://papajohns.vteximg.com.br/arquivos/ids/159289-800-800/POLLO-BBQ.jpg.jpg?v=639101308724870000,,Papa Johns,11,Pizzas > Pizzas prearmadas > Pizzas Insignia,"Food, Beverages & Tobacco > Food Items"
254,Pizza Pollo BBQ - Mega familar Masa-tradicional Borde-tradicional Salsa-Ranch,"Crocante, suave, que estira, a la parrilla, perfecta. Emociónate con nuestras Pizza Pollo BBQ , tienen todas sus características en el punto exacto.",in stock,new,70500 COP,,https://www.papajohns.com.co/pollo-bbq-11/p?skuId=254,https://papajohns.vteximg.com.br/arquivos/ids/159290-800-800/POLLO-BBQ.jpg.jpg?v=639101308725030000,,Papa Johns,11,Pizzas > Pizzas prearmadas > Pizzas Insignia,"Food, Beverages & Tobacco > Food Items"
253,Pizza Pollo BBQ - Mega familar Masa-tradicional Borde-tradicional Salsa-Pizza,"Crocante, suave, que estira, a la parrilla, perfecta. Emociónate con nuestras Pizza Pollo BBQ , tienen todas sus características en el punto exacto.",in stock,new,70500 COP,,https://www.papajohns.com.co/pollo-bbq-11/p?skuId=253,https://papajohns.vteximg.com.br/arquivos/ids/159291-800-800/POLLO-BBQ.jpg.jpg?v=639101308725200000,,Papa Johns,11,Pizzas > Pizzas prearmadas > Pizzas Insignia,"Food, Beverages & Tobacco > Food Items"
234,Pizza Pollo BBQ - Personal Masa-tradicional Borde-tradicional Salsa-Ranch,"Crocante, suave, que estira, a la parrilla, perfecta. Emociónate con nuestras Pizza Pollo BBQ , tienen todas sus características en el punto exacto.",in stock,new,36500 COP,,https://www.papajohns.com.co/pollo-bbq-11/p?skuId=234,https://papajohns.vteximg.com.br/arquivos/ids/159293-800-800/POLLO-BBQ.jpg.jpg?v=639101308725530000,,Papa Johns,11,Pizzas > Pizzas prearmadas > Pizzas Insignia,"Food, Beverages & Tobacco > Food Items"
1542,Pizza Pollo BBQ - Personal Masa-tradicional Borde-tradicional Salsa-BBQ,"Crocante, suave, que estira, a la parrilla, perfecta. Emociónate con nuestras Pizza Pollo BBQ , tienen todas sus características en el punto exacto.",in stock,new,32300 COP,,https://www.papajohns.com.co/pollo-bbq-11/p?skuId=1542,https://papajohns.vteximg.com.br/arquivos/ids/159294-800-800/POLLO-BBQ.jpg.jpg?v=639101308725870000,,Papa Johns,11,Pizzas > Pizzas prearmadas > Pizzas Insignia,"Food, Beverages & Tobacco > Food Items"
1543,Pizza Pollo BBQ - Personal Masa-tradicional Borde-tradicional Salsa-Pizza,"Crocante, suave, que estira, a la parrilla, perfecta. Emociónate con nuestras Pizza Pollo BBQ , tienen todas sus características en el punto exacto.",in stock,new,32300 COP,,https://www.papajohns.com.co/pollo-bbq-11/p?skuId=1543,https://papajohns.vteximg.com.br/arquivos/ids/159295-800-800/POLLO-BBQ.jpg.jpg?v=639101308726000000,,Papa Johns,11,Pizzas > Pizzas prearmadas > Pizzas Insignia,"Food, Beverages & Tobacco > Food Items"
1544,Pizza Pollo BBQ - Personal Masa-tradicional Borde-tradicional Salsa-Ranch,"Crocante, suave, que estira, a la parrilla, perfecta. Emociónate con nuestras Pizza Pollo BBQ , tienen todas sus características en el punto exacto.",in stock,new,32300 COP,,https://www.papajohns.com.co/pollo-bbq-11/p?skuId=1544,https://papajohns.vteximg.com.br/arquivos/ids/159296-800-800/POLLO-BBQ.jpg.jpg?v=639101308726170000,,Papa Johns,11,Pizzas > Pizzas prearmadas > Pizzas Insignia,"Food, Beverages & Tobacco > Food Items"
1545,Pizza Pollo BBQ - Mediana Masa-tradicional Borde-tradicional Salsa-BBQ,"Crocante, suave, que estira, a la parrilla, perfecta. Emociónate con nuestras Pizza Pollo BBQ , tienen todas sus características en el punto exacto.",in stock,new,46300 COP,,https://www.papajohns.com.co/pollo-bbq-11/p?skuId=1545,https://papajohns.vteximg.com.br/arquivos/ids/159297-800-800/POLLO-BBQ.jpg.jpg?v=639101308726330000,,Papa Johns,11,Pizzas > Pizzas prearmadas > Pizzas Insignia,"Food, Beverages & Tobacco > Food Items"
1547,Pizza Pollo BBQ - Mediana Masa-tradicional Borde-tradicional Salsa-Ranch,"Crocante, suave, que estira, a la parrilla, perfecta. Emociónate con nuestras Pizza Pollo BBQ , tienen todas sus características en el punto exacto.",in stock,new,46300 COP,,https://www.papajohns.com.co/pollo-bbq-11/p?skuId=1547,https://papajohns.vteximg.com.br/arquivos/ids/159299-800-800/POLLO-BBQ.jpg.jpg?v=639101308726670000,,Papa Johns,11,Pizzas > Pizzas prearmadas > Pizzas Insignia,"Food, Beverages & Tobacco > Food Items"
1549,Pizza Pollo BBQ - Familiar Masa-tradicional Borde-tradicional Salsa-Pizza,"Crocante, suave, que estira, a la parrilla, perfecta. Emociónate con nuestras Pizza Pollo BBQ , tienen todas sus características en el punto exacto.",in stock,new,57300 COP,,https://www.papajohns.com.co/pollo-bbq-11/p?skuId=1549,https://papajohns.vteximg.com.br/arquivos/ids/159301-800-800/POLLO-BBQ.jpg.jpg?v=639101308727130000,,Papa Johns,11,Pizzas > Pizzas prearmadas > Pizzas Insignia,"Food, Beverages & Tobacco > Food Items"
1550,Pizza Pollo BBQ - Familiar Masa-tradicional Borde-tradicional Salsa-Ranch,"Crocante, suave, que estira, a la parrilla, perfecta. Emociónate con nuestras Pizza Pollo BBQ , tienen todas sus características en el punto exacto.",in stock,new,57300 COP,,https://www.papajohns.com.co/pollo-bbq-11/p?skuId=1550,https://papajohns.vteximg.com.br/arquivos/ids/159302-800-800/POLLO-BBQ.jpg.jpg?v=639101308727300000,,Papa Johns,11,Pizzas > Pizzas prearmadas > Pizzas Insignia,"Food, Beverages & Tobacco > Food Items"
1551,Pizza Pollo BBQ - Familiar Masa-tradicional Borde-queso Salsa-BBQ,"Crocante, suave, que estira, a la parrilla, perfecta. Emociónate con nuestras Pizza Pollo BBQ , tienen todas sus características en el punto exacto.",in stock,new,70200 COP,,https://www.papajohns.com.co/pollo-bbq-11/p?skuId=1551,https://papajohns.vteximg.com.br/arquivos/ids/159303-800-800/POLLO-BBQ.jpg.jpg?v=639101308727500000,,Papa Johns,11,Pizzas > Pizzas prearmadas > Pizzas Insignia,"Food, Beverages & Tobacco > Food Items"
1552,Pizza Pollo BBQ - Familiar Masa-tradicional Borde-queso Salsa-Pizza,"Crocante, suave, que estira, a la parrilla, perfecta. Emociónate con nuestras Pizza Pollo BBQ , tienen todas sus características en el punto exacto.",in stock,new,70200 COP,,https://www.papajohns.com.co/pollo-bbq-11/p?skuId=1552,https://papajohns.vteximg.com.br/arquivos/ids/159304-800-800/POLLO-BBQ.jpg.jpg?v=639101308727670000,,Papa Johns,11,Pizzas > Pizzas prearmadas > Pizzas Insignia,"Food, Beverages & Tobacco > Food Items"
1553,Pizza Pollo BBQ - Familiar Masa-tradicional Borde-queso Salsa-Ranch,"Crocante, suave, que estira, a la parrilla, perfecta. Emociónate con nuestras Pizza Pollo BBQ , tienen todas sus características en el punto exacto.",in stock,new,70200 COP,,https://www.papajohns.com.co/pollo-bbq-11/p?skuId=1553,https://papajohns.vteximg.com.br/arquivos/ids/159305-800-800/POLLO-BBQ.jpg.jpg?v=639101308727800000,,Papa Johns,11,Pizzas > Pizzas prearmadas > Pizzas Insignia,"Food, Beverages & Tobacco > Food Items"
1554,Pizza Pollo BBQ - Mega familar Masa-tradicional Borde-tradicional Salsa-BBQ,"Crocante, suave, que estira, a la parrilla, perfecta. Emociónate con nuestras Pizza Pollo BBQ , tienen todas sus características en el punto exacto.",in stock,new,66300 COP,,https://www.papajohns.com.co/pollo-bbq-11/p?skuId=1554,https://papajohns.vteximg.com.br/arquivos/ids/159306-800-800/POLLO-BBQ.jpg.jpg?v=639101308727970000,,Papa Johns,11,Pizzas > Pizzas prearmadas > Pizzas Insignia,"Food, Beverages & Tobacco > Food Items"
1555,Pizza Pollo BBQ - Mega familar Masa-tradicional Borde-tradicional Salsa-Pizza,"Crocante, suave, que estira, a la parrilla, perfecta. Emociónate con nuestras Pizza Pollo BBQ , tienen todas sus características en el punto exacto.",in stock,new,66300 COP,,https://www.papajohns.com.co/pollo-bbq-11/p?skuId=1555,https://papajohns.vteximg.com.br/arquivos/ids/159307-800-800/POLLO-BBQ.jpg.jpg?v=639101308728270000,,Papa Johns,11,Pizzas > Pizzas prearmadas > Pizzas Insignia,"Food, Beverages & Tobacco > Food Items"
1556,Pizza Pollo BBQ - Mega familar Masa-tradicional Borde-tradicional Salsa-Ranch,"Crocante, suave, que estira, a la parrilla, perfecta. Emociónate con nuestras Pizza Pollo BBQ , tienen todas sus características en el punto exacto.",in stock,new,66300 COP,,https://www.papajohns.com.co/pollo-bbq-11/p?skuId=1556,https://papajohns.vteximg.com.br/arquivos/ids/159308-800-800/POLLO-BBQ.jpg.jpg?v=639101308728470000,,Papa Johns,11,Pizzas > Pizzas prearmadas > Pizzas Insignia,"Food, Beverages & Tobacco > Food Items"
1383,Combo Lasagna The Works,Sabor irresistible en cada capa: disfruta nuestra Lasagna The Works con una Coca-Cola. ¡La mejor combinación para un antojo perfecto!,in stock,new,39900 COP,,https://www.papajohns.com.co/combo-lasagna-the-works-194/p?skuId=1383,https://papajohns.vteximg.com.br/arquivos/ids/159632-800-800/Combo-LASAGNA-the-works-VTEX-actualizado-MAR-26.jpg?v=639239088176200000,,Papa Johns,194,Lasagnas y Pastas > Combo Lasagnas y Pastas,"Food, Beverages & Tobacco > Food Items"
1341,Lasagna de jamón - Fundido jamón,"Deléitate con nuestra Lasagna de Jamón, preparada con salsa pizza y bechamel, capas de pasta y jamón. Acompañada de dos knots de pan recién horneados. ¡Sabor simple y delicioso en cada bocado!",in stock,new,35500 COP,,https://www.papajohns.com.co/lasagna-183/p?skuId=1341,https://papajohns.vteximg.com.br/arquivos/ids/157836-800-800/FUNDIDA-JAMON.jpg.jpg?v=638845298064600000,,Papa Johns,183,Lasagnas y Pastas,"Food, Beverages & Tobacco > Food Items"
1806,Lasagna de jamón - Fundido jamón,"Deléitate con nuestra Lasagna de Jamón, preparada con salsa pizza y bechamel, capas de pasta y jamón. Acompañada de dos knots de pan recién horneados. ¡Sabor simple y delicioso en cada bocado!",in stock,new,32400 COP,,https://www.papajohns.com.co/lasagna-183/p?skuId=1806,https://papajohns.vteximg.com.br/arquivos/ids/158779-800-800/FUNDIDA-JAMON.jpg.jpg?v=639008981751370000,,Papa Johns,183,Lasagnas y Pastas,"Food, Beverages & Tobacco > Food Items"
1252,Combo Tradicional - Mediana Masa-tradicional Borde-tradicional Salsa-Pizza,8 porciones de pizza Fundida con Jamón y un acompañante refrescante. El Combo Tradicional de Pizza y Coca Cola te da todo lo que quieres.,in stock,new,50900 COP,,https://www.papajohns.com.co/combo-tradicional-154/p?skuId=1252,https://papajohns.vteximg.com.br/arquivos/ids/159789-800-800/Combo-tradicional-VTEX-actualizado-MAR-26.jpg?v=639207800824230000,,Papa Johns,154,Pizzas > Promociones,"Food, Beverages & Tobacco > Food Items"
1253,Combo Tradicional - Mediana Masa-tradicional Borde-tradicional Salsa-BBQ,8 porciones de pizza Fundida con Jamón y un acompañante refrescante. El Combo Tradicional de Pizza y Coca Cola te da todo lo que quieres.,in stock,new,50900 COP,,https://www.papajohns.com.co/combo-tradicional-154/p?skuId=1253,https://papajohns.vteximg.com.br/arquivos/ids/159790-800-800/Combo-tradicional-VTEX-actualizado-MAR-26.jpg?v=639207800824530000,,Papa Johns,154,Pizzas > Promociones,"Food, Beverages & Tobacco > Food Items"
1254,Combo Tradicional - Mediana Masa-tradicional Borde-tradicional Salsa-Ranch,8 porciones de pizza Fundida con Jamón y un acompañante refrescante. El Combo Tradicional de Pizza y Coca Cola te da todo lo que quieres.,in stock,new,50900 COP,,https://www.papajohns.com.co/combo-tradicional-154/p?skuId=1254,https://papajohns.vteximg.com.br/arquivos/ids/159664-800-800/Combo-tradicional-VTEX-actualizado-MAR-26.jpg?v=639207800824830000,,Papa Johns,154,Pizzas > Promociones,"Food, Beverages & Tobacco > Food Items"
2027,Combo Tradicional - Mediana Masa-tradicional Borde-queso Salsa-Pizza,8 porciones de pizza Fundida con Jamón y un acompañante refrescante. El Combo Tradicional de Pizza y Coca Cola te da todo lo que quieres.,in stock,new,65300 COP,,https://www.papajohns.com.co/combo-tradicional-154/p?skuId=2027,https://papajohns.vteximg.com.br/arquivos/ids/159791-800-800/Combo-tradicional-VTEX-actualizado-MAR-26.jpg?v=639207800825000000,,Papa Johns,154,Pizzas > Promociones,"Food, Beverages & Tobacco > Food Items"
2028,Combo Tradicional - Mediana Masa-tradicional Borde-queso Salsa-BBQ,8 porciones de pizza Fundida con Jamón y un acompañante refrescante. El Combo Tradicional de Pizza y Coca Cola te da todo lo que quieres.,in stock,new,65300 COP,,https://www.papajohns.com.co/combo-tradicional-154/p?skuId=2028,https://papajohns.vteximg.com.br/arquivos/ids/159792-800-800/Combo-tradicional-VTEX-actualizado-MAR-26.jpg?v=639207800825170000,,Papa Johns,154,Pizzas > Promociones,"Food, Beverages & Tobacco > Food Items"
2029,Combo Tradicional - Mediana Masa-tradicional Borde-queso Salsa-Ranch,8 porciones de pizza Fundida con Jamón y un acompañante refrescante. El Combo Tradicional de Pizza y Coca Cola te da todo lo que quieres.,in stock,new,65300 COP,,https://www.papajohns.com.co/combo-tradicional-154/p?skuId=2029,https://papajohns.vteximg.com.br/arquivos/ids/159793-800-800/Combo-tradicional-VTEX-actualizado-MAR-26.jpg?v=639207800825300000,,Papa Johns,154,Pizzas > Promociones,"Food, Beverages & Tobacco > Food Items"
595,Papasticks - Salsa Pizza,"1, 2, 3, 4, 5… ¿Cuántos Papasticks recién horneadas quieres hoy? Elige tu salsa favorita y suma nuevas sensaciones a tus momentos.",in stock,new,32900 COP,,https://www.papajohns.com.co/papasticks-69/p?skuId=595,https://papajohns.vteximg.com.br/arquivos/ids/157863-800-800/PAPASTICKS-GRANDE.jpg.jpg?v=639008888507400000,,Papa Johns,69,Acompañamientos > Palitos,"Food, Beverages & Tobacco > Food Items"
596,Papasticks - Salsa Ajo,"1, 2, 3, 4, 5… ¿Cuántos Papasticks recién horneadas quieres hoy? Elige tu salsa favorita y suma nuevas sensaciones a tus momentos.",in stock,new,32900 COP,,https://www.papajohns.com.co/papasticks-69/p?skuId=596,https://papajohns.vteximg.com.br/arquivos/ids/158467-800-800/PAPASTICKS-GRANDE.jpg.jpg?v=639008888507700000,,Papa Johns,69,Acompañamientos > Palitos,"Food, Beverages & Tobacco > Food Items"
1697,Papasticks - Salsa Pizza,"1, 2, 3, 4, 5… ¿Cuántos Papasticks recién horneadas quieres hoy? Elige tu salsa favorita y suma nuevas sensaciones a tus momentos.",in stock,new,29800 COP,,https://www.papajohns.com.co/papasticks-69/p?skuId=1697,https://papajohns.vteximg.com.br/arquivos/ids/158469-800-800/PAPASTICKS-GRANDE.jpg.jpg?v=639008888508000000,,Papa Johns,69,Acompañamientos > Palitos,"Food, Beverages & Tobacco > Food Items"
1698,Papasticks - Salsa Ajo,"1, 2, 3, 4, 5… ¿Cuántos Papasticks recién horneadas quieres hoy? Elige tu salsa favorita y suma nuevas sensaciones a tus momentos.",in stock,new,29800 COP,,https://www.papajohns.com.co/papasticks-69/p?skuId=1698,https://papajohns.vteximg.com.br/arquivos/ids/158470-800-800/PAPASTICKS-GRANDE.jpg.jpg?v=639008888508170000,,Papa Johns,69,Acompañamientos > Palitos,"Food, Beverages & Tobacco > Food Items"
563,Manantial 600 ml - Manantial Sin Gas 600ml,Encuentra esta presentación con o sin gas.,in stock,new,6000 COP,,https://www.papajohns.com.co/manantial-600-ml-53/p?skuId=563,https://papajohns.vteximg.com.br/arquivos/ids/157093-800-800/7702609005372.jpg?v=638176860046900000,,Papa Johns,53,Bebidas > Aguas y Fuze Tea,"Food, Beverages & Tobacco > Beverages"
564,Manantial 600 ml - Manantial Con Gas 600ml,Encuentra esta presentación con o sin gas.,in stock,new,6000 COP,,https://www.papajohns.com.co/manantial-600-ml-53/p?skuId=564,https://papajohns.vteximg.com.br/arquivos/ids/157094-800-800/7702609005488.jpg?v=638176860365300000,,Papa Johns,53,Bebidas > Aguas y Fuze Tea,"Food, Beverages & Tobacco > Beverages"
1676,Manantial 600 ml - Manantial Sin Gas 600ml,Encuentra esta presentación con o sin gas.,in stock,new,6000 COP,,https://www.papajohns.com.co/manantial-600-ml-53/p?skuId=1676,https://papajohns.vteximg.com.br/arquivos/ids/158460-800-800/7702609005372.jpg?v=639008883349730000,,Papa Johns,53,Bebidas > Aguas y Fuze Tea,"Food, Beverages & Tobacco > Beverages"
1677,Manantial 600 ml - Manantial Con Gas 600ml,Encuentra esta presentación con o sin gas.,in stock,new,6000 COP,,https://www.papajohns.com.co/manantial-600-ml-53/p?skuId=1677,https://papajohns.vteximg.com.br/arquivos/ids/158461-800-800/7702609005488.jpg?v=639008883349900000,,Papa Johns,53,Bebidas > Aguas y Fuze Tea,"Food, Beverages & Tobacco > Beverages"
556,Pizza Chocolate,Tu favorito de todos los tiempos ahora tiene más de lo que gusta. Ríndete ante el Pie de Chocolate Avellanas que no querrás compartir.,in stock,new,25800 COP,,https://www.papajohns.com.co/pizza-chocolate-47/p?skuId=556,https://papajohns.vteximg.com.br/arquivos/ids/157485-800-800/PIE-DE-AVELLANA---CHOCOLATE.jpg.jpg?v=639008892670900000,,Papa Johns,47,Postres,"Food, Beverages & Tobacco > Food Items"
1669,Pizza Chocolate,Tu favorito de todos los tiempos ahora tiene más de lo que gusta. Ríndete ante el Pie de Chocolate Avellanas que no querrás compartir.,in stock,new,22800 COP,,https://www.papajohns.com.co/pizza-chocolate-47/p?skuId=1669,https://papajohns.vteximg.com.br/arquivos/ids/158475-800-800/PIE-DE-AVELLANA---CHOCOLATE.jpg.jpg?v=639008892671200000,,Papa Johns,47,Postres,"Food, Beverages & Tobacco > Food Items"
554,Sandwich Pizza Pollo BBQ,"¿Ya probaste la Sandwich Pizza de Pollo BBQ? ¡Hazlo pronto porque todo el mundo la está pidiendo! Lleva pollo, tocineta, cebolla y salsa BBQ. Es única.",in stock,new,23900 COP,,https://www.papajohns.com.co/papadia-45/p?skuId=554,https://papajohns.vteximg.com.br/arquivos/ids/157845-800-800/POLLO-BBQ.jpg.jpg?v=638822173614900000,,Papa Johns,45,Sandwich Pizza,"Food, Beverages & Tobacco > Food Items"
1667,Sandwich Pizza Pollo BBQ,"¿Ya probaste la Sandwich Pizza de Pollo BBQ? ¡Hazlo pronto porque todo el mundo la está pidiendo! Lleva pollo, tocineta, cebolla y salsa BBQ. Es única.",in stock,new,21900 COP,,https://www.papajohns.com.co/papadia-45/p?skuId=1667,https://papajohns.vteximg.com.br/arquivos/ids/158609-800-800/POLLO-BBQ.jpg.jpg?v=639008910101170000,,Papa Johns,45,Sandwich Pizza,"Food, Beverages & Tobacco > Food Items"
408,Papas Favorite - Familiar Masa-tradicional Borde-tradicional Salsa-Pizza,"Descubre cómo Papas Favorite : salchicha de cerdo, fundida con un toque de su sazonador italiano y peperonni se gana su nombre. ¡Elige tamaño, salsa, espérala unos minutos o recógela en tienda!",in stock,new,63500 COP,,https://www.papajohns.com.co/favorite-18/p?skuId=408,https://papajohns.vteximg.com.br/arquivos/ids/158553-800-800/PAPAS-FAVORITE.jpg.jpg?v=639008896665000000,,Papa Johns,18,Pizzas > Pizzas prearmadas > Pizzas Insignia,"Food, Beverages & Tobacco > Food Items"
1653,Papas Favorite - Familiar Masa-tradicional Borde-tradicional Salsa-Pizza,"Descubre cómo Papas Favorite : salchicha de cerdo, fundida con un toque de su sazonador italiano y peperonni se gana su nombre. ¡Elige tamaño, salsa, espérala unos minutos o recógela en tienda!",in stock,new,59300 COP,,https://www.papajohns.com.co/favorite-18/p?skuId=1653,https://papajohns.vteximg.com.br/arquivos/ids/158949-800-800/PAPAS-FAVORITE.jpg.jpg?v=639100698983200000,,Papa Johns,18,Pizzas > Pizzas prearmadas > Pizzas Insignia,"Food, Beverages & Tobacco > Food Items"
404,Papas Favorite - Mediana Masa-tradicional Borde-tradicional Salsa-Pizza,"Descubre cómo Papas Favorite : salchicha de cerdo, fundida con un toque de su sazonador italiano y peperonni se gana su nombre. ¡Elige tamaño, salsa, espérala unos minutos o recógela en tienda!",in stock,new,53500 COP,,https://www.papajohns.com.co/favorite-18/p?skuId=404,https://papajohns.vteximg.com.br/arquivos/ids/158924-800-800/PAPAS-FAVORITE.jpg.jpg?v=639100698976230000,,Papa Johns,18,Pizzas > Pizzas prearmadas > Pizzas Insignia,"Food, Beverages & Tobacco > Food Items"
1650,Papas Favorite - Mediana Masa-tradicional Borde-tradicional Salsa-Pizza,"Descubre cómo Papas Favorite : salchicha de cerdo, fundida con un toque de su sazonador italiano y peperonni se gana su nombre. ¡Elige tamaño, salsa, espérala unos minutos o recógela en tienda!",in stock,new,49300 COP,,https://www.papajohns.com.co/favorite-18/p?skuId=1650,https://papajohns.vteximg.com.br/arquivos/ids/158946-800-800/PAPAS-FAVORITE.jpg.jpg?v=639100698982230000,,Papa Johns,18,Pizzas > Pizzas prearmadas > Pizzas Insignia,"Food, Beverages & Tobacco > Food Items"
1957,Papas Favorite - Mediana Masa-tradicional Borde-queso Salsa-Pizza,"Descubre cómo Papas Favorite : salchicha de cerdo, fundida con un toque de su sazonador italiano y peperonni se gana su nombre. ¡Elige tamaño, salsa, espérala unos minutos o recógela en tienda!",in stock,new,67700 COP,,https://www.papajohns.com.co/favorite-18/p?skuId=1957,https://papajohns.vteximg.com.br/arquivos/ids/158914-800-800/PAPAS-FAVORITE.jpg.jpg?v=639100698973900000,,Papa Johns,18,Pizzas > Pizzas prearmadas > Pizzas Insignia,"Food, Beverages & Tobacco > Food Items"
1958,Papas Favorite - Mediana Masa-tradicional Borde-queso Salsa-BBQ,"Descubre cómo Papas Favorite : salchicha de cerdo, fundida con un toque de su sazonador italiano y peperonni se gana su nombre. ¡Elige tamaño, salsa, espérala unos minutos o recógela en tienda!",in stock,new,67700 COP,,https://www.papajohns.com.co/favorite-18/p?skuId=1958,https://papajohns.vteximg.com.br/arquivos/ids/158915-800-800/PAPAS-FAVORITE.jpg.jpg?v=639100698974370000,,Papa Johns,18,Pizzas > Pizzas prearmadas > Pizzas Insignia,"Food, Beverages & Tobacco > Food Items"
1959,Papas Favorite - Mediana Masa-tradicional Borde-queso Salsa-Ranch,"Descubre cómo Papas Favorite : salchicha de cerdo, fundida con un toque de su sazonador italiano y peperonni se gana su nombre. ¡Elige tamaño, salsa, espérala unos minutos o recógela en tienda!",in stock,new,67700 COP,,https://www.papajohns.com.co/favorite-18/p?skuId=1959,https://papajohns.vteximg.com.br/arquivos/ids/158916-800-800/PAPAS-FAVORITE.jpg.jpg?v=639100698974500000,,Papa Johns,18,Pizzas > Pizzas prearmadas > Pizzas Insignia,"Food, Beverages & Tobacco > Food Items"
1960,Papas Favorite - Mediana Masa-tradicional Borde-queso Salsa-Pizza,"Descubre cómo Papas Favorite : salchicha de cerdo, fundida con un toque de su sazonador italiano y peperonni se gana su nombre. ¡Elige tamaño, salsa, espérala unos minutos o recógela en tienda!",in stock,new,62200 COP,,https://www.papajohns.com.co/favorite-18/p?skuId=1960,https://papajohns.vteximg.com.br/arquivos/ids/158917-800-800/PAPAS-FAVORITE.jpg.jpg?v=639100698974670000,,Papa Johns,18,Pizzas > Pizzas prearmadas > Pizzas Insignia,"Food, Beverages & Tobacco > Food Items"
1961,Papas Favorite - Mediana Masa-tradicional Borde-queso Salsa-BBQ,"Descubre cómo Papas Favorite : salchicha de cerdo, fundida con un toque de su sazonador italiano y peperonni se gana su nombre. ¡Elige tamaño, salsa, espérala unos minutos o recógela en tienda!",in stock,new,62200 COP,,https://www.papajohns.com.co/favorite-18/p?skuId=1961,https://papajohns.vteximg.com.br/arquivos/ids/158918-800-800/PAPAS-FAVORITE.jpg.jpg?v=639100698974670000,,Papa Johns,18,Pizzas > Pizzas prearmadas > Pizzas Insignia,"Food, Beverages & Tobacco > Food Items"
1962,Papas Favorite - Mediana Masa-tradicional Borde-queso Salsa-Ranch,"Descubre cómo Papas Favorite : salchicha de cerdo, fundida con un toque de su sazonador italiano y peperonni se gana su nombre. ¡Elige tamaño, salsa, espérala unos minutos o recógela en tienda!",in stock,new,62200 COP,,https://www.papajohns.com.co/favorite-18/p?skuId=1962,https://papajohns.vteximg.com.br/arquivos/ids/158919-800-800/PAPAS-FAVORITE.jpg.jpg?v=639100698974830000,,Papa Johns,18,Pizzas > Pizzas prearmadas > Pizzas Insignia,"Food, Beverages & Tobacco > Food Items"
400,Papas Favorite - Personal Masa-tradicional Borde-tradicional Salsa-Pizza,"Descubre cómo Papas Favorite : salchicha de cerdo, fundida con un toque de su sazonador italiano y peperonni se gana su nombre. ¡Elige tamaño, salsa, espérala unos minutos o recógela en tienda!",in stock,new,40500 COP,,https://www.papajohns.com.co/favorite-18/p?skuId=400,https://papajohns.vteximg.com.br/arquivos/ids/158920-800-800/PAPAS-FAVORITE.jpg.jpg?v=639100698975130000,,Papa Johns,18,Pizzas > Pizzas prearmadas > Pizzas Insignia,"Food, Beverages & Tobacco > Food Items"
401,Papas Favorite - Personal Masa-tradicional Borde-tradicional Salsa-BBQ,"Descubre cómo Papas Favorite : salchicha de cerdo, fundida con un toque de su sazonador italiano y peperonni se gana su nombre. ¡Elige tamaño, salsa, espérala unos minutos o recógela en tienda!",in stock,new,40500 COP,,https://www.papajohns.com.co/favorite-18/p?skuId=401,https://papajohns.vteximg.com.br/arquivos/ids/158921-800-800/PAPAS-FAVORITE.jpg.jpg?v=639100698975430000,,Papa Johns,18,Pizzas > Pizzas prearmadas > Pizzas Insignia,"Food, Beverages & Tobacco > Food Items"
402,Papas Favorite - Personal Masa-tradicional Borde-tradicional Salsa-Ranch,"Descubre cómo Papas Favorite : salchicha de cerdo, fundida con un toque de su sazonador italiano y peperonni se gana su nombre. ¡Elige tamaño, salsa, espérala unos minutos o recógela en tienda!",in stock,new,40500 COP,,https://www.papajohns.com.co/favorite-18/p?skuId=402,https://papajohns.vteximg.com.br/arquivos/ids/158922-800-800/PAPAS-FAVORITE.jpg.jpg?v=639100698975770000,,Papa Johns,18,Pizzas > Pizzas prearmadas > Pizzas Insignia,"Food, Beverages & Tobacco > Food Items"
405,Papas Favorite - Mediana Masa-radicional Borde-tradicional Salsa-BBQ,"Descubre cómo Papas Favorite : salchicha de cerdo, fundida con un toque de su sazonador italiano y peperonni se gana su nombre. ¡Elige tamaño, salsa, espérala unos minutos o recógela en tienda!",in stock,new,53500 COP,,https://www.papajohns.com.co/favorite-18/p?skuId=405,https://papajohns.vteximg.com.br/arquivos/ids/158925-800-800/PAPAS-FAVORITE.jpg.jpg?v=639100698976570000,,Papa Johns,18,Pizzas > Pizzas prearmadas > Pizzas Insignia,"Food, Beverages & Tobacco > Food Items"
406,Papas Favorite - Mediana Masa-tradicional Borde-tradicional Salsa-Ranch,"Descubre cómo Papas Favorite : salchicha de cerdo, fundida con un toque de su sazonador italiano y peperonni se gana su nombre. ¡Elige tamaño, salsa, espérala unos minutos o recógela en tienda!",in stock,new,53500 COP,,https://www.papajohns.com.co/favorite-18/p?skuId=406,https://papajohns.vteximg.com.br/arquivos/ids/158926-800-800/PAPAS-FAVORITE.jpg.jpg?v=639100698976770000,,Papa Johns,18,Pizzas > Pizzas prearmadas > Pizzas Insignia,"Food, Beverages & Tobacco > Food Items"
409,Papas Favorite - Familiar Masa-tradicional Borde-tradicional Salsa-BBQ,"Descubre cómo Papas Favorite : salchicha de cerdo, fundida con un toque de su sazonador italiano y peperonni se gana su nombre. ¡Elige tamaño, salsa, espérala unos minutos o recógela en tienda!",in stock,new,63500 COP,,https://www.papajohns.com.co/favorite-18/p?skuId=409,https://papajohns.vteximg.com.br/arquivos/ids/158928-800-800/PAPAS-FAVORITE.jpg.jpg?v=639100698977230000,,Papa Johns,18,Pizzas > Pizzas prearmadas > Pizzas Insignia,"Food, Beverages & Tobacco > Food Items"
410,Papas Favorite - Familiar Masa-tradicional Borde-tradicional Salsa-Ranch,"Descubre cómo Papas Favorite : salchicha de cerdo, fundida con un toque de su sazonador italiano y peperonni se gana su nombre. ¡Elige tamaño, salsa, espérala unos minutos o recógela en tienda!",in stock,new,63500 COP,,https://www.papajohns.com.co/favorite-18/p?skuId=410,https://papajohns.vteximg.com.br/arquivos/ids/158929-800-800/PAPAS-FAVORITE.jpg.jpg?v=639100698977570000,,Papa Johns,18,Pizzas > Pizzas prearmadas > Pizzas Insignia,"Food, Beverages & Tobacco > Food Items"
412,Papas Favorite - Familiar Masa-tradicional Borde-queso Salsa-Pizza,"Descubre cómo Papas Favorite : salchicha de cerdo, fundida con un toque de su sazonador italiano y peperonni se gana su nombre. ¡Elige tamaño, salsa, espérala unos minutos o recógela en tienda!",in stock,new,77900 COP,,https://www.papajohns.com.co/favorite-18/p?skuId=412,https://papajohns.vteximg.com.br/arquivos/ids/158931-800-800/PAPAS-FAVORITE.jpg.jpg?v=639100698978030000,,Papa Johns,18,Pizzas > Pizzas prearmadas > Pizzas Insignia,"Food, Beverages & Tobacco > Food Items"
413,Papas Favorite - Familiar Masa-tradicional Borde-queso Salsa-BBQ,"Descubre cómo Papas Favorite : salchicha de cerdo, fundida con un toque de su sazonador italiano y peperonni se gana su nombre. ¡Elige tamaño, salsa, espérala unos minutos o recógela en tienda!",in stock,new,77900 COP,,https://www.papajohns.com.co/favorite-18/p?skuId=413,https://papajohns.vteximg.com.br/arquivos/ids/158932-800-800/PAPAS-FAVORITE.jpg.jpg?v=639100698978200000,,Papa Johns,18,Pizzas > Pizzas prearmadas > Pizzas Insignia,"Food, Beverages & Tobacco > Food Items"
414,Papas Favorite - Familiar Masa-tradicional Borde-queso Salsa-Ranch,"Descubre cómo Papas Favorite : salchicha de cerdo, fundida con un toque de su sazonador italiano y peperonni se gana su nombre. ¡Elige tamaño, salsa, espérala unos minutos o recógela en tienda!",in stock,new,77900 COP,,https://www.papajohns.com.co/favorite-18/p?skuId=414,https://papajohns.vteximg.com.br/arquivos/ids/158933-800-800/PAPAS-FAVORITE.jpg.jpg?v=639100698978500000,,Papa Johns,18,Pizzas > Pizzas prearmadas > Pizzas Insignia,"Food, Beverages & Tobacco > Food Items"
420,Papas Favorite - Mega familar Masa-tradicional Borde-tradicional Salsa-Pizza,"Descubre cómo Papas Favorite : salchicha de cerdo, fundida con un toque de su sazonador italiano y peperonni se gana su nombre. ¡Elige tamaño, salsa, espérala unos minutos o recógela en tienda!",in stock,new,75500 COP,,https://www.papajohns.com.co/favorite-18/p?skuId=420,https://papajohns.vteximg.com.br/arquivos/ids/158939-800-800/PAPAS-FAVORITE.jpg.jpg?v=639100698980070000,,Papa Johns,18,Pizzas > Pizzas prearmadas > Pizzas Insignia,"Food, Beverages & Tobacco > Food Items"
421,Papas Favorite - Mega familar Masa-tradicional Borde-tradicional Salsa-BBQ,"Descubre cómo Papas Favorite : salchicha de cerdo, fundida con un toque de su sazonador italiano y peperonni se gana su nombre. ¡Elige tamaño, salsa, espérala unos minutos o recógela en tienda!",in stock,new,75500 COP,,https://www.papajohns.com.co/favorite-18/p?skuId=421,https://papajohns.vteximg.com.br/arquivos/ids/158940-800-800/PAPAS-FAVORITE.jpg.jpg?v=639100698980200000,,Papa Johns,18,Pizzas > Pizzas prearmadas > Pizzas Insignia,"Food, Beverages & Tobacco > Food Items"
422,Papas Favorite - Mega familar Masa-tradicional Borde-tradicional Salsa-Ranch,"Descubre cómo Papas Favorite : salchicha de cerdo, fundida con un toque de su sazonador italiano y peperonni se gana su nombre. ¡Elige tamaño, salsa, espérala unos minutos o recógela en tienda!",in stock,new,75500 COP,,https://www.papajohns.com.co/favorite-18/p?skuId=422,https://papajohns.vteximg.com.br/arquivos/ids/158941-800-800/PAPAS-FAVORITE.jpg.jpg?v=639100698980530000,,Papa Johns,18,Pizzas > Pizzas prearmadas > Pizzas Insignia,"Food, Beverages & Tobacco > Food Items"
1647,Papas Favorite - Personal Masa-tradicional Borde-tradicional Salsa-Pizza,"Descubre cómo Papas Favorite : salchicha de cerdo, fundida con un toque de su sazonador italiano y peperonni se gana su nombre. ¡Elige tamaño, salsa, espérala unos minutos o recógela en tienda!",in stock,new,36300 COP,,https://www.papajohns.com.co/favorite-18/p?skuId=1647,https://papajohns.vteximg.com.br/arquivos/ids/158943-800-800/PAPAS-FAVORITE.jpg.jpg?v=639100698981000000,,Papa Johns,18,Pizzas > Pizzas prearmadas > Pizzas Insignia,"Food, Beverages & Tobacco > Food Items"
1648,Papas Favorite - Personal Masa-tradicional Borde-tradicional Salsa-BBQ,"Descubre cómo Papas Favorite : salchicha de cerdo, fundida con un toque de su sazonador italiano y peperonni se gana su nombre. ¡Elige tamaño, salsa, espérala unos minutos o recógela en tienda!",in stock,new,36300 COP,,https://www.papajohns.com.co/favorite-18/p?skuId=1648,https://papajohns.vteximg.com.br/arquivos/ids/158944-800-800/PAPAS-FAVORITE.jpg.jpg?v=639100698981470000,,Papa Johns,18,Pizzas > Pizzas prearmadas > Pizzas Insignia,"Food, Beverages & Tobacco > Food Items"
1649,Papas Favorite - Personal Masa-tradicional Borde-tradicional Salsa-Ranch,"Descubre cómo Papas Favorite : salchicha de cerdo, fundida con un toque de su sazonador italiano y peperonni se gana su nombre. ¡Elige tamaño, salsa, espérala unos minutos o recógela en tienda!",in stock,new,36300 COP,,https://www.papajohns.com.co/favorite-18/p?skuId=1649,https://papajohns.vteximg.com.br/arquivos/ids/158945-800-800/PAPAS-FAVORITE.jpg.jpg?v=639100698982100000,,Papa Johns,18,Pizzas > Pizzas prearmadas > Pizzas Insignia,"Food, Beverages & Tobacco > Food Items"
1651,Papas Favorite - Mediana Masa-radicional Borde-tradicional Salsa-BBQ,"Descubre cómo Papas Favorite : salchicha de cerdo, fundida con un toque de su sazonador italiano y peperonni se gana su nombre. ¡Elige tamaño, salsa, espérala unos minutos o recógela en tienda!",in stock,new,49300 COP,,https://www.papajohns.com.co/favorite-18/p?skuId=1651,https://papajohns.vteximg.com.br/arquivos/ids/158947-800-800/PAPAS-FAVORITE.jpg.jpg?v=639100698982700000,,Papa Johns,18,Pizzas > Pizzas prearmadas > Pizzas Insignia,"Food, Beverages & Tobacco > Food Items"
1652,Papas Favorite - Mediana Masa-tradicional Borde-tradicional Salsa-Ranch,"Descubre cómo Papas Favorite : salchicha de cerdo, fundida con un toque de su sazonador italiano y peperonni se gana su nombre. ¡Elige tamaño, salsa, espérala unos minutos o recógela en tienda!",in stock,new,49300 COP,,https://www.papajohns.com.co/favorite-18/p?skuId=1652,https://papajohns.vteximg.com.br/arquivos/ids/158948-800-800/PAPAS-FAVORITE.jpg.jpg?v=639100698982870000,,Papa Johns,18,Pizzas > Pizzas prearmadas > Pizzas Insignia,"Food, Beverages & Tobacco > Food Items"
1654,Papas Favorite - Familiar Masa-tradicional Borde-tradicional Salsa-BBQ,"Descubre cómo Papas Favorite : salchicha de cerdo, fundida con un toque de su sazonador italiano y peperonni se gana su nombre. ¡Elige tamaño, salsa, espérala unos minutos o recógela en tienda!",in stock,new,59300 COP,,https://www.papajohns.com.co/favorite-18/p?skuId=1654,https://papajohns.vteximg.com.br/arquivos/ids/158950-800-800/PAPAS-FAVORITE.jpg.jpg?v=639100698983330000,,Papa Johns,18,Pizzas > Pizzas prearmadas > Pizzas Insignia,"Food, Beverages & Tobacco > Food Items"
1655,Papas Favorite - Familiar Masa-tradicional Borde-tradicional Salsa-Ranch,"Descubre cómo Papas Favorite : salchicha de cerdo, fundida con un toque de su sazonador italiano y peperonni se gana su nombre. ¡Elige tamaño, salsa, espérala unos minutos o recógela en tienda!",in stock,new,59300 COP,,https://www.papajohns.com.co/favorite-18/p?skuId=1655,https://papajohns.vteximg.com.br/arquivos/ids/158951-800-800/PAPAS-FAVORITE.jpg.jpg?v=639100698983500000,,Papa Johns,18,Pizzas > Pizzas prearmadas > Pizzas Insignia,"Food, Beverages & Tobacco > Food Items"
1656,Papas Favorite - Familiar Masa-tradicional Borde-queso Salsa-Pizza,"Descubre cómo Papas Favorite : salchicha de cerdo, fundida con un toque de su sazonador italiano y peperonni se gana su nombre. ¡Elige tamaño, salsa, espérala unos minutos o recógela en tienda!",in stock,new,72200 COP,,https://www.papajohns.com.co/favorite-18/p?skuId=1656,https://papajohns.vteximg.com.br/arquivos/ids/158952-800-800/PAPAS-FAVORITE.jpg.jpg?v=639100698983800000,,Papa Johns,18,Pizzas > Pizzas prearmadas > Pizzas Insignia,"Food, Beverages & Tobacco > Food Items"
1657,Papas Favorite - Familiar Masa-tradicional Borde-queso Salsa-BBQ,"Descubre cómo Papas Favorite : salchicha de cerdo, fundida con un toque de su sazonador italiano y peperonni se gana su nombre. ¡Elige tamaño, salsa, espérala unos minutos o recógela en tienda!",in stock,new,72200 COP,,https://www.papajohns.com.co/favorite-18/p?skuId=1657,https://papajohns.vteximg.com.br/arquivos/ids/158953-800-800/PAPAS-FAVORITE.jpg.jpg?v=639100698983970000,,Papa Johns,18,Pizzas > Pizzas prearmadas > Pizzas Insignia,"Food, Beverages & Tobacco > Food Items"
1658,Papas Favorite - Familiar Masa-tradicional Borde-queso Salsa-Ranch,"Descubre cómo Papas Favorite : salchicha de cerdo, fundida con un toque de su sazonador italiano y peperonni se gana su nombre. ¡Elige tamaño, salsa, espérala unos minutos o recógela en tienda!",in stock,new,72200 COP,,https://www.papajohns.com.co/favorite-18/p?skuId=1658,https://papajohns.vteximg.com.br/arquivos/ids/158954-800-800/PAPAS-FAVORITE.jpg.jpg?v=639100698984100000,,Papa Johns,18,Pizzas > Pizzas prearmadas > Pizzas Insignia,"Food, Beverages & Tobacco > Food Items"
1659,Papas Favorite - Mega familar Masa-tradicional Borde-tradicional Salsa-Pizza,"Descubre cómo Papas Favorite : salchicha de cerdo, fundida con un toque de su sazonador italiano y peperonni se gana su nombre. ¡Elige tamaño, salsa, espérala unos minutos o recógela en tienda!",in stock,new,71300 COP,,https://www.papajohns.com.co/favorite-18/p?skuId=1659,https://papajohns.vteximg.com.br/arquivos/ids/158955-800-800/PAPAS-FAVORITE.jpg.jpg?v=639100698984430000,,Papa Johns,18,Pizzas > Pizzas prearmadas > Pizzas Insignia,"Food, Beverages & Tobacco > Food Items"
1660,Papas Favorite - Mega familar Masa-tradicional Borde-tradicional Salsa-BBQ,"Descubre cómo Papas Favorite : salchicha de cerdo, fundida con un toque de su sazonador italiano y peperonni se gana su nombre. ¡Elige tamaño, salsa, espérala unos minutos o recógela en tienda!",in stock,new,71300 COP,,https://www.papajohns.com.co/favorite-18/p?skuId=1660,https://papajohns.vteximg.com.br/arquivos/ids/158956-800-800/PAPAS-FAVORITE.jpg.jpg?v=639100698984600000,,Papa Johns,18,Pizzas > Pizzas prearmadas > Pizzas Insignia,"Food, Beverages & Tobacco > Food Items"
1661,Papas Favorite - Mega familar Masa-tradicional Borde-tradicional Salsa-Ranch,"Descubre cómo Papas Favorite : salchicha de cerdo, fundida con un toque de su sazonador italiano y peperonni se gana su nombre. ¡Elige tamaño, salsa, espérala unos minutos o recógela en tienda!",in stock,new,71300 COP,,https://www.papajohns.com.co/favorite-18/p?skuId=1661,https://papajohns.vteximg.com.br/arquivos/ids/158957-800-800/PAPAS-FAVORITE.jpg.jpg?v=639100698985070000,,Papa Johns,18,Pizzas > Pizzas prearmadas > Pizzas Insignia,"Food, Beverages & Tobacco > Food Items"
1991,Pizza Guardian Espacial - Personal Masa-delgada Borde-tradicional Salsa-Pizza,"pizza pepperoni de 4 porciones, (No incluye coleccionable para este canal)",in stock,new,31900 COP,,https://www.papajohns.com.co/pizza-guardian-espacial-252/p?skuId=1991,https://papajohns.vteximg.com.br/arquivos/ids/159767-800-800/-SOLO--Guardian-Espacial-Roni.png?v=639159198341200000,,Papa Johns,252,Pizzas > Pizzas prearmadas > Pizzas Favoritas,"Food, Beverages & Tobacco > Food Items"
1992,Pizza Guardian Espacial - Personal Masa-delgada Borde-tradicional Salsa-Pizza,"pizza pepperoni de 4 porciones, (No incluye coleccionable para este canal)",in stock,new,28900 COP,,https://www.papajohns.com.co/pizza-guardian-espacial-252/p?skuId=1992,https://papajohns.vteximg.com.br/arquivos/ids/159768-800-800/-SOLO--Guardian-Espacial-Roni.png?v=639159198341670000,,Papa Johns,252,Pizzas > Pizzas prearmadas > Pizzas Favoritas,"Food, Beverages & Tobacco > Food Items"
1868,Combo Papanaticos - 6-Porciones Masa-tradicional Borde-tradicional Salsa-Pizza,"Pizza de Pepperoni (6 Porciones), acompañado de Jamón Rolls, una pizza de chocolate, y 2 Coca Cola (400ML)",in stock,new,76900 COP,,https://www.papajohns.com.co/combo-papanaticos-246/p?skuId=1868,https://papajohns.vteximg.com.br/arquivos/ids/158854-800-800/COMBO-PAPANATICOS-VTEX.jpg?v=639051798578200000,,Papa Johns,246,Pizzas > Promociones,"Food, Beverages & Tobacco > Food Items"
1867,Combo Pasta Carnes,"Pasta corta con pollo, pepperoni, salchicha de cerdo y queso mozzarella. Con mezcla de salsa pizza, bechamel y ajo,. Acompañada de dos knots de pan recién horneados, Con una bebida de coca cola de 400ml",in stock,new,34900 COP,,https://www.papajohns.com.co/combo-pasta-carnes-240/p?skuId=1867,https://papajohns.vteximg.com.br/arquivos/ids/158847-800-800/COMBO-PASTA-CARNES-VTEX.jpg?v=639051824766700000,,Papa Johns,240,Lasagnas y Pastas > Combo Lasagnas y Pastas,"Food, Beverages & Tobacco > Food Items"
1391,Combo Sandwich Pizza Jamón Champiñón,"Un Sandwich Pizza Jamón champiñón dividida en dos pedazos, acompañada de una gaseosa de 400 ml.",in stock,new,28900 COP,,https://www.papajohns.com.co/combo-sandwich-pizza-jamon-champinon-201/p?skuId=1391,https://papajohns.vteximg.com.br/arquivos/ids/159654-800-800/Combo SW jamon champinon VTEX actualizado MAR 26.jpg?v=639105752628230000,,Papa Johns,201,Sandwich Pizza > Combo Sandwich Pizza,"Food, Beverages & Tobacco > Food Items"
1390,Combo Sandwich Pizza Italiana,"Un Sandwich Pizza Italiana dividida en dos pedazos, acompañada de una gaseosa de 400 ml.",in stock,new,28900 COP,,https://www.papajohns.com.co/combo-sandwich-pizza-italiana-200/p?skuId=1390,https://papajohns.vteximg.com.br/arquivos/ids/159652-800-800/Combo-SW-italiano-VTEX-actualizado-MAR-26.jpg?v=639239025949100000,,Papa Johns,200,Sandwich Pizza > Combo Sandwich Pizza,"Food, Beverages & Tobacco > Food Items"
1271,Combo Pizza Masa Delgada - Mediana Masa-delgada Borde-tradicional Salsa-Pizza,Tus ganas de comida tienen nombre: Combo Masa Delgada : pizza de jamón y maíz con Coca Cola. Recíbelo en casa o recógelo en tienda. Incluye tu salsa de Ajo por $2.900 pesos adicionales.,in stock,new,42900 COP,,https://www.papajohns.com.co/combo-plan-a-jamon-maiz/p?skuId=1271,https://papajohns.vteximg.com.br/arquivos/ids/159636-800-800/Combo-masa-delgada-VTEX-actualizado-MAR-26.jpg?v=639122939976800000,,Papa Johns,161,Pizzas > Promociones,"Food, Beverages & Tobacco > Food Items"
1258,Combo Individual - Personal Masa-tradicional Borde-tradicional Salsa-Pizza,"Entendemos que no siempre se puede compartir, por eso creamos el Combo pizza individual de Papa Johns , un antojo de Pepperoni Pizzazz y Coca Cola solo para los que saben.",in stock,new,34900 COP,,https://www.papajohns.com.co/combo-individual-156/p?skuId=1258,https://papajohns.vteximg.com.br/arquivos/ids/159624-800-800/Combo individual VTEX actualizado MAR 26.jpg?v=639105742800700000,,Papa Johns,156,Pizzas > Promociones,"Food, Beverages & Tobacco > Food Items"
1259,Combo Individual - Personal Masa-tradicional Borde-tradicional Salsa-BBQ,"Entendemos que no siempre se puede compartir, por eso creamos el Combo pizza individual de Papa Johns , un antojo de Pepperoni Pizzazz y Coca Cola solo para los que saben.",in stock,new,34900 COP,,https://www.papajohns.com.co/combo-individual-156/p?skuId=1259,https://papajohns.vteximg.com.br/arquivos/ids/159625-800-800/Combo individual VTEX actualizado MAR 26.jpg?v=639105742801030000,,Papa Johns,156,Pizzas > Promociones,"Food, Beverages & Tobacco > Food Items"
1260,Combo Individual - Personal Masa-tradicional Borde-tradicional Salsa-Ranch,"Entendemos que no siempre se puede compartir, por eso creamos el Combo pizza individual de Papa Johns , un antojo de Pepperoni Pizzazz y Coca Cola solo para los que saben.",in stock,new,34900 COP,,https://www.papajohns.com.co/combo-individual-156/p?skuId=1260,https://papajohns.vteximg.com.br/arquivos/ids/159626-800-800/Combo individual VTEX actualizado MAR 26.jpg?v=639105742801170000,,Papa Johns,156,Pizzas > Promociones,"Food, Beverages & Tobacco > Food Items"
1255,Combo Origen - Familiar Masa-tradicional Borde-tradicional Salsa-Pizza,"Prueba hoy nuestro Combo Origen , exquisita pizza de Pollo y Champiñones acompañada de una refrescante Coca Cola Zero de 1.5L.",in stock,new,63900 COP,,https://www.papajohns.com.co/combo-origen-155/p?skuId=1255,https://papajohns.vteximg.com.br/arquivos/ids/159809-800-800/Combo-origen-VTEX-actualizado-MAR-26.jpg?v=639207816257100000,,Papa Johns,155,Pizzas > Promociones,"Food, Beverages & Tobacco > Food Items"
1256,Combo Origen - Familiar Masa-tradicional Borde-tradicional Salsa-BBQ,"Prueba hoy nuestro Combo Origen , exquisita pizza de Pollo y Champiñones acompañada de una refrescante Coca Cola Zero de 1.5L.",in stock,new,63900 COP,,https://www.papajohns.com.co/combo-origen-155/p?skuId=1256,https://papajohns.vteximg.com.br/arquivos/ids/159810-800-800/Combo-origen-VTEX-actualizado-MAR-26.jpg?v=639207816257700000,,Papa Johns,155,Pizzas > Promociones,"Food, Beverages & Tobacco > Food Items"
1257,Combo Origen - Familiar Masa-tradicional Borde-tradicional Salsa-Ranch,"Prueba hoy nuestro Combo Origen , exquisita pizza de Pollo y Champiñones acompañada de una refrescante Coca Cola Zero de 1.5L.",in stock,new,63900 COP,,https://www.papajohns.com.co/combo-origen-155/p?skuId=1257,https://papajohns.vteximg.com.br/arquivos/ids/159644-800-800/Combo-origen-VTEX-actualizado-MAR-26.jpg?v=639207816258200000,,Papa Johns,155,Pizzas > Promociones,"Food, Beverages & Tobacco > Food Items"
2039,Combo Origen - Familiar Masa-tradicional Borde-queso Salsa-Pizza,"Prueba hoy nuestro Combo Origen , exquisita pizza de Pollo y Champiñones acompañada de una refrescante Coca Cola Zero de 1.5L.",in stock,new,78300 COP,,https://www.papajohns.com.co/combo-origen-155/p?skuId=2039,https://papajohns.vteximg.com.br/arquivos/ids/159811-800-800/Combo-origen-VTEX-actualizado-MAR-26.jpg?v=639207816261630000,,Papa Johns,155,Pizzas > Promociones,"Food, Beverages & Tobacco > Food Items"
2040,Combo Origen - Familiar Masa-tradicional Borde-queso Salsa-BBQ,"Prueba hoy nuestro Combo Origen , exquisita pizza de Pollo y Champiñones acompañada de una refrescante Coca Cola Zero de 1.5L.",in stock,new,78300 COP,,https://www.papajohns.com.co/combo-origen-155/p?skuId=2040,https://papajohns.vteximg.com.br/arquivos/ids/159812-800-800/Combo-origen-VTEX-actualizado-MAR-26.jpg?v=639207816261930000,,Papa Johns,155,Pizzas > Promociones,"Food, Beverages & Tobacco > Food Items"
2041,Combo Origen - Familiar Masa-tradicional Borde-queso Salsa-Ranch,"Prueba hoy nuestro Combo Origen , exquisita pizza de Pollo y Champiñones acompañada de una refrescante Coca Cola Zero de 1.5L.",in stock,new,78300 COP,,https://www.papajohns.com.co/combo-origen-155/p?skuId=2041,https://papajohns.vteximg.com.br/arquivos/ids/159813-800-800/Combo-origen-VTEX-actualizado-MAR-26.jpg?v=639207816262270000,,Papa Johns,155,Pizzas > Promociones,"Food, Beverages & Tobacco > Food Items"
552,Sandwich Pizza Italiana,"Vive una aventura con el delicioso sabor de la Sandwich Pizza Italiana de Papa Johns. Pide 2 o más, sabemos que el capricho de salchicha italiana, pepperoni y sazonador italiano.",in stock,new,23900 COP,,https://www.papajohns.com.co/papadia-43/p?skuId=552,https://papajohns.vteximg.com.br/arquivos/ids/157843-800-800/ITALIANA.jpg.jpg?v=638808438714700000,,Papa Johns,43,Sandwich Pizza,"Food, Beverages & Tobacco > Food Items"
1666,Sandwich Pizza Italiana,"Vive una aventura con el delicioso sabor de la Sandwich Pizza Italiana de Papa Johns. Pide 2 o más, sabemos que el capricho de salchicha italiana, pepperoni y sazonador italiano.",in stock,new,21900 COP,,https://www.papajohns.com.co/papadia-43/p?skuId=1666,https://papajohns.vteximg.com.br/arquivos/ids/158474-800-800/ITALIANA.jpg.jpg?v=639008892447470000,,Papa Johns,43,Sandwich Pizza,"Food, Beverages & Tobacco > Food Items"
2009,Combo Papa Box Fans - Mediana Masa-tradicional Borde-tradicional,Pizza Extra Pepperoni (8 porciones) + Pizza The Works (8 porciones) + Mix Antojos y acompañado de 2 Coca Cola (1.5 Lts),in stock,new,148900 COP,,https://www.papajohns.com.co/combo-papa-box-fans-267/p?skuId=2009,https://papajohns.vteximg.com.br/arquivos/ids/159742-800-800/PAPABOX-FANS-VTEX.jpg?v=639149608138200000,,Papa Johns,267,Pizzas > Promociones,"Food, Beverages & Tobacco > Food Items"
1993,Pizza Rodeo BBQ - Personal Masa-delgada Borde-tradicional Salsa-BBQ,"pizza de 4 porciones de pollo cebolla y salsa bbq, (No incluye coleccionable para este canal)",in stock,new,31900 COP,,https://www.papajohns.com.co/pizza-rodeo-bbq-253/p?skuId=1993,https://papajohns.vteximg.com.br/arquivos/ids/159755-800-800/-SOLO--Rodeo-BBQ.png?v=639162725278270000,,Papa Johns,253,Pizzas > Pizzas prearmadas > Pizzas Favoritas,"Food, Beverages & Tobacco > Food Items"
1994,Pizza Rodeo BBQ - Personal Masa-delgada Borde-tradicional Salsa-BBQ,"pizza de 4 porciones de pollo cebolla y salsa bbq, (No incluye coleccionable para este canal)",in stock,new,28900 COP,,https://www.papajohns.com.co/pizza-rodeo-bbq-253/p?skuId=1994,https://papajohns.vteximg.com.br/arquivos/ids/159756-800-800/-SOLO--Rodeo-BBQ.png?v=639162725278570000,,Papa Johns,253,Pizzas > Pizzas prearmadas > Pizzas Favoritas,"Food, Beverages & Tobacco > Food Items"
1876,Pasta Jamón especial,"Pasta corta con Jamón y tocineta , queso mozzarella, con mezcla de salsa de ajo y bechamel con especias. Acompañada de dos knots de pan recién horneados.",in stock,new,30900 COP,,https://www.papajohns.com.co/pasta-jamon-especial-249/p?skuId=1876,https://papajohns.vteximg.com.br/arquivos/ids/158840-800-800/PASTA-JAMON-ESPECIAL-VTEX.jpg?v=639051766082200000,,Papa Johns,249,Lasagnas y Pastas,"Food, Beverages & Tobacco > Food Items"
1877,Pasta Jamón especial,"Pasta corta con Jamón y tocineta , queso mozzarella, con mezcla de salsa de ajo y bechamel con especias. Acompañada de dos knots de pan recién horneados.",in stock,new,27900 COP,,https://www.papajohns.com.co/pasta-jamon-especial-249/p?skuId=1877,https://papajohns.vteximg.com.br/arquivos/ids/158841-800-800/PASTA-JAMON-ESPECIAL-VTEX.jpg?v=639051766082370000,,Papa Johns,249,Lasagnas y Pastas,"Food, Beverages & Tobacco > Food Items"
1878,Combo Campeón - 6-Porciones Masa-tradicional Borde-tradicional Salsa-Pizza,"Pizza de queso (6 Porciones), acompañado de Pepperoni Rolls, arequipe rolls y 2 Coca Cola (400ML).",in stock,new,69900 COP,,https://www.papajohns.com.co/combo-campeon-245/p?skuId=1878,https://papajohns.vteximg.com.br/arquivos/ids/158853-800-800/COMBO-CAMPEON-VTEX.jpg?v=639051794663330000,,Papa Johns,245,Pizzas > Promociones,"Food, Beverages & Tobacco > Food Items"
1828,Combo Sandwich Pizza Pollo BBQ,"Un Sandwich Pizza Pollo BBQ dividida en dos pedazos, acompañada de una gaseosa de 400 ml.",in stock,new,26900 COP,,https://www.papajohns.com.co/combo-sandwich-pizza-pollo-bbq-229/p?skuId=1828,https://papajohns.vteximg.com.br/arquivos/ids/159696-800-800/COMBO PAPADIA POLLO BBQ.jpg?v=639105789006570000,,Papa Johns,229,Sandwich Pizza > Combo Sandwich Pizza,"Food, Beverages & Tobacco > Food Items"
1389,Combo Sandwich Pizza Vegetariana,"Un Sandwich Pizza Vegetariana dividida en dos pedazos, acompañada de una gaseosa de 400 ml.",in stock,new,28900 COP,,https://www.papajohns.com.co/combo-sandwich-pizza-vegetariana-199/p?skuId=1389,https://papajohns.vteximg.com.br/arquivos/ids/159658-800-800/Combo SW vegetariano VTEX actualizado MAR 26.jpg?v=639105754428100000,,Papa Johns,199,Sandwich Pizza > Combo Sandwich Pizza,"Food, Beverages & Tobacco > Food Items"
1264,Combo VEG - Familiar Masa-tradicional Borde-tradicional Salsa-Pizza,"Imagina una mezcla de sabores frescos y hazla realidad con nuestro Combo VEG : pizza vegetariana con Garlic Knots y Coca Cola. ¡Pide ya la opción veggie, viene muy bien acompañada!",in stock,new,70900 COP,,https://www.papajohns.com.co/combo-veg-158/p?skuId=1264,https://papajohns.vteximg.com.br/arquivos/ids/159668-800-800/Combo-vegetariano-VTEX-actualizado-MAR-26.jpg?v=639207822703570000,,Papa Johns,158,Pizzas > Promociones,"Food, Beverages & Tobacco > Food Items"
1265,Combo VEG - Familiar Masa-tradicional Borde-tradicional Salsa-BBQ,"Imagina una mezcla de sabores frescos y hazla realidad con nuestro Combo VEG : pizza vegetariana con Garlic Knots y Coca Cola. ¡Pide ya la opción veggie, viene muy bien acompañada!",in stock,new,70900 COP,,https://www.papajohns.com.co/combo-veg-158/p?skuId=1265,https://papajohns.vteximg.com.br/arquivos/ids/159819-800-800/Combo-vegetariano-VTEX-actualizado-MAR-26.jpg?v=639207822704200000,,Papa Johns,158,Pizzas > Promociones,"Food, Beverages & Tobacco > Food Items"
1266,Combo VEG - Familiar Masa-tradicional Borde-tradicional Salsa-Ranch,"Imagina una mezcla de sabores frescos y hazla realidad con nuestro Combo VEG : pizza vegetariana con Garlic Knots y Coca Cola. ¡Pide ya la opción veggie, viene muy bien acompañada!",in stock,new,70900 COP,,https://www.papajohns.com.co/combo-veg-158/p?skuId=1266,https://papajohns.vteximg.com.br/arquivos/ids/159820-800-800/Combo-vegetariano-VTEX-actualizado-MAR-26.jpg?v=639207822704830000,,Papa Johns,158,Pizzas > Promociones,"Food, Beverages & Tobacco > Food Items"
2045,Combo VEG - Familiar Masa-tradicional Borde-queso Salsa-Pizza,"Imagina una mezcla de sabores frescos y hazla realidad con nuestro Combo VEG : pizza vegetariana con Garlic Knots y Coca Cola. ¡Pide ya la opción veggie, viene muy bien acompañada!",in stock,new,85300 COP,,https://www.papajohns.com.co/combo-veg-158/p?skuId=2045,https://papajohns.vteximg.com.br/arquivos/ids/159821-800-800/Combo-vegetariano-VTEX-actualizado-MAR-26.jpg?v=639207822705600000,,Papa Johns,158,Pizzas > Promociones,"Food, Beverages & Tobacco > Food Items"
2046,Combo VEG - Familiar Masa-tradicional Borde-queso Salsa-BBQ,"Imagina una mezcla de sabores frescos y hazla realidad con nuestro Combo VEG : pizza vegetariana con Garlic Knots y Coca Cola. ¡Pide ya la opción veggie, viene muy bien acompañada!",in stock,new,85300 COP,,https://www.papajohns.com.co/combo-veg-158/p?skuId=2046,https://papajohns.vteximg.com.br/arquivos/ids/159822-800-800/Combo-vegetariano-VTEX-actualizado-MAR-26.jpg?v=639207822706300000,,Papa Johns,158,Pizzas > Promociones,"Food, Beverages & Tobacco > Food Items"
2047,Combo VEG - Familiar Masa-tradicional Borde-queso Salsa-Ranch,"Imagina una mezcla de sabores frescos y hazla realidad con nuestro Combo VEG : pizza vegetariana con Garlic Knots y Coca Cola. ¡Pide ya la opción veggie, viene muy bien acompañada!",in stock,new,85300 COP,,https://www.papajohns.com.co/combo-veg-158/p?skuId=2047,https://papajohns.vteximg.com.br/arquivos/ids/159823-800-800/Combo-vegetariano-VTEX-actualizado-MAR-26.jpg?v=639207822706770000,,Papa Johns,158,Pizzas > Promociones,"Food, Beverages & Tobacco > Food Items"
589,Cerveza Club Colombia Dorada 330 ml,Cerveza Club Colombia Lata Dorada 330 mL,in stock,new,10100 COP,,https://www.papajohns.com.co/cerveza-club-colombia-dorada-330-ml-65/p?skuId=589,https://papajohns.vteximg.com.br/arquivos/ids/157118-800-800/CLUB-DORADA.jpg?v=638194359008800000,,Papa Johns,65,Bebidas > Cervezas,"Food, Beverages & Tobacco > Beverages"
1693,Cerveza Club Colombia Dorada 330 ml,Cerveza Club Colombia Lata Dorada 330 mL,in stock,new,9400 COP,,https://www.papajohns.com.co/cerveza-club-colombia-dorada-330-ml-65/p?skuId=1693,https://papajohns.vteximg.com.br/arquivos/ids/158466-800-800/CLUB-DORADA.jpg?v=639008886333700000,,Papa Johns,65,Bebidas > Cervezas,"Food, Beverages & Tobacco > Beverages"
555,Sandwich Pizza Jamón Champiñón - Jamón 6 quesos,"Estás a punto de hacer match con una sensación única: la que te da la combinación perfecta de la Sandwich Pizza de Jamón, champiñones, sazonador italiano y un toque de salsa de ajo.",in stock,new,23900 COP,,https://www.papajohns.com.co/papadia-46/p?skuId=555,https://papajohns.vteximg.com.br/arquivos/ids/157844-800-800/JAMON-Y-CHAMPINON.jpg.jpg?v=638822180189030000,,Papa Johns,46,Sandwich Pizza,"Food, Beverages & Tobacco > Food Items"
1668,Sandwich Pizza Jamón Champiñón - Jamón 6 quesos,"Estás a punto de hacer match con una sensación única: la que te da la combinación perfecta de la Sandwich Pizza de Jamón, champiñones, sazonador italiano y un toque de salsa de ajo.",in stock,new,21900 COP,,https://www.papajohns.com.co/papadia-46/p?skuId=1668,https://papajohns.vteximg.com.br/arquivos/ids/158592-800-800/JAMON-Y-CHAMPINON.jpg.jpg?v=639008902278400000,,Papa Johns,46,Sandwich Pizza,"Food, Beverages & Tobacco > Food Items"
2011,Combo La Hinchada - Familiar Masa-tradicional Borde-tradicional Salsa-Pizza,Pizza Papas Favorite (10 porciones) + Rolls de Chocolate y acompañado de 1 Coca Cola (1.5 Lts),in stock,new,80900 COP,,https://www.papajohns.com.co/combo-la-hinchada-269/p?skuId=2011,https://papajohns.vteximg.com.br/arquivos/ids/159799-800-800/LA-HINCHADA-VTEX.jpg?v=639207810074030000,,Papa Johns,269,Pizzas > Promociones,"Food, Beverages & Tobacco > Food Items"
2012,Combo La Hinchada - Familiar Masa-tradicional Borde-tradicional Salsa-BBQ,Pizza Papas Favorite (10 porciones) + Rolls de Chocolate y acompañado de 1 Coca Cola (1.5 Lts),in stock,new,80900 COP,,https://www.papajohns.com.co/combo-la-hinchada-269/p?skuId=2012,https://papajohns.vteximg.com.br/arquivos/ids/159800-800-800/LA-HINCHADA-VTEX.jpg?v=639207810074330000,,Papa Johns,269,Pizzas > Promociones,"Food, Beverages & Tobacco > Food Items"
2013,Combo La Hinchada - Familiar Masa-tradicional Borde-tradicional Salsa-Ranch,Pizza Papas Favorite (10 porciones) + Rolls de Chocolate y acompañado de 1 Coca Cola (1.5 Lts),in stock,new,80900 COP,,https://www.papajohns.com.co/combo-la-hinchada-269/p?skuId=2013,https://papajohns.vteximg.com.br/arquivos/ids/159734-800-800/LA-HINCHADA-VTEX.jpg?v=639144589645130000,,Papa Johns,269,Pizzas > Promociones,"Food, Beverages & Tobacco > Food Items"
2033,Combo La Hinchada - Familiar Masa-tradicional Borde-queso Salsa-Pizza,Pizza Papas Favorite (10 porciones) + Rolls de Chocolate y acompañado de 1 Coca Cola (1.5 Lts),in stock,new,95300 COP,,https://www.papajohns.com.co/combo-la-hinchada-269/p?skuId=2033,https://papajohns.vteximg.com.br/arquivos/ids/159801-800-800/LA-HINCHADA-VTEX.jpg?v=639207810074800000,,Papa Johns,269,Pizzas > Promociones,"Food, Beverages & Tobacco > Food Items"
2034,Combo La Hinchada - Familiar Masa-tradicional Borde-queso Salsa-BBQ,Pizza Papas Favorite (10 porciones) + Rolls de Chocolate y acompañado de 1 Coca Cola (1.5 Lts),in stock,new,95300 COP,,https://www.papajohns.com.co/combo-la-hinchada-269/p?skuId=2034,https://papajohns.vteximg.com.br/arquivos/ids/159802-800-800/LA-HINCHADA-VTEX.jpg?v=639207810075100000,,Papa Johns,269,Pizzas > Promociones,"Food, Beverages & Tobacco > Food Items"
2035,Combo La Hinchada - Familiar Masa-tradicional Borde-queso Salsa-Ranch,Pizza Papas Favorite (10 porciones) + Rolls de Chocolate y acompañado de 1 Coca Cola (1.5 Lts),in stock,new,95300 COP,,https://www.papajohns.com.co/combo-la-hinchada-269/p?skuId=2035,https://papajohns.vteximg.com.br/arquivos/ids/159803-800-800/LA-HINCHADA-VTEX.jpg?v=639207810075270000,,Papa Johns,269,Pizzas > Promociones,"Food, Beverages & Tobacco > Food Items"
1827,Combo Sandwich Pizza Jamón Champiñón,"Un Sandwich Pizza Jamón champiñón dividida en dos pedazos, acompañada de una gaseosa de 400 ml.",in stock,new,26900 COP,,https://www.papajohns.com.co/combo-sandwich-pizza-jamon-champinon-228/p?skuId=1827,https://papajohns.vteximg.com.br/arquivos/ids/159698-800-800/COMBO PAPADIA JAMON Y POLLO CHAMPINON.jpg?v=639105789662200000,,Papa Johns,228,Sandwich Pizza > Combo Sandwich Pizza,"Food, Beverages & Tobacco > Food Items"
551,Sandwich Pizza Vegetariana,"Champiñones y salsa Ranch son apenas el principio, porque nuestro Sandwich Pizza Vegetariana viene con una mezcla de pimentón verde y cebolla en cada mordida. ¡Haz tu pedido ahora!",in stock,new,23900 COP,,https://www.papajohns.com.co/papadia-42/p?skuId=551,https://papajohns.vteximg.com.br/arquivos/ids/157846-800-800/VEGETARIANA.jpg.jpg?v=638808439127300000,,Papa Johns,42,Sandwich Pizza,"Food, Beverages & Tobacco > Food Items"
1665,Sandwich Pizza Vegetariana,"Champiñones y salsa Ranch son apenas el principio, porque nuestro Sandwich Pizza Vegetariana viene con una mezcla de pimentón verde y cebolla en cada mordida. ¡Haz tu pedido ahora!",in stock,new,21900 COP,,https://www.papajohns.com.co/papadia-42/p?skuId=1665,https://papajohns.vteximg.com.br/arquivos/ids/158591-800-800/VEGETARIANA.jpg.jpg?v=639008901593770000,,Papa Johns,42,Sandwich Pizza,"Food, Beverages & Tobacco > Food Items"
2014,Combo La Hinchada - Familiar Masa-tradicional Borde-tradicional Salsa-Pizza,Pizza Papas Favorite (10 porciones) + Rolls de Chocolate y acompañado de 1 Coca Cola (1.5 Lts),in stock,new,77900 COP,,https://www.papajohns.com.co/combo-la-hinchada-270/p?skuId=2014,https://papajohns.vteximg.com.br/arquivos/ids/159794-800-800/LA-HINCHADA-VTEX.jpg?v=639207808262430000,,Papa Johns,270,Pizzas > Promociones,"Food, Beverages & Tobacco > Food Items"
2015,Combo La Hinchada - Familiar Masa-tradicional Borde-tradicional Salsa-BBQ,Pizza Papas Favorite (10 porciones) + Rolls de Chocolate y acompañado de 1 Coca Cola (1.5 Lts),in stock,new,77900 COP,,https://www.papajohns.com.co/combo-la-hinchada-270/p?skuId=2015,https://papajohns.vteximg.com.br/arquivos/ids/159795-800-800/LA-HINCHADA-VTEX.jpg?v=639207808262900000,,Papa Johns,270,Pizzas > Promociones,"Food, Beverages & Tobacco > Food Items"
2016,Combo La Hinchada - Familiar Masa-tradicional Borde-tradicional Salsa-Ranch,Pizza Papas Favorite (10 porciones) + Rolls de Chocolate y acompañado de 1 Coca Cola (1.5 Lts),in stock,new,77900 COP,,https://www.papajohns.com.co/combo-la-hinchada-270/p?skuId=2016,https://papajohns.vteximg.com.br/arquivos/ids/159737-800-800/LA-HINCHADA-VTEX.jpg?v=639144591968700000,,Papa Johns,270,Pizzas > Promociones,"Food, Beverages & Tobacco > Food Items"
2036,Combo La Hinchada - Familiar Masa-tradicional Borde-queso Salsa-Pizza,Pizza Papas Favorite (10 porciones) + Rolls de Chocolate y acompañado de 1 Coca Cola (1.5 Lts),in stock,new,90800 COP,,https://www.papajohns.com.co/combo-la-hinchada-270/p?skuId=2036,https://papajohns.vteximg.com.br/arquivos/ids/159796-800-800/LA-HINCHADA-VTEX.jpg?v=639207808265930000,,Papa Johns,270,Pizzas > Promociones,"Food, Beverages & Tobacco > Food Items"
2037,Combo La Hinchada - Familiar Masa-tradicional Borde-queso Salsa-BBQ,Pizza Papas Favorite (10 porciones) + Rolls de Chocolate y acompañado de 1 Coca Cola (1.5 Lts),in stock,new,90800 COP,,https://www.papajohns.com.co/combo-la-hinchada-270/p?skuId=2037,https://papajohns.vteximg.com.br/arquivos/ids/159797-800-800/LA-HINCHADA-VTEX.jpg?v=639207808266400000,,Papa Johns,270,Pizzas > Promociones,"Food, Beverages & Tobacco > Food Items"
2038,Combo La Hinchada - Familiar Masa-tradicional Borde-queso Salsa-Ranch,Pizza Papas Favorite (10 porciones) + Rolls de Chocolate y acompañado de 1 Coca Cola (1.5 Lts),in stock,new,90800 COP,,https://www.papajohns.com.co/combo-la-hinchada-270/p?skuId=2038,https://papajohns.vteximg.com.br/arquivos/ids/159798-800-800/LA-HINCHADA-VTEX.jpg?v=639207808266570000,,Papa Johns,270,Pizzas > Promociones,"Food, Beverages & Tobacco > Food Items"
2010,Combo Papa Box Fans - Mediana Masa-tradicional Borde-tradicional,Pizza Extra Pepperoni (8 porciones) + Pizza The Works (8 porciones) + Mix Antojos y acompañado de 2 Coca Cola (1.5 Lts),in stock,new,145900 COP,,https://www.papajohns.com.co/combo-papa-box-fans-268/p?skuId=2010,https://papajohns.vteximg.com.br/arquivos/ids/159743-800-800/PAPABOX-FANS-VTEX.jpg?v=639149608078930000,,Papa Johns,268,Pizzas > Promociones,"Food, Beverages & Tobacco > Food Items"
2002,Combo Rodeo BBQ - Personal Masa-delgada Borde-tradicional Salsa-BBQ,"pizza de 4 porciones de pollo cebolla y salsa bbq más una bebida coca cola de 400 ml, (No incluye coleccionable para este canal)",in stock,new,32900 COP,,https://www.papajohns.com.co/combo-rodeo-bbq-260/p?skuId=2002,https://papajohns.vteximg.com.br/arquivos/ids/159762-800-800/-CON-COCA-COLA-400-ML--Rodeo-BBQ.png?v=639162723304530000,,Papa Johns,260,Pizzas > Promociones,"Food, Beverages & Tobacco > Food Items"
2001,Combo Rodeo BBQ - Personal Masa-delgada Borde-tradicional Salsa-BBQ,"pizza de 4 porciones de pollo cebolla y salsa bbq más una bebida coca cola de 400 ml, (No incluye coleccionable para este canal)",in stock,new,35900 COP,,https://www.papajohns.com.co/combo-rodeo-bbq-259/p?skuId=2001,https://papajohns.vteximg.com.br/arquivos/ids/159758-800-800/-CON-COCA-COLA-400-ML--Rodeo-BBQ.png?v=639159036451870000,,Papa Johns,259,Pizzas > Promociones,"Food, Beverages & Tobacco > Food Items"
1998,Combo Guardian Espacial - Personal Masa-delgada Borde-tradicional Salsa-Pizza,"pizza pepperoni de 4 porciones más una bebida coca cola de 400 ml, (No incluye coleccionable para este canal)",in stock,new,32900 COP,,https://www.papajohns.com.co/combo-guardian-espacial-256/p?skuId=1998,https://papajohns.vteximg.com.br/arquivos/ids/159766-800-800/-CON-COCA-COLA-400ML--Guardian-Espacial-Roni.png?v=639162723939130000,,Papa Johns,256,Pizzas > Promociones,"Food, Beverages & Tobacco > Food Items"
1997,Combo Guardian Espacial - Personal Masa-delgada Borde-tradicional Salsa-Pizza,"pizza pepperoni de 4 porciones más una bebida coca cola de 400 ml, (No incluye coleccionable para este canal)",in stock,new,35900 COP,,https://www.papajohns.com.co/combo-guardian-espacial-255/p?skuId=1997,https://papajohns.vteximg.com.br/arquivos/ids/159765-800-800/-CON-COCA-COLA-400ML--Guardian-Espacial-Roni.png?v=639162724105230000,,Papa Johns,255,Pizzas > Promociones,"Food, Beverages & Tobacco > Food Items"
1870,Combo Papanaticos - 6-Porciones Masa-tradicional Borde-tradicional Salsa-Pizza,"Pizza de Pepperoni (6 Porciones), acompañado de Jamón Rolls, una pizza de chocolate, y 2 Coca Cola (400ML)",in stock,new,73900 COP,,https://www.papajohns.com.co/combo-papanaticos-248/p?skuId=1870,https://papajohns.vteximg.com.br/arquivos/ids/158852-800-800/COMBO-PAPANATICOS-VTEX.jpg?v=639051785998430000,,Papa Johns,248,Pizzas > Promociones,"Food, Beverages & Tobacco > Food Items"
1869,Combo Campeón - 6-Porciones Masa-tradicional Borde-tradicional Salsa-Pizza,"Pizza de queso (6 Porciones), acompañado de Pepperoni Rolls, arequipe rolls y 2 Coca Cola (400ML).",in stock,new,66900 COP,,https://www.papajohns.com.co/combo-campeon-247/p?skuId=1869,https://papajohns.vteximg.com.br/arquivos/ids/158850-800-800/COMBO-CAMPEON-VTEX.jpg?v=639051781384730000,,Papa Johns,247,Pizzas > Promociones,"Food, Beverages & Tobacco > Food Items"
1874,Combo Pasta Vegetariana,"Pasta corta con champiñones, aceitunas negras, verduras frescas (tomate, cebolla) y queso mozzarella . Con mezcla de salsa pizza, bechamel y ajo, acompañada de dos knots de pan recién horneados. Con una bebida de coca cola de 400ml",in stock,new,27900 COP,,https://www.papajohns.com.co/combo-pasta-vegetariana-244/p?skuId=1874,https://papajohns.vteximg.com.br/arquivos/ids/158844-800-800/COMBO-PASTA-VEGETARIANA-VTEX.jpg?v=639051772732700000,,Papa Johns,244,Lasagnas y Pastas > Combo Lasagnas y Pastas,"Food, Beverages & Tobacco > Food Items"
1873,Combo Pasta Carnes,"Pasta corta con pollo, pepperoni, salchicha de cerdo y queso mozzarella. Con mezcla de salsa pizza, bechamel y ajo,. Acompañada de dos knots de pan recién horneados, Con una bebida de coca cola de 400ml",in stock,new,31900 COP,,https://www.papajohns.com.co/combo-pasta-carnes-243/p?skuId=1873,https://papajohns.vteximg.com.br/arquivos/ids/158846-800-800/COMBO-PASTA-CARNES-VTEX.jpg?v=639051775815970000,,Papa Johns,243,Lasagnas y Pastas > Combo Lasagnas y Pastas,"Food, Beverages & Tobacco > Food Items"
1872,Combo Pasta Jamón especial,"Pasta corta con Jamón y tocineta , queso mozzarella, con mezcla de salsa de ajo y bechamel con especias. Acompañada de dos knots de pan recién horneados. Con una bebida de coca cola de 400ml",in stock,new,30900 COP,,https://www.papajohns.com.co/combo-pasta-jamon-especial-242/p?skuId=1872,https://papajohns.vteximg.com.br/arquivos/ids/158848-800-800/COMBO-PASTA-JAMON-ESPECIAL-VTEX.jpg?v=639051777848500000,,Papa Johns,242,Lasagnas y Pastas > Combo Lasagnas y Pastas,"Food, Beverages & Tobacco > Food Items"
1871,Combo Pasta Vegetariana,"Pasta corta con champiñones, aceitunas negras, verduras frescas (tomate, cebolla) y queso mozzarella . Con mezcla de salsa pizza, bechamel y ajo, acompañada de dos knots de pan recién horneados. Con una bebida de coca cola de 400ml",in stock,new,30900 COP,,https://www.papajohns.com.co/combo-pasta-vegetariana-241/p?skuId=1871,https://papajohns.vteximg.com.br/arquivos/ids/158845-800-800/COMBO-PASTA-VEGETARIANA-VTEX.jpg?v=639051824923570000,,Papa Johns,241,Lasagnas y Pastas > Combo Lasagnas y Pastas,"Food, Beverages & Tobacco > Food Items"
1864,Pasta Vegetariana,"Pasta corta con champiñones, aceitunas negras, verduras frescas (tomate, cebolla) y queso mozzarella . Con mezcla de salsa pizza, bechamel y ajo, acompañada de dos knots de pan recién horneados.",in stock,new,28900 COP,,https://www.papajohns.com.co/pasta-vegetariana-238/p?skuId=1864,https://papajohns.vteximg.com.br/arquivos/ids/158842-800-800/PASTA-VEGETARIANA-ESPECIAL-VTEX.jpg?v=639051769555570000,,Papa Johns,238,Lasagnas y Pastas,"Food, Beverages & Tobacco > Food Items"
1865,Pasta Vegetariana,"Pasta corta con champiñones, aceitunas negras, verduras frescas (tomate, cebolla) y queso mozzarella . Con mezcla de salsa pizza, bechamel y ajo, acompañada de dos knots de pan recién horneados.",in stock,new,25900 COP,,https://www.papajohns.com.co/pasta-vegetariana-238/p?skuId=1865,https://papajohns.vteximg.com.br/arquivos/ids/158843-800-800/PASTA-VEGETARIANA-ESPECIAL-VTEX.jpg?v=639051769557900000,,Papa Johns,238,Lasagnas y Pastas,"Food, Beverages & Tobacco > Food Items"
1862,Pasta Carnes,"Pasta corta con pollo, pepperoni, salchicha de cerdo y queso mozzarella. Con mezcla de salsa pizza, bechamel y ajo,. Acompañada de dos knots de pan recién horneados",in stock,new,32900 COP,,https://www.papajohns.com.co/pasta-carnes-237/p?skuId=1862,https://papajohns.vteximg.com.br/arquivos/ids/158838-800-800/PASTA-CARNES-VTEX.jpg?v=639051764850500000,,Papa Johns,237,Lasagnas y Pastas,"Food, Beverages & Tobacco > Food Items"
1863,Pasta Carnes,"Pasta corta con pollo, pepperoni, salchicha de cerdo y queso mozzarella. Con mezcla de salsa pizza, bechamel y ajo,. Acompañada de dos knots de pan recién horneados",in stock,new,29900 COP,,https://www.papajohns.com.co/pasta-carnes-237/p?skuId=1863,https://papajohns.vteximg.com.br/arquivos/ids/158839-800-800/PASTA-CARNES-VTEX.jpg?v=639051764853000000,,Papa Johns,237,Lasagnas y Pastas,"Food, Beverages & Tobacco > Food Items"
1754,Combo Pizza Corazón - Pizza Corazon Masa-Delgada Salsa-Pizza,"Pizza en forma de corazón de pepperoni, 8 porciones acompañada con Coca Cola 1.5lts. Incluye tu salsa de Ajo por $2.900 pesos adicionales.",in stock,new,42900 COP,,https://www.papajohns.com.co/pizza-corazon-234/p?skuId=1754,https://papajohns.vteximg.com.br/arquivos/ids/158631-800-800/Rappi-pizza-corazon--4-.jpg?v=639008923899200000,,Papa Johns,234,Pizzas > Promociones,"Food, Beverages & Tobacco > Food Items"
1842,Combo Pizza Masa Delgada - Mediana Masa-delgada Borde-tradicional Salsa-Pizza,Tus ganas de comida tienen nombre: Combo Plan Pizza Masa Delgada : pizza de jamón y maíz con Coca Cola. Recíbelo en casa o recógelo en tienda. Incluye tu salsa de Ajo por $2.900 pesos adicionales.,in stock,new,40900 COP,,https://www.papajohns.com.co/combo-plan-a-jamon-maiz-233/p?skuId=1842,https://papajohns.vteximg.com.br/arquivos/ids/159693-800-800/Combo-Pizza-Masa-Delgada-VTEX.jpg?v=639122942563100000,,Papa Johns,233,Pizzas > Promociones,"Food, Beverages & Tobacco > Food Items"
1826,Combo Sandwich Pizza Italiana,"Un Sandwich Pizza Italiana dividida en dos pedazos, acompañada de una gaseosa de 400 ml.",in stock,new,26900 COP,,https://www.papajohns.com.co/combo-sandwich-pizza-italiana-227/p?skuId=1826,https://papajohns.vteximg.com.br/arquivos/ids/159697-800-800/COMBO-PAPADIA-ITALIANA.jpg?v=639239025878630000,,Papa Johns,227,Sandwich Pizza > Combo Sandwich Pizza,"Food, Beverages & Tobacco > Food Items"
1825,Combo Sandwich Pizza Vegetariana,"Un Sandwich Pizza Vegetariana dividida en dos pedazos, acompañada de una gaseosa de 400 ml.",in stock,new,26900 COP,,https://www.papajohns.com.co/combo-sandwich-pizza-vegetariana-226/p?skuId=1825,https://papajohns.vteximg.com.br/arquivos/ids/159699-800-800/COMBO PAPADIA VEGETARIANA.jpg?v=639105789953130000,,Papa Johns,226,Sandwich Pizza > Combo Sandwich Pizza,"Food, Beverages & Tobacco > Food Items"
1820,Combo Lasagna Jamón - Fundido jamón,La combinación ideal para los amantes del buen sabor: Lasagna de Jamón con su toque cremoso y una Coca-Cola bien fría para refrescar tu momento.,in stock,new,35900 COP,,https://www.papajohns.com.co/combo-lasagna-de-jamon-223/p?skuId=1820,https://papajohns.vteximg.com.br/arquivos/ids/159691-800-800/FUNDIDA JAMON COMBO.jpg?v=639105777708870000,,Papa Johns,223,Lasagnas y Pastas > Combo Lasagnas y Pastas,"Food, Beverages & Tobacco > Food Items"
1282,Epica Pepperoni - 6-Porciones Masa-tradicional Borde-tradicional Salsa-Pizza,Si tuviéramos que resumir en una frase a las Epica de pepperoni sería: donde el crunch se encuentra con el sabor intenso.,in stock,new,25900 COP,,https://www.papajohns.com.co/epica-pepperoni-165/p?skuId=1282,https://papajohns.vteximg.com.br/arquivos/ids/159866-800-800/e9c8c8ce-7032-411e-bf43-686661c61295___8b09d6e0dfa357698693f281a14dce9b.jpg?v=639227747709100000,,Papa Johns,165,Pizzas > Pizzas prearmadas > Las Épicas,"Food, Beverages & Tobacco > Food Items"
1788,Epica Pepperoni - 6-Porciones Masa-tradicional Borde-tradicional Salsa-Pizza,Si tuviéramos que resumir en una frase a las Epica de pepperoni sería: donde el crunch se encuentra con el sabor intenso.,in stock,new,24900 COP,,https://www.papajohns.com.co/epica-pepperoni-165/p?skuId=1788,https://papajohns.vteximg.com.br/arquivos/ids/159867-800-800/e9c8c8ce-7032-411e-bf43-686661c61295___8b09d6e0dfa357698693f281a14dce9b.jpg?v=639228411723130000,,Papa Johns,165,Pizzas > Pizzas prearmadas > Las Épicas,"Food, Beverages & Tobacco > Food Items"
549,Copa de ajo para pizza - Extra-Ajo copa,"Comidas sin salsa extra no se valen. Añade a tu pedido una copa de ajo para pizza y cuídala, todos querrán un poco de ella.",in stock,new,2900 COP,,https://www.papajohns.com.co/ajo-copa-40/p?skuId=549,https://papajohns.vteximg.com.br/arquivos/ids/159770-800-800/VTEX_SALSA-DE-AJO--1-.png?v=639189423524200000,,Papa Johns,40,Extras,"Food, Beverages & Tobacco > Food Items"
1663,Copa de ajo para pizza - Extra-Ajo copa,"Comidas sin salsa extra no se valen. Añade a tu pedido una copa de ajo para pizza y cuídala, todos querrán un poco de ella.",in stock,new,2900 COP,,https://www.papajohns.com.co/ajo-copa-40/p?skuId=1663,https://papajohns.vteximg.com.br/arquivos/ids/159771-800-800/VTEX_SALSA DE AJO -1-.png?v=639189423524370000,,Papa Johns,40,Extras,"Food, Beverages & Tobacco > Food Items"
168,Extra Pepperoni - Familiar Masa-tradicional Borde-tradicional Salsa-Pizza,"Suave, ligeramente ahumado y con toques precisos de picante. No te lo imagines, ¡ríndete ante el magnífico sabor de las Extras Pepperoni !",in stock,new,55500 COP,,https://www.papajohns.com.co/extra-pepperoni-8/p?skuId=168,https://papajohns.vteximg.com.br/arquivos/ids/158155-800-800/PEPPERONI-PIZZAZZ.jpg.jpg?v=639008843738800000,,Papa Johns,8,Pizzas > Pizzas prearmadas > Pizzas Favoritas,"Food, Beverages & Tobacco > Food Items"
1503,Extra Pepperoni - Familiar Masa-tradicional Borde-tradicional Salsa-Pizza,"Suave, ligeramente ahumado y con toques precisos de picante. No te lo imagines, ¡ríndete ante el magnífico sabor de las Extras Pepperoni !",in stock,new,52300 COP,,https://www.papajohns.com.co/extra-pepperoni-8/p?skuId=1503,https://papajohns.vteximg.com.br/arquivos/ids/158905-800-800/PEPPERONI-PIZZAZZ.jpg.jpg?v=639100639358470000,,Papa Johns,8,Pizzas > Pizzas prearmadas > Pizzas Favoritas,"Food, Beverages & Tobacco > Food Items"
164,Extra Pepperoni - Mediana Masa-tradicional Borde-tradicional Salsa-Pizza,"Suave, ligeramente ahumado y con toques precisos de picante. No te lo imagines, ¡ríndete ante el magnífico sabor de las Extras Pepperoni !",in stock,new,46500 COP,,https://www.papajohns.com.co/extra-pepperoni-8/p?skuId=164,https://papajohns.vteximg.com.br/arquivos/ids/158880-800-800/PEPPERONI-PIZZAZZ.jpg.jpg?v=639100639351970000,,Papa Johns,8,Pizzas > Pizzas prearmadas > Pizzas Favoritas,"Food, Beverages & Tobacco > Food Items"
1885,Extra Pepperoni - Mediana Masa-tradicional Borde-queso Salsa-Pizza,"Suave, ligeramente ahumado y con toques precisos de picante. No te lo imagines, ¡ríndete ante el magnífico sabor de las Extras Pepperoni !",in stock,new,60700 COP,,https://www.papajohns.com.co/extra-pepperoni-8/p?skuId=1885,https://papajohns.vteximg.com.br/arquivos/ids/158870-800-800/PEPPERONI-PIZZAZZ.jpg.jpg?v=639100639349930000,,Papa Johns,8,Pizzas > Pizzas prearmadas > Pizzas Favoritas,"Food, Beverages & Tobacco > Food Items"
1886,Extra Pepperoni - Mediana Masa-tradicional Borde-queso Salsa-BBQ,"Suave, ligeramente ahumado y con toques precisos de picante. No te lo imagines, ¡ríndete ante el magnífico sabor de las Extras Pepperoni !",in stock,new,60700 COP,,https://www.papajohns.com.co/extra-pepperoni-8/p?skuId=1886,https://papajohns.vteximg.com.br/arquivos/ids/158871-800-800/PEPPERONI-PIZZAZZ.jpg.jpg?v=639100639350230000,,Papa Johns,8,Pizzas > Pizzas prearmadas > Pizzas Favoritas,"Food, Beverages & Tobacco > Food Items"
1887,Extra Pepperoni - Mediana Masa-tradicional Borde-queso Salsa-Ranch,"Suave, ligeramente ahumado y con toques precisos de picante. No te lo imagines, ¡ríndete ante el magnífico sabor de las Extras Pepperoni !",in stock,new,60700 COP,,https://www.papajohns.com.co/extra-pepperoni-8/p?skuId=1887,https://papajohns.vteximg.com.br/arquivos/ids/158872-800-800/PEPPERONI-PIZZAZZ.jpg.jpg?v=639100639350400000,,Papa Johns,8,Pizzas > Pizzas prearmadas > Pizzas Favoritas,"Food, Beverages & Tobacco > Food Items"
1888,Extra Pepperoni - Mediana Masa-tradicional Borde-queso Salsa-Pizza,"Suave, ligeramente ahumado y con toques precisos de picante. No te lo imagines, ¡ríndete ante el magnífico sabor de las Extras Pepperoni !",in stock,new,56200 COP,,https://www.papajohns.com.co/extra-pepperoni-8/p?skuId=1888,https://papajohns.vteximg.com.br/arquivos/ids/158873-800-800/PEPPERONI-PIZZAZZ.jpg.jpg?v=639100639350530000,,Papa Johns,8,Pizzas > Pizzas prearmadas > Pizzas Favoritas,"Food, Beverages & Tobacco > Food Items"
1889,Extra Pepperoni - Mediana Masa-tradicional Borde-queso Salsa-BBQ,"Suave, ligeramente ahumado y con toques precisos de picante. No te lo imagines, ¡ríndete ante el magnífico sabor de las Extras Pepperoni !",in stock,new,56200 COP,,https://www.papajohns.com.co/extra-pepperoni-8/p?skuId=1889,https://papajohns.vteximg.com.br/arquivos/ids/158874-800-800/PEPPERONI-PIZZAZZ.jpg.jpg?v=639100639350530000,,Papa Johns,8,Pizzas > Pizzas prearmadas > Pizzas Favoritas,"Food, Beverages & Tobacco > Food Items"
1890,Extra Pepperoni - Mediana Masa-tradicional Borde-queso Salsa-Ranch,"Suave, ligeramente ahumado y con toques precisos de picante. No te lo imagines, ¡ríndete ante el magnífico sabor de las Extras Pepperoni !",in stock,new,56200 COP,,https://www.papajohns.com.co/extra-pepperoni-8/p?skuId=1890,https://papajohns.vteximg.com.br/arquivos/ids/158875-800-800/PEPPERONI-PIZZAZZ.jpg.jpg?v=639100639350700000,,Papa Johns,8,Pizzas > Pizzas prearmadas > Pizzas Favoritas,"Food, Beverages & Tobacco > Food Items"
160,Extra Pepperoni - Personal Masa-tradicional Borde-tradicional Salsa-Pizza,"Suave, ligeramente ahumado y con toques precisos de picante. No te lo imagines, ¡ríndete ante el magnífico sabor de las Extras Pepperoni !",in stock,new,34500 COP,,https://www.papajohns.com.co/extra-pepperoni-8/p?skuId=160,https://papajohns.vteximg.com.br/arquivos/ids/158876-800-800/PEPPERONI-PIZZAZZ.jpg.jpg?v=639100639350870000,,Papa Johns,8,Pizzas > Pizzas prearmadas > Pizzas Favoritas,"Food, Beverages & Tobacco > Food Items"
161,Extra Pepperoni - Personal Masa-tradicional Borde-tradicional Salsa-BBQ,"Suave, ligeramente ahumado y con toques precisos de picante. No te lo imagines, ¡ríndete ante el magnífico sabor de las Extras Pepperoni !",in stock,new,34500 COP,,https://www.papajohns.com.co/extra-pepperoni-8/p?skuId=161,https://papajohns.vteximg.com.br/arquivos/ids/158877-800-800/PEPPERONI-PIZZAZZ.jpg.jpg?v=639100639351170000,,Papa Johns,8,Pizzas > Pizzas prearmadas > Pizzas Favoritas,"Food, Beverages & Tobacco > Food Items"
162,Extra Pepperoni - Personal Masa-tradicional Borde-tradicional Salsa-Ranch,"Suave, ligeramente ahumado y con toques precisos de picante. No te lo imagines, ¡ríndete ante el magnífico sabor de las Extras Pepperoni !",in stock,new,34500 COP,,https://www.papajohns.com.co/extra-pepperoni-8/p?skuId=162,https://papajohns.vteximg.com.br/arquivos/ids/158878-800-800/PEPPERONI-PIZZAZZ.jpg.jpg?v=639100639351500000,,Papa Johns,8,Pizzas > Pizzas prearmadas > Pizzas Favoritas,"Food, Beverages & Tobacco > Food Items"
165,Extra Pepperoni - Mediana Masa-radicional Borde-tradicional Salsa-BBQ,"Suave, ligeramente ahumado y con toques precisos de picante. No te lo imagines, ¡ríndete ante el magnífico sabor de las Extras Pepperoni !",in stock,new,46500 COP,,https://www.papajohns.com.co/extra-pepperoni-8/p?skuId=165,https://papajohns.vteximg.com.br/arquivos/ids/158881-800-800/PEPPERONI-PIZZAZZ.jpg.jpg?v=639100639352100000,,Papa Johns,8,Pizzas > Pizzas prearmadas > Pizzas Favoritas,"Food, Beverages & Tobacco > Food Items"
166,Extra Pepperoni - Mediana Masa-tradicional Borde-tradicional Salsa-Ranch,"Suave, ligeramente ahumado y con toques precisos de picante. No te lo imagines, ¡ríndete ante el magnífico sabor de las Extras Pepperoni !",in stock,new,46500 COP,,https://www.papajohns.com.co/extra-pepperoni-8/p?skuId=166,https://papajohns.vteximg.com.br/arquivos/ids/158882-800-800/PEPPERONI-PIZZAZZ.jpg.jpg?v=639100639352430000,,Papa Johns,8,Pizzas > Pizzas prearmadas > Pizzas Favoritas,"Food, Beverages & Tobacco > Food Items"
169,Extra Pepperoni - Familiar Masa-tradicional Borde-tradicional Salsa-BBQ,"Suave, ligeramente ahumado y con toques precisos de picante. No te lo imagines, ¡ríndete ante el magnífico sabor de las Extras Pepperoni !",in stock,new,55500 COP,,https://www.papajohns.com.co/extra-pepperoni-8/p?skuId=169,https://papajohns.vteximg.com.br/arquivos/ids/158884-800-800/PEPPERONI-PIZZAZZ.jpg.jpg?v=639100639352900000,,Papa Johns,8,Pizzas > Pizzas prearmadas > Pizzas Favoritas,"Food, Beverages & Tobacco > Food Items"
170,Extra Pepperoni - Familiar Masa-tradicional Borde-tradicional Salsa-Ranch,"Suave, ligeramente ahumado y con toques precisos de picante. No te lo imagines, ¡ríndete ante el magnífico sabor de las Extras Pepperoni !",in stock,new,55500 COP,,https://www.papajohns.com.co/extra-pepperoni-8/p?skuId=170,https://papajohns.vteximg.com.br/arquivos/ids/158885-800-800/PEPPERONI-PIZZAZZ.jpg.jpg?v=639100639353270000,,Papa Johns,8,Pizzas > Pizzas prearmadas > Pizzas Favoritas,"Food, Beverages & Tobacco > Food Items"
172,Extra Pepperoni - Familiar Masa-tradicional Borde-queso Salsa-Pizza,"Suave, ligeramente ahumado y con toques precisos de picante. No te lo imagines, ¡ríndete ante el magnífico sabor de las Extras Pepperoni !",in stock,new,69900 COP,,https://www.papajohns.com.co/extra-pepperoni-8/p?skuId=172,https://papajohns.vteximg.com.br/arquivos/ids/158887-800-800/PEPPERONI-PIZZAZZ.jpg.jpg?v=639100639353730000,,Papa Johns,8,Pizzas > Pizzas prearmadas > Pizzas Favoritas,"Food, Beverages & Tobacco > Food Items"
173,Extra Pepperoni - Familiar Masa-tradicional Borde-queso Salsa-BBQ,"Suave, ligeramente ahumado y con toques precisos de picante. No te lo imagines, ¡ríndete ante el magnífico sabor de las Extras Pepperoni !",in stock,new,69900 COP,,https://www.papajohns.com.co/extra-pepperoni-8/p?skuId=173,https://papajohns.vteximg.com.br/arquivos/ids/158888-800-800/PEPPERONI-PIZZAZZ.jpg.jpg?v=639100639354030000,,Papa Johns,8,Pizzas > Pizzas prearmadas > Pizzas Favoritas,"Food, Beverages & Tobacco > Food Items"
174,Extra Pepperoni - Familiar Masa-tradicional Borde-queso Salsa-Ranch,"Suave, ligeramente ahumado y con toques precisos de picante. No te lo imagines, ¡ríndete ante el magnífico sabor de las Extras Pepperoni !",in stock,new,69900 COP,,https://www.papajohns.com.co/extra-pepperoni-8/p?skuId=174,https://papajohns.vteximg.com.br/arquivos/ids/158889-800-800/PEPPERONI-PIZZAZZ.jpg.jpg?v=639100639354370000,,Papa Johns,8,Pizzas > Pizzas prearmadas > Pizzas Favoritas,"Food, Beverages & Tobacco > Food Items"
180,Extra Pepperoni - Mega familar Masa-tradicional Borde-tradicional Salsa-Pizza,"Suave, ligeramente ahumado y con toques precisos de picante. No te lo imagines, ¡ríndete ante el magnífico sabor de las Extras Pepperoni !",in stock,new,66500 COP,,https://www.papajohns.com.co/extra-pepperoni-8/p?skuId=180,https://papajohns.vteximg.com.br/arquivos/ids/158895-800-800/PEPPERONI-PIZZAZZ.jpg.jpg?v=639100639355970000,,Papa Johns,8,Pizzas > Pizzas prearmadas > Pizzas Favoritas,"Food, Beverages & Tobacco > Food Items"
181,Extra Pepperoni - Mega familar Masa-tradicional Borde-tradicional Salsa-BBQ,"Suave, ligeramente ahumado y con toques precisos de picante. No te lo imagines, ¡ríndete ante el magnífico sabor de las Extras Pepperoni !",in stock,new,66500 COP,,https://www.papajohns.com.co/extra-pepperoni-8/p?skuId=181,https://papajohns.vteximg.com.br/arquivos/ids/158896-800-800/PEPPERONI-PIZZAZZ.jpg.jpg?v=639100639356130000,,Papa Johns,8,Pizzas > Pizzas prearmadas > Pizzas Favoritas,"Food, Beverages & Tobacco > Food Items"
182,Extra Pepperoni - Mega familar Masa-tradicional Borde-tradicional Salsa-Ranch,"Suave, ligeramente ahumado y con toques precisos de picante. No te lo imagines, ¡ríndete ante el magnífico sabor de las Extras Pepperoni !",in stock,new,66500 COP,,https://www.papajohns.com.co/extra-pepperoni-8/p?skuId=182,https://papajohns.vteximg.com.br/arquivos/ids/158897-800-800/PEPPERONI-PIZZAZZ.jpg.jpg?v=639100639356600000,,Papa Johns,8,Pizzas > Pizzas prearmadas > Pizzas Favoritas,"Food, Beverages & Tobacco > Food Items"
1497,Extra Pepperoni - Personal Masa-tradicional Borde-tradicional Salsa-Pizza,"Suave, ligeramente ahumado y con toques precisos de picante. No te lo imagines, ¡ríndete ante el magnífico sabor de las Extras Pepperoni !",in stock,new,31300 COP,,https://www.papajohns.com.co/extra-pepperoni-8/p?skuId=1497,https://papajohns.vteximg.com.br/arquivos/ids/158899-800-800/PEPPERONI-PIZZAZZ.jpg.jpg?v=639100639357200000,,Papa Johns,8,Pizzas > Pizzas prearmadas > Pizzas Favoritas,"Food, Beverages & Tobacco > Food Items"
1498,Extra Pepperoni - Personal Masa-tradicional Borde-tradicional Salsa-BBQ,"Suave, ligeramente ahumado y con toques precisos de picante. No te lo imagines, ¡ríndete ante el magnífico sabor de las Extras Pepperoni !",in stock,new,31300 COP,,https://www.papajohns.com.co/extra-pepperoni-8/p?skuId=1498,https://papajohns.vteximg.com.br/arquivos/ids/158900-800-800/PEPPERONI-PIZZAZZ.jpg.jpg?v=639100639357530000,,Papa Johns,8,Pizzas > Pizzas prearmadas > Pizzas Favoritas,"Food, Beverages & Tobacco > Food Items"
1499,Extra Pepperoni - Personal Masa-tradicional Borde-tradicional Salsa-Ranch,"Suave, ligeramente ahumado y con toques precisos de picante. No te lo imagines, ¡ríndete ante el magnífico sabor de las Extras Pepperoni !",in stock,new,31300 COP,,https://www.papajohns.com.co/extra-pepperoni-8/p?skuId=1499,https://papajohns.vteximg.com.br/arquivos/ids/158901-800-800/PEPPERONI-PIZZAZZ.jpg.jpg?v=639100639357700000,,Papa Johns,8,Pizzas > Pizzas prearmadas > Pizzas Favoritas,"Food, Beverages & Tobacco > Food Items"
1500,Extra Pepperoni - Mediana Masa-tradicional Borde-tradicional Salsa-Pizza,"Suave, ligeramente ahumado y con toques precisos de picante. No te lo imagines, ¡ríndete ante el magnífico sabor de las Extras Pepperoni !",in stock,new,43300 COP,,https://www.papajohns.com.co/extra-pepperoni-8/p?skuId=1500,https://papajohns.vteximg.com.br/arquivos/ids/158902-800-800/PEPPERONI-PIZZAZZ.jpg.jpg?v=639100639357830000,,Papa Johns,8,Pizzas > Pizzas prearmadas > Pizzas Favoritas,"Food, Beverages & Tobacco > Food Items"
1501,Extra Pepperoni - Mediana Masa-radicional Borde-tradicional Salsa-BBQ,"Suave, ligeramente ahumado y con toques precisos de picante. No te lo imagines, ¡ríndete ante el magnífico sabor de las Extras Pepperoni !",in stock,new,43300 COP,,https://www.papajohns.com.co/extra-pepperoni-8/p?skuId=1501,https://papajohns.vteximg.com.br/arquivos/ids/158903-800-800/PEPPERONI-PIZZAZZ.jpg.jpg?v=639100639358170000,,Papa Johns,8,Pizzas > Pizzas prearmadas > Pizzas Favoritas,"Food, Beverages & Tobacco > Food Items"
1502,Extra Pepperoni - Mediana Masa-tradicional Borde-tradicional Salsa-Ranch,"Suave, ligeramente ahumado y con toques precisos de picante. No te lo imagines, ¡ríndete ante el magnífico sabor de las Extras Pepperoni !",in stock,new,43300 COP,,https://www.papajohns.com.co/extra-pepperoni-8/p?skuId=1502,https://papajohns.vteximg.com.br/arquivos/ids/158904-800-800/PEPPERONI-PIZZAZZ.jpg.jpg?v=639100639358300000,,Papa Johns,8,Pizzas > Pizzas prearmadas > Pizzas Favoritas,"Food, Beverages & Tobacco > Food Items"
1504,Extra Pepperoni - Familiar Masa-tradicional Borde-tradicional Salsa-BBQ,"Suave, ligeramente ahumado y con toques precisos de picante. No te lo imagines, ¡ríndete ante el magnífico sabor de las Extras Pepperoni !",in stock,new,52300 COP,,https://www.papajohns.com.co/extra-pepperoni-8/p?skuId=1504,https://papajohns.vteximg.com.br/arquivos/ids/158906-800-800/PEPPERONI-PIZZAZZ.jpg.jpg?v=639100639358800000,,Papa Johns,8,Pizzas > Pizzas prearmadas > Pizzas Favoritas,"Food, Beverages & Tobacco > Food Items"
1505,Extra Pepperoni - Familiar Masa-tradicional Borde-tradicional Salsa-Ranch,"Suave, ligeramente ahumado y con toques precisos de picante. No te lo imagines, ¡ríndete ante el magnífico sabor de las Extras Pepperoni !",in stock,new,52300 COP,,https://www.papajohns.com.co/extra-pepperoni-8/p?skuId=1505,https://papajohns.vteximg.com.br/arquivos/ids/158907-800-800/PEPPERONI-PIZZAZZ.jpg.jpg?v=639100639359100000,,Papa Johns,8,Pizzas > Pizzas prearmadas > Pizzas Favoritas,"Food, Beverages & Tobacco > Food Items"
1506,Extra Pepperoni - Familiar Masa-tradicional Borde-queso Salsa-Pizza,"Suave, ligeramente ahumado y con toques precisos de picante. No te lo imagines, ¡ríndete ante el magnífico sabor de las Extras Pepperoni !",in stock,new,65200 COP,,https://www.papajohns.com.co/extra-pepperoni-8/p?skuId=1506,https://papajohns.vteximg.com.br/arquivos/ids/158908-800-800/PEPPERONI-PIZZAZZ.jpg.jpg?v=639100639359230000,,Papa Johns,8,Pizzas > Pizzas prearmadas > Pizzas Favoritas,"Food, Beverages & Tobacco > Food Items"
1507,Extra Pepperoni - Familiar Masa-tradicional Borde-queso Salsa-BBQ,"Suave, ligeramente ahumado y con toques precisos de picante. No te lo imagines, ¡ríndete ante el magnífico sabor de las Extras Pepperoni !",in stock,new,65200 COP,,https://www.papajohns.com.co/extra-pepperoni-8/p?skuId=1507,https://papajohns.vteximg.com.br/arquivos/ids/158909-800-800/PEPPERONI-PIZZAZZ.jpg.jpg?v=639100639359570000,,Papa Johns,8,Pizzas > Pizzas prearmadas > Pizzas Favoritas,"Food, Beverages & Tobacco > Food Items"
1508,Extra Pepperoni - Familiar Masa-tradicional Borde-queso Salsa-Ranch,"Suave, ligeramente ahumado y con toques precisos de picante. No te lo imagines, ¡ríndete ante el magnífico sabor de las Extras Pepperoni !",in stock,new,65200 COP,,https://www.papajohns.com.co/extra-pepperoni-8/p?skuId=1508,https://papajohns.vteximg.com.br/arquivos/ids/158910-800-800/PEPPERONI-PIZZAZZ.jpg.jpg?v=639100639359870000,,Papa Johns,8,Pizzas > Pizzas prearmadas > Pizzas Favoritas,"Food, Beverages & Tobacco > Food Items"
1509,Extra Pepperoni - Mega familar Masa-tradicional Borde-tradicional Salsa-Pizza,"Suave, ligeramente ahumado y con toques precisos de picante. No te lo imagines, ¡ríndete ante el magnífico sabor de las Extras Pepperoni !",in stock,new,63300 COP,,https://www.papajohns.com.co/extra-pepperoni-8/p?skuId=1509,https://papajohns.vteximg.com.br/arquivos/ids/158911-800-800/PEPPERONI-PIZZAZZ.jpg.jpg?v=639100639360030000,,Papa Johns,8,Pizzas > Pizzas prearmadas > Pizzas Favoritas,"Food, Beverages & Tobacco > Food Items"
1510,Extra Pepperoni - Mega familar Masa-tradicional Borde-tradicional Salsa-BBQ,"Suave, ligeramente ahumado y con toques precisos de picante. No te lo imagines, ¡ríndete ante el magnífico sabor de las Extras Pepperoni !",in stock,new,63300 COP,,https://www.papajohns.com.co/extra-pepperoni-8/p?skuId=1510,https://papajohns.vteximg.com.br/arquivos/ids/158912-800-800/PEPPERONI-PIZZAZZ.jpg.jpg?v=639100639360200000,,Papa Johns,8,Pizzas > Pizzas prearmadas > Pizzas Favoritas,"Food, Beverages & Tobacco > Food Items"
1511,Extra Pepperoni - Mega familar Masa-tradicional Borde-tradicional Salsa-Ranch,"Suave, ligeramente ahumado y con toques precisos de picante. No te lo imagines, ¡ríndete ante el magnífico sabor de las Extras Pepperoni !",in stock,new,63300 COP,,https://www.papajohns.com.co/extra-pepperoni-8/p?skuId=1511,https://papajohns.vteximg.com.br/arquivos/ids/158913-800-800/PEPPERONI-PIZZAZZ.jpg.jpg?v=639100639360500000,,Papa Johns,8,Pizzas > Pizzas prearmadas > Pizzas Favoritas,"Food, Beverages & Tobacco > Food Items"
75,Pizza de Pepperoni - Familiar Masa-tradicional Borde-tradicional Salsa-Pizza,"Tenemos muchas razones para que pidas ya muchas Pizza de pepperoni : exceso de ingredientes, recogida en tienda o domicilio.",in stock,new,55500 COP,,https://www.papajohns.com.co/pizza-de-pepperoni-4/p?skuId=75,https://papajohns.vteximg.com.br/arquivos/ids/158044-800-800/FUNDIDA-CON-PEPPERONI.jpg.jpg?v=639008598884170000,,Papa Johns,4,Pizzas > Pizzas prearmadas > Pizzas Favoritas,"Food, Beverages & Tobacco > Food Items"
1458,Pizza de Pepperoni - Familiar Masa-tradicional Borde-tradicional Salsa-Pizza,"Tenemos muchas razones para que pidas ya muchas Pizza de pepperoni : exceso de ingredientes, recogida en tienda o domicilio.",in stock,new,52300 COP,,https://www.papajohns.com.co/pizza-de-pepperoni-4/p?skuId=1458,https://papajohns.vteximg.com.br/arquivos/ids/159123-800-800/FUNDIDA-CON-PEPPERONI.jpg.jpg?v=639100722459130000,,Papa Johns,4,Pizzas > Pizzas prearmadas > Pizzas Favoritas,"Food, Beverages & Tobacco > Food Items"
71,Pizza de Pepperoni - Mediana Masa-tradicional Borde-tradicional Salsa-Pizza,"Tenemos muchas razones para que pidas ya muchas Pizza de pepperoni : exceso de ingredientes, recogida en tienda o domicilio.",in stock,new,46500 COP,,https://www.papajohns.com.co/pizza-de-pepperoni-4/p?skuId=71,https://papajohns.vteximg.com.br/arquivos/ids/159098-800-800/FUNDIDA-CON-PEPPERONI.jpg.jpg?v=639100722453500000,,Papa Johns,4,Pizzas > Pizzas prearmadas > Pizzas Favoritas,"Food, Beverages & Tobacco > Food Items"
1879,Pizza de Pepperoni - Mediana Masa-tradicional Borde-queso Salsa-Pizza,"Tenemos muchas razones para que pidas ya muchas Pizza de pepperoni : exceso de ingredientes, recogida en tienda o domicilio.",in stock,new,60700 COP,,https://www.papajohns.com.co/pizza-de-pepperoni-4/p?skuId=1879,https://papajohns.vteximg.com.br/arquivos/ids/159089-800-800/FUNDIDA-CON-PEPPERONI.jpg.jpg?v=639100722451000000,,Papa Johns,4,Pizzas > Pizzas prearmadas > Pizzas Favoritas,"Food, Beverages & Tobacco > Food Items"
1880,Pizza de Pepperoni - Mediana Masa-tradicional Borde-queso Salsa-BBQ,"Tenemos muchas razones para que pidas ya muchas Pizza de pepperoni : exceso de ingredientes, recogida en tienda o domicilio.",in stock,new,60700 COP,,https://www.papajohns.com.co/pizza-de-pepperoni-4/p?skuId=1880,https://papajohns.vteximg.com.br/arquivos/ids/159090-800-800/FUNDIDA-CON-PEPPERONI.jpg.jpg?v=639100722451300000,,Papa Johns,4,Pizzas > Pizzas prearmadas > Pizzas Favoritas,"Food, Beverages & Tobacco > Food Items"
1881,Pizza de Pepperoni - Mediana Masa-tradicional Borde-queso Salsa-Ranch,"Tenemos muchas razones para que pidas ya muchas Pizza de pepperoni : exceso de ingredientes, recogida en tienda o domicilio.",in stock,new,60700 COP,,https://www.papajohns.com.co/pizza-de-pepperoni-4/p?skuId=1881,https://papajohns.vteximg.com.br/arquivos/ids/159091-800-800/FUNDIDA-CON-PEPPERONI.jpg.jpg?v=639100722451630000,,Papa Johns,4,Pizzas > Pizzas prearmadas > Pizzas Favoritas,"Food, Beverages & Tobacco > Food Items"
1882,Pizza de Pepperoni - Mediana Masa-tradicional Borde-queso Salsa-Pizza,"Tenemos muchas razones para que pidas ya muchas Pizza de pepperoni : exceso de ingredientes, recogida en tienda o domicilio.",in stock,new,56200 COP,,https://www.papajohns.com.co/pizza-de-pepperoni-4/p?skuId=1882,https://papajohns.vteximg.com.br/arquivos/ids/159092-800-800/FUNDIDA-CON-PEPPERONI.jpg.jpg?v=639100722451800000,,Papa Johns,4,Pizzas > Pizzas prearmadas > Pizzas Favoritas,"Food, Beverages & Tobacco > Food Items"
1883,Pizza de Pepperoni - Mediana Masa-tradicional Borde-queso Salsa-BBQ,"Tenemos muchas razones para que pidas ya muchas Pizza de pepperoni : exceso de ingredientes, recogida en tienda o domicilio.",in stock,new,56200 COP,,https://www.papajohns.com.co/pizza-de-pepperoni-4/p?skuId=1883,https://papajohns.vteximg.com.br/arquivos/ids/159093-800-800/FUNDIDA-CON-PEPPERONI.jpg.jpg?v=639100722451930000,,Papa Johns,4,Pizzas > Pizzas prearmadas > Pizzas Favoritas,"Food, Beverages & Tobacco > Food Items"
1884,Pizza de Pepperoni - Mediana Masa-tradicional Borde-queso Salsa-Ranch,"Tenemos muchas razones para que pidas ya muchas Pizza de pepperoni : exceso de ingredientes, recogida en tienda o domicilio.",in stock,new,56200 COP,,https://www.papajohns.com.co/pizza-de-pepperoni-4/p?skuId=1884,https://papajohns.vteximg.com.br/arquivos/ids/159094-800-800/FUNDIDA-CON-PEPPERONI.jpg.jpg?v=639100722452270000,,Papa Johns,4,Pizzas > Pizzas prearmadas > Pizzas Favoritas,"Food, Beverages & Tobacco > Food Items"
68,Pizza de Pepperoni - Personal Masa-tradicional Borde-tradicional Salsa-Pizza,"Tenemos muchas razones para que pidas ya muchas Pizza de pepperoni : exceso de ingredientes, recogida en tienda o domicilio.",in stock,new,34500 COP,,https://www.papajohns.com.co/pizza-de-pepperoni-4/p?skuId=68,https://papajohns.vteximg.com.br/arquivos/ids/159095-800-800/FUNDIDA-CON-PEPPERONI.jpg.jpg?v=639100722452570000,,Papa Johns,4,Pizzas > Pizzas prearmadas > Pizzas Favoritas,"Food, Beverages & Tobacco > Food Items"
69,Pizza de Pepperoni - Personal Masa-tradicional Borde-tradicional Salsa-BBQ,"Tenemos muchas razones para que pidas ya muchas Pizza de pepperoni : exceso de ingredientes, recogida en tienda o domicilio.",in stock,new,34500 COP,,https://www.papajohns.com.co/pizza-de-pepperoni-4/p?skuId=69,https://papajohns.vteximg.com.br/arquivos/ids/159096-800-800/FUNDIDA-CON-PEPPERONI.jpg.jpg?v=639100722452870000,,Papa Johns,4,Pizzas > Pizzas prearmadas > Pizzas Favoritas,"Food, Beverages & Tobacco > Food Items"
70,Pizza de Pepperoni - Personal Masa-tradicional Borde-tradicional Salsa-Ranch,"Tenemos muchas razones para que pidas ya muchas Pizza de pepperoni : exceso de ingredientes, recogida en tienda o domicilio.",in stock,new,34500 COP,,https://www.papajohns.com.co/pizza-de-pepperoni-4/p?skuId=70,https://papajohns.vteximg.com.br/arquivos/ids/159097-800-800/FUNDIDA-CON-PEPPERONI.jpg.jpg?v=639100722453200000,,Papa Johns,4,Pizzas > Pizzas prearmadas > Pizzas Favoritas,"Food, Beverages & Tobacco > Food Items"
72,Pizza de Pepperoni - Mediana Masa-radicional Borde-tradicional Salsa-BBQ,"Tenemos muchas razones para que pidas ya muchas Pizza de pepperoni : exceso de ingredientes, recogida en tienda o domicilio.",in stock,new,46500 COP,,https://www.papajohns.com.co/pizza-de-pepperoni-4/p?skuId=72,https://papajohns.vteximg.com.br/arquivos/ids/159099-800-800/FUNDIDA-CON-PEPPERONI.jpg.jpg?v=639100722453670000,,Papa Johns,4,Pizzas > Pizzas prearmadas > Pizzas Favoritas,"Food, Beverages & Tobacco > Food Items"
73,Pizza de Pepperoni - Mediana Masa-tradicional Borde-tradicional Salsa-Ranch,"Tenemos muchas razones para que pidas ya muchas Pizza de pepperoni : exceso de ingredientes, recogida en tienda o domicilio.",in stock,new,46500 COP,,https://www.papajohns.com.co/pizza-de-pepperoni-4/p?skuId=73,https://papajohns.vteximg.com.br/arquivos/ids/159100-800-800/FUNDIDA-CON-PEPPERONI.jpg.jpg?v=639100722453970000,,Papa Johns,4,Pizzas > Pizzas prearmadas > Pizzas Favoritas,"Food, Beverages & Tobacco > Food Items"
76,Pizza de Pepperoni - Familiar Masa-tradicional Borde-tradicional Salsa-BBQ,"Tenemos muchas razones para que pidas ya muchas Pizza de pepperoni : exceso de ingredientes, recogida en tienda o domicilio.",in stock,new,55500 COP,,https://www.papajohns.com.co/pizza-de-pepperoni-4/p?skuId=76,https://papajohns.vteximg.com.br/arquivos/ids/159102-800-800/FUNDIDA-CON-PEPPERONI.jpg.jpg?v=639100722454430000,,Papa Johns,4,Pizzas > Pizzas prearmadas > Pizzas Favoritas,"Food, Beverages & Tobacco > Food Items"
77,Pizza de Pepperoni - Familiar Masa-tradicional Borde-tradicional Salsa-Ranch,"Tenemos muchas razones para que pidas ya muchas Pizza de pepperoni : exceso de ingredientes, recogida en tienda o domicilio.",in stock,new,55500 COP,,https://www.papajohns.com.co/pizza-de-pepperoni-4/p?skuId=77,https://papajohns.vteximg.com.br/arquivos/ids/159103-800-800/FUNDIDA-CON-PEPPERONI.jpg.jpg?v=639100722454600000,,Papa Johns,4,Pizzas > Pizzas prearmadas > Pizzas Favoritas,"Food, Beverages & Tobacco > Food Items"
79,Pizza de Pepperoni - Familiar Masa-tradicional Borde-queso Salsa-Pizza,"Tenemos muchas razones para que pidas ya muchas Pizza de pepperoni : exceso de ingredientes, recogida en tienda o domicilio.",in stock,new,69900 COP,,https://www.papajohns.com.co/pizza-de-pepperoni-4/p?skuId=79,https://papajohns.vteximg.com.br/arquivos/ids/159105-800-800/FUNDIDA-CON-PEPPERONI.jpg.jpg?v=639100722454900000,,Papa Johns,4,Pizzas > Pizzas prearmadas > Pizzas Favoritas,"Food, Beverages & Tobacco > Food Items"
80,Pizza de Pepperoni - Familiar Masa-tradicional Borde-queso Salsa-BBQ,"Tenemos muchas razones para que pidas ya muchas Pizza de pepperoni : exceso de ingredientes, recogida en tienda o domicilio.",in stock,new,69900 COP,,https://www.papajohns.com.co/pizza-de-pepperoni-4/p?skuId=80,https://papajohns.vteximg.com.br/arquivos/ids/159106-800-800/FUNDIDA-CON-PEPPERONI.jpg.jpg?v=639100722455070000,,Papa Johns,4,Pizzas > Pizzas prearmadas > Pizzas Favoritas,"Food, Beverages & Tobacco > Food Items"
81,Pizza de Pepperoni - Familiar Masa-tradicional Borde-queso Salsa-Ranch,"Tenemos muchas razones para que pidas ya muchas Pizza de pepperoni : exceso de ingredientes, recogida en tienda o domicilio.",in stock,new,69900 COP,,https://www.papajohns.com.co/pizza-de-pepperoni-4/p?skuId=81,https://papajohns.vteximg.com.br/arquivos/ids/159107-800-800/FUNDIDA-CON-PEPPERONI.jpg.jpg?v=639100722455370000,,Papa Johns,4,Pizzas > Pizzas prearmadas > Pizzas Favoritas,"Food, Beverages & Tobacco > Food Items"
87,Pizza de Pepperoni - Mega familar Masa-tradicional Borde-tradicional Salsa-Pizza,"Tenemos muchas razones para que pidas ya muchas Pizza de pepperoni : exceso de ingredientes, recogida en tienda o domicilio.",in stock,new,66500 COP,,https://www.papajohns.com.co/pizza-de-pepperoni-4/p?skuId=87,https://papajohns.vteximg.com.br/arquivos/ids/159113-800-800/FUNDIDA-CON-PEPPERONI.jpg.jpg?v=639100722456800000,,Papa Johns,4,Pizzas > Pizzas prearmadas > Pizzas Favoritas,"Food, Beverages & Tobacco > Food Items"
88,Pizza de Pepperoni - Mega familar Masa-tradicional Borde-tradicional Salsa-BBQ,"Tenemos muchas razones para que pidas ya muchas Pizza de pepperoni : exceso de ingredientes, recogida en tienda o domicilio.",in stock,new,66500 COP,,https://www.papajohns.com.co/pizza-de-pepperoni-4/p?skuId=88,https://papajohns.vteximg.com.br/arquivos/ids/159114-800-800/FUNDIDA-CON-PEPPERONI.jpg.jpg?v=639100722457100000,,Papa Johns,4,Pizzas > Pizzas prearmadas > Pizzas Favoritas,"Food, Beverages & Tobacco > Food Items"
89,Pizza de Pepperoni - Mega familar Masa-tradicional Borde-tradicional Salsa-Ranch,"Tenemos muchas razones para que pidas ya muchas Pizza de pepperoni : exceso de ingredientes, recogida en tienda o domicilio.",in stock,new,66500 COP,,https://www.papajohns.com.co/pizza-de-pepperoni-4/p?skuId=89,https://papajohns.vteximg.com.br/arquivos/ids/159115-800-800/FUNDIDA-CON-PEPPERONI.jpg.jpg?v=639100722457270000,,Papa Johns,4,Pizzas > Pizzas prearmadas > Pizzas Favoritas,"Food, Beverages & Tobacco > Food Items"
1452,Pizza de Pepperoni - Personal Masa-tradicional Borde-tradicional Salsa-Pizza,"Tenemos muchas razones para que pidas ya muchas Pizza de pepperoni : exceso de ingredientes, recogida en tienda o domicilio.",in stock,new,31300 COP,,https://www.papajohns.com.co/pizza-de-pepperoni-4/p?skuId=1452,https://papajohns.vteximg.com.br/arquivos/ids/159117-800-800/FUNDIDA-CON-PEPPERONI.jpg.jpg?v=639100722457730000,,Papa Johns,4,Pizzas > Pizzas prearmadas > Pizzas Favoritas,"Food, Beverages & Tobacco > Food Items"
1453,Pizza de Pepperoni - Personal Masa-tradicional Borde-tradicional Salsa-BBQ,"Tenemos muchas razones para que pidas ya muchas Pizza de pepperoni : exceso de ingredientes, recogida en tienda o domicilio.",in stock,new,31300 COP,,https://www.papajohns.com.co/pizza-de-pepperoni-4/p?skuId=1453,https://papajohns.vteximg.com.br/arquivos/ids/159118-800-800/FUNDIDA-CON-PEPPERONI.jpg.jpg?v=639100722457870000,,Papa Johns,4,Pizzas > Pizzas prearmadas > Pizzas Favoritas,"Food, Beverages & Tobacco > Food Items"
1454,Pizza de Pepperoni - Personal Masa-tradicional Borde-tradicional Salsa-Ranch,"Tenemos muchas razones para que pidas ya muchas Pizza de pepperoni : exceso de ingredientes, recogida en tienda o domicilio.",in stock,new,31300 COP,,https://www.papajohns.com.co/pizza-de-pepperoni-4/p?skuId=1454,https://papajohns.vteximg.com.br/arquivos/ids/159119-800-800/FUNDIDA-CON-PEPPERONI.jpg.jpg?v=639100722458200000,,Papa Johns,4,Pizzas > Pizzas prearmadas > Pizzas Favoritas,"Food, Beverages & Tobacco > Food Items"
1455,Pizza de Pepperoni - Mediana Masa-tradicional Borde-tradicional Salsa-Pizza,"Tenemos muchas razones para que pidas ya muchas Pizza de pepperoni : exceso de ingredientes, recogida en tienda o domicilio.",in stock,new,43300 COP,,https://www.papajohns.com.co/pizza-de-pepperoni-4/p?skuId=1455,https://papajohns.vteximg.com.br/arquivos/ids/159120-800-800/FUNDIDA-CON-PEPPERONI.jpg.jpg?v=639100722458330000,,Papa Johns,4,Pizzas > Pizzas prearmadas > Pizzas Favoritas,"Food, Beverages & Tobacco > Food Items"
1456,Pizza de Pepperoni - Mediana Masa-radicional Borde-tradicional Salsa-BBQ,"Tenemos muchas razones para que pidas ya muchas Pizza de pepperoni : exceso de ingredientes, recogida en tienda o domicilio.",in stock,new,43300 COP,,https://www.papajohns.com.co/pizza-de-pepperoni-4/p?skuId=1456,https://papajohns.vteximg.com.br/arquivos/ids/159121-800-800/FUNDIDA-CON-PEPPERONI.jpg.jpg?v=639100722458500000,,Papa Johns,4,Pizzas > Pizzas prearmadas > Pizzas Favoritas,"Food, Beverages & Tobacco > Food Items"
1457,Pizza de Pepperoni - Mediana Masa-tradicional Borde-tradicional Salsa-Ranch,"Tenemos muchas razones para que pidas ya muchas Pizza de pepperoni : exceso de ingredientes, recogida en tienda o domicilio.",in stock,new,43300 COP,,https://www.papajohns.com.co/pizza-de-pepperoni-4/p?skuId=1457,https://papajohns.vteximg.com.br/arquivos/ids/159122-800-800/FUNDIDA-CON-PEPPERONI.jpg.jpg?v=639100722458800000,,Papa Johns,4,Pizzas > Pizzas prearmadas > Pizzas Favoritas,"Food, Beverages & Tobacco > Food Items"
1459,Pizza de Pepperoni - Familiar Masa-tradicional Borde-tradicional Salsa-BBQ,"Tenemos muchas razones para que pidas ya muchas Pizza de pepperoni : exceso de ingredientes, recogida en tienda o domicilio.",in stock,new,52300 COP,,https://www.papajohns.com.co/pizza-de-pepperoni-4/p?skuId=1459,https://papajohns.vteximg.com.br/arquivos/ids/159124-800-800/FUNDIDA-CON-PEPPERONI.jpg.jpg?v=639100722459300000,,Papa Johns,4,Pizzas > Pizzas prearmadas > Pizzas Favoritas,"Food, Beverages & Tobacco > Food Items"
1460,Pizza de Pepperoni - Familiar Masa-tradicional Borde-tradicional Salsa-Ranch,"Tenemos muchas razones para que pidas ya muchas Pizza de pepperoni : exceso de ingredientes, recogida en tienda o domicilio.",in stock,new,52300 COP,,https://www.papajohns.com.co/pizza-de-pepperoni-4/p?skuId=1460,https://papajohns.vteximg.com.br/arquivos/ids/159125-800-800/FUNDIDA-CON-PEPPERONI.jpg.jpg?v=639100722459770000,,Papa Johns,4,Pizzas > Pizzas prearmadas > Pizzas Favoritas,"Food, Beverages & Tobacco > Food Items"
1461,Pizza de Pepperoni - Familiar Masa-tradicional Borde-queso Salsa-Pizza,"Tenemos muchas razones para que pidas ya muchas Pizza de pepperoni : exceso de ingredientes, recogida en tienda o domicilio.",in stock,new,65200 COP,,https://www.papajohns.com.co/pizza-de-pepperoni-4/p?skuId=1461,https://papajohns.vteximg.com.br/arquivos/ids/159126-800-800/FUNDIDA-CON-PEPPERONI.jpg.jpg?v=639100722460070000,,Papa Johns,4,Pizzas > Pizzas prearmadas > Pizzas Favoritas,"Food, Beverages & Tobacco > Food Items"
1462,Pizza de Pepperoni - Familiar Masa-tradicional Borde-queso Salsa-BBQ,"Tenemos muchas razones para que pidas ya muchas Pizza de pepperoni : exceso de ingredientes, recogida en tienda o domicilio.",in stock,new,65200 COP,,https://www.papajohns.com.co/pizza-de-pepperoni-4/p?skuId=1462,https://papajohns.vteximg.com.br/arquivos/ids/159127-800-800/FUNDIDA-CON-PEPPERONI.jpg.jpg?v=639100722460370000,,Papa Johns,4,Pizzas > Pizzas prearmadas > Pizzas Favoritas,"Food, Beverages & Tobacco > Food Items"
1463,Pizza de Pepperoni - Familiar Masa-tradicional Borde-queso Salsa-Ranch,"Tenemos muchas razones para que pidas ya muchas Pizza de pepperoni : exceso de ingredientes, recogida en tienda o domicilio.",in stock,new,65200 COP,,https://www.papajohns.com.co/pizza-de-pepperoni-4/p?skuId=1463,https://papajohns.vteximg.com.br/arquivos/ids/159128-800-800/FUNDIDA-CON-PEPPERONI.jpg.jpg?v=639100722460700000,,Papa Johns,4,Pizzas > Pizzas prearmadas > Pizzas Favoritas,"Food, Beverages & Tobacco > Food Items"
1464,Pizza de Pepperoni - Mega familar Masa-tradicional Borde-tradicional Salsa-Pizza,"Tenemos muchas razones para que pidas ya muchas Pizza de pepperoni : exceso de ingredientes, recogida en tienda o domicilio.",in stock,new,63300 COP,,https://www.papajohns.com.co/pizza-de-pepperoni-4/p?skuId=1464,https://papajohns.vteximg.com.br/arquivos/ids/159129-800-800/FUNDIDA-CON-PEPPERONI.jpg.jpg?v=639100722461000000,,Papa Johns,4,Pizzas > Pizzas prearmadas > Pizzas Favoritas,"Food, Beverages & Tobacco > Food Items"
1465,Pizza de Pepperoni - Mega familar Masa-tradicional Borde-tradicional Salsa-BBQ,"Tenemos muchas razones para que pidas ya muchas Pizza de pepperoni : exceso de ingredientes, recogida en tienda o domicilio.",in stock,new,63300 COP,,https://www.papajohns.com.co/pizza-de-pepperoni-4/p?skuId=1465,https://papajohns.vteximg.com.br/arquivos/ids/159130-800-800/FUNDIDA-CON-PEPPERONI.jpg.jpg?v=639100722461170000,,Papa Johns,4,Pizzas > Pizzas prearmadas > Pizzas Favoritas,"Food, Beverages & Tobacco > Food Items"
1466,Pizza de Pepperoni - Mega familar Masa-tradicional Borde-tradicional Salsa-Ranch,"Tenemos muchas razones para que pidas ya muchas Pizza de pepperoni : exceso de ingredientes, recogida en tienda o domicilio.",in stock,new,63300 COP,,https://www.papajohns.com.co/pizza-de-pepperoni-4/p?skuId=1466,https://papajohns.vteximg.com.br/arquivos/ids/159131-800-800/FUNDIDA-CON-PEPPERONI.jpg.jpg?v=639100722461300000,,Papa Johns,4,Pizzas > Pizzas prearmadas > Pizzas Favoritas,"Food, Beverages & Tobacco > Food Items"
1281,Epica Pollo y Champiñón - 6-Porciones Masa-tradicional Borde-tradicional Salsa-Pizza,"El festín que estabas esperando: pizza de pollo y champiñones. Con ella, satisface tus antojos y alegra tus momentos.",in stock,new,25900 COP,,https://www.papajohns.com.co/epica-pollo-y-champinones-164/p?skuId=1281,https://papajohns.vteximg.com.br/arquivos/ids/159868-800-800/cd4c3528-dde0-41c1-8999-d3963430c326___dd0cb9e13698b7f6815b7ad5268727d7.jpg?v=639227748295500000,,Papa Johns,164,Pizzas > Pizzas prearmadas > Las Épicas,"Food, Beverages & Tobacco > Food Items"
1787,Epica Pollo y Champiñón - 6-Porciones Masa-tradicional Borde-tradicional Salsa-Pizza,"El festín que estabas esperando: pizza de pollo y champiñones. Con ella, satisface tus antojos y alegra tus momentos.",in stock,new,24900 COP,,https://www.papajohns.com.co/epica-pollo-y-champinones-164/p?skuId=1787,https://papajohns.vteximg.com.br/arquivos/ids/159869-800-800/cd4c3528-dde0-41c1-8999-d3963430c326___dd0cb9e13698b7f6815b7ad5268727d7.jpg?v=639227748295800000,,Papa Johns,164,Pizzas > Pizzas prearmadas > Las Épicas,"Food, Beverages & Tobacco > Food Items"
1280,Epica Hawaiana - 6-Porciones Masa-tradicional Borde-tradicional Salsa-Pizza,"Hay una Pizza Hawaiana que es la favorita de todo el mundo por su mezcla única de sabores dulces y salados. Obvio, es esta.",in stock,new,25900 COP,,https://www.papajohns.com.co/epica-hawaiana-163/p?skuId=1280,https://papajohns.vteximg.com.br/arquivos/ids/159870-800-800/f4f58b30-2dbc-4944-a184-c7ff61bc0919___0f8cbe1958a539cd12b479bf89dc7226.jpg?v=639227748598530000,,Papa Johns,163,Pizzas > Pizzas prearmadas > Las Épicas,"Food, Beverages & Tobacco > Food Items"
1786,Epica Hawaiana - 6-Porciones Masa-tradicional Borde-tradicional Salsa-Pizza,"Hay una Pizza Hawaiana que es la favorita de todo el mundo por su mezcla única de sabores dulces y salados. Obvio, es esta.",in stock,new,24900 COP,,https://www.papajohns.com.co/epica-hawaiana-163/p?skuId=1786,https://papajohns.vteximg.com.br/arquivos/ids/159871-800-800/f4f58b30-2dbc-4944-a184-c7ff61bc0919___0f8cbe1958a539cd12b479bf89dc7226.jpg?v=639227748598830000,,Papa Johns,163,Pizzas > Pizzas prearmadas > Las Épicas,"Food, Beverages & Tobacco > Food Items"
571,Coca-Cola Original - Coca-Cola Original 1.5Lt,Acompaña tu Papa Johns con tu bebida favorita,in stock,new,10900 COP,,https://www.papajohns.com.co/coca-cola-original-55/p?skuId=571,https://papajohns.vteximg.com.br/arquivos/ids/159938-800-800/7702535024423_1.jpg?v=639255952209830000,,Papa Johns,55,Bebidas > Gaseosas,"Food, Beverages & Tobacco > Beverages"
569,Coca-Cola Original - 400 ml,Acompaña tu Papa Johns con tu bebida favorita,in stock,new,6900 COP,,https://www.papajohns.com.co/coca-cola-original-55/p?skuId=569,https://papajohns.vteximg.com.br/arquivos/ids/159960-800-800/7702535011089_1.jpg?v=639257035082870000,,Papa Johns,55,Bebidas > Gaseosas,"Food, Beverages & Tobacco > Beverages"
1682,Coca-Cola Original - Coca-Cola Original 400 ml,Acompaña tu Papa Johns con tu bebida favorita,in stock,new,6400 COP,,https://www.papajohns.com.co/coca-cola-original-55/p?skuId=1682,https://papajohns.vteximg.com.br/arquivos/ids/159961-800-800/7702535011089_1.jpg?v=639257035225000000,,Papa Johns,55,Bebidas > Gaseosas,"Food, Beverages & Tobacco > Beverages"
1684,Coca-Cola Original - Coca-Cola Original 1.5Lt,Acompaña tu Papa Johns con tu bebida favorita,in stock,new,9400 COP,,https://www.papajohns.com.co/coca-cola-original-55/p?skuId=1684,https://papajohns.vteximg.com.br/arquivos/ids/159939-800-800/7702535024423_1.jpg?v=639255952342100000,,Papa Johns,55,Bebidas > Gaseosas,"Food, Beverages & Tobacco > Beverages"
336,Pizza Ranch Pollo y Tocineta - Familiar Masa-tradicional Borde-tradicional Salsa-Ranch,"Ordena la mejor Pizza Ranch Pollo y Tocineta de la ciudad en el tamaño más grande, acompañada de cebolla y tomate. ¡Llega en minutos y se va volando!",in stock,new,63500 COP,,https://www.papajohns.com.co/ranch-pollo-tocineta-15/p?skuId=336,https://papajohns.vteximg.com.br/arquivos/ids/157761-800-800/RANCH-POLLO-Y-TOCINETA.jpg.jpg?v=638810095966230000,,Papa Johns,15,Pizzas > Pizzas prearmadas > Pizzas Insignia,"Food, Beverages & Tobacco > Food Items"
1608,Pizza Ranch Pollo y Tocineta - Familiar Masa-tradicional Borde-tradicional Salsa-Ranch,"Ordena la mejor Pizza Ranch Pollo y Tocineta de la ciudad en el tamaño más grande, acompañada de cebolla y tomate. ¡Llega en minutos y se va volando!",in stock,new,59300 COP,,https://www.papajohns.com.co/ranch-pollo-tocineta-15/p?skuId=1608,https://papajohns.vteximg.com.br/arquivos/ids/159424-800-800/RANCH-POLLO-Y-TOCINETA.jpg.jpg?v=639101321625100000,,Papa Johns,15,Pizzas > Pizzas prearmadas > Pizzas Insignia,"Food, Beverages & Tobacco > Food Items"
332,Pizza Ranch Pollo y Tocineta - Mediana Masa-tradicional Borde-tradicional Salsa-Ranch,"Ordena la mejor Pizza Ranch Pollo y Tocineta de la ciudad en el tamaño más grande, acompañada de cebolla y tomate. ¡Llega en minutos y se va volando!",in stock,new,53500 COP,,https://www.papajohns.com.co/ranch-pollo-tocineta-15/p?skuId=332,https://papajohns.vteximg.com.br/arquivos/ids/159399-800-800/RANCH-POLLO-Y-TOCINETA.jpg.jpg?v=639101321620530000,,Papa Johns,15,Pizzas > Pizzas prearmadas > Pizzas Insignia,"Food, Beverages & Tobacco > Food Items"
1605,Pizza Ranch Pollo y Tocineta - Mediana Masa-tradicional Borde-tradicional Salsa-Ranch,"Ordena la mejor Pizza Ranch Pollo y Tocineta de la ciudad en el tamaño más grande, acompañada de cebolla y tomate. ¡Llega en minutos y se va volando!",in stock,new,49300 COP,,https://www.papajohns.com.co/ranch-pollo-tocineta-15/p?skuId=1605,https://papajohns.vteximg.com.br/arquivos/ids/159421-800-800/RANCH-POLLO-Y-TOCINETA.jpg.jpg?v=639101321624430000,,Papa Johns,15,Pizzas > Pizzas prearmadas > Pizzas Insignia,"Food, Beverages & Tobacco > Food Items"
1921,Pizza Ranch Pollo y Tocineta - Mediana Masa-tradicional Borde-queso Salsa-Pizza,"Ordena la mejor Pizza Ranch Pollo y Tocineta de la ciudad en el tamaño más grande, acompañada de cebolla y tomate. ¡Llega en minutos y se va volando!",in stock,new,67700 COP,,https://www.papajohns.com.co/ranch-pollo-tocineta-15/p?skuId=1921,https://papajohns.vteximg.com.br/arquivos/ids/159389-800-800/RANCH-POLLO-Y-TOCINETA.jpg.jpg?v=639101321618670000,,Papa Johns,15,Pizzas > Pizzas prearmadas > Pizzas Insignia,"Food, Beverages & Tobacco > Food Items"
1922,Pizza Ranch Pollo y Tocineta - Mediana Masa-tradicional Borde-queso Salsa-BBQ,"Ordena la mejor Pizza Ranch Pollo y Tocineta de la ciudad en el tamaño más grande, acompañada de cebolla y tomate. ¡Llega en minutos y se va volando!",in stock,new,67700 COP,,https://www.papajohns.com.co/ranch-pollo-tocineta-15/p?skuId=1922,https://papajohns.vteximg.com.br/arquivos/ids/159390-800-800/RANCH-POLLO-Y-TOCINETA.jpg.jpg?v=639101321618970000,,Papa Johns,15,Pizzas > Pizzas prearmadas > Pizzas Insignia,"Food, Beverages & Tobacco > Food Items"
1923,Pizza Ranch Pollo y Tocineta - Mediana Masa-tradicional Borde-queso Salsa-Ranch,"Ordena la mejor Pizza Ranch Pollo y Tocineta de la ciudad en el tamaño más grande, acompañada de cebolla y tomate. ¡Llega en minutos y se va volando!",in stock,new,67700 COP,,https://www.papajohns.com.co/ranch-pollo-tocineta-15/p?skuId=1923,https://papajohns.vteximg.com.br/arquivos/ids/159391-800-800/RANCH-POLLO-Y-TOCINETA.jpg.jpg?v=639101321618970000,,Papa Johns,15,Pizzas > Pizzas prearmadas > Pizzas Insignia,"Food, Beverages & Tobacco > Food Items"
1924,Pizza Ranch Pollo y Tocineta - Mediana Masa-tradicional Borde-queso Salsa-Pizza,"Ordena la mejor Pizza Ranch Pollo y Tocineta de la ciudad en el tamaño más grande, acompañada de cebolla y tomate. ¡Llega en minutos y se va volando!",in stock,new,62200 COP,,https://www.papajohns.com.co/ranch-pollo-tocineta-15/p?skuId=1924,https://papajohns.vteximg.com.br/arquivos/ids/159392-800-800/RANCH-POLLO-Y-TOCINETA.jpg.jpg?v=639101321619130000,,Papa Johns,15,Pizzas > Pizzas prearmadas > Pizzas Insignia,"Food, Beverages & Tobacco > Food Items"
1925,Pizza Ranch Pollo y Tocineta - Mediana Masa-tradicional Borde-queso Salsa-BBQ,"Ordena la mejor Pizza Ranch Pollo y Tocineta de la ciudad en el tamaño más grande, acompañada de cebolla y tomate. ¡Llega en minutos y se va volando!",in stock,new,62200 COP,,https://www.papajohns.com.co/ranch-pollo-tocineta-15/p?skuId=1925,https://papajohns.vteximg.com.br/arquivos/ids/159393-800-800/RANCH-POLLO-Y-TOCINETA.jpg.jpg?v=639101321619300000,,Papa Johns,15,Pizzas > Pizzas prearmadas > Pizzas Insignia,"Food, Beverages & Tobacco > Food Items"
1926,Pizza Ranch Pollo y Tocineta - Mediana Masa-tradicional Borde-queso Salsa-Ranch,"Ordena la mejor Pizza Ranch Pollo y Tocineta de la ciudad en el tamaño más grande, acompañada de cebolla y tomate. ¡Llega en minutos y se va volando!",in stock,new,62200 COP,,https://www.papajohns.com.co/ranch-pollo-tocineta-15/p?skuId=1926,https://papajohns.vteximg.com.br/arquivos/ids/159394-800-800/RANCH-POLLO-Y-TOCINETA.jpg.jpg?v=639101321619430000,,Papa Johns,15,Pizzas > Pizzas prearmadas > Pizzas Insignia,"Food, Beverages & Tobacco > Food Items"
328,Pizza Ranch Pollo y Tocineta - Personal Masa-tradicional Borde-tradicional Salsa-Ranch,"Ordena la mejor Pizza Ranch Pollo y Tocineta de la ciudad en el tamaño más grande, acompañada de cebolla y tomate. ¡Llega en minutos y se va volando!",in stock,new,40500 COP,,https://www.papajohns.com.co/ranch-pollo-tocineta-15/p?skuId=328,https://papajohns.vteximg.com.br/arquivos/ids/159395-800-800/RANCH-POLLO-Y-TOCINETA.jpg.jpg?v=639101321619600000,,Papa Johns,15,Pizzas > Pizzas prearmadas > Pizzas Insignia,"Food, Beverages & Tobacco > Food Items"
329,Pizza Ranch Pollo y Tocineta - Personal Masa-tradicional Borde-tradicional Salsa-BBQ,"Ordena la mejor Pizza Ranch Pollo y Tocineta de la ciudad en el tamaño más grande, acompañada de cebolla y tomate. ¡Llega en minutos y se va volando!",in stock,new,40500 COP,,https://www.papajohns.com.co/ranch-pollo-tocineta-15/p?skuId=329,https://papajohns.vteximg.com.br/arquivos/ids/159396-800-800/RANCH-POLLO-Y-TOCINETA.jpg.jpg?v=639101321619900000,,Papa Johns,15,Pizzas > Pizzas prearmadas > Pizzas Insignia,"Food, Beverages & Tobacco > Food Items"
330,Pizza Ranch Pollo y Tocineta - Personal Masa-tradicional Borde-tradicional Salsa-Pizza,"Ordena la mejor Pizza Ranch Pollo y Tocineta de la ciudad en el tamaño más grande, acompañada de cebolla y tomate. ¡Llega en minutos y se va volando!",in stock,new,40500 COP,,https://www.papajohns.com.co/ranch-pollo-tocineta-15/p?skuId=330,https://papajohns.vteximg.com.br/arquivos/ids/159397-800-800/RANCH-POLLO-Y-TOCINETA.jpg.jpg?v=639101321620070000,,Papa Johns,15,Pizzas > Pizzas prearmadas > Pizzas Insignia,"Food, Beverages & Tobacco > Food Items"
333,Pizza Ranch Pollo y Tocineta - Mediana Masa-radicional Borde-tradicional Salsa-BBQ,"Ordena la mejor Pizza Ranch Pollo y Tocineta de la ciudad en el tamaño más grande, acompañada de cebolla y tomate. ¡Llega en minutos y se va volando!",in stock,new,53500 COP,,https://www.papajohns.com.co/ranch-pollo-tocineta-15/p?skuId=333,https://papajohns.vteximg.com.br/arquivos/ids/159400-800-800/RANCH-POLLO-Y-TOCINETA.jpg.jpg?v=639101321620700000,,Papa Johns,15,Pizzas > Pizzas prearmadas > Pizzas Insignia,"Food, Beverages & Tobacco > Food Items"
334,Pizza Ranch Pollo y Tocineta - Mediana Masa-tradicional Borde-tradicional Salsa-Pizza,"Ordena la mejor Pizza Ranch Pollo y Tocineta de la ciudad en el tamaño más grande, acompañada de cebolla y tomate. ¡Llega en minutos y se va volando!",in stock,new,53500 COP,,https://www.papajohns.com.co/ranch-pollo-tocineta-15/p?skuId=334,https://papajohns.vteximg.com.br/arquivos/ids/159401-800-800/RANCH-POLLO-Y-TOCINETA.jpg.jpg?v=639101321620830000,,Papa Johns,15,Pizzas > Pizzas prearmadas > Pizzas Insignia,"Food, Beverages & Tobacco > Food Items"
337,Pizza Ranch Pollo y Tocineta - Familiar Masa-tradicional Borde-tradicional Salsa-BBQ,"Ordena la mejor Pizza Ranch Pollo y Tocineta de la ciudad en el tamaño más grande, acompañada de cebolla y tomate. ¡Llega en minutos y se va volando!",in stock,new,63500 COP,,https://www.papajohns.com.co/ranch-pollo-tocineta-15/p?skuId=337,https://papajohns.vteximg.com.br/arquivos/ids/159403-800-800/RANCH-POLLO-Y-TOCINETA.jpg.jpg?v=639101321621170000,,Papa Johns,15,Pizzas > Pizzas prearmadas > Pizzas Insignia,"Food, Beverages & Tobacco > Food Items"
338,Pizza Ranch Pollo y Tocineta - Familiar Masa-tradicional Borde-tradicional Salsa-Pizza,"Ordena la mejor Pizza Ranch Pollo y Tocineta de la ciudad en el tamaño más grande, acompañada de cebolla y tomate. ¡Llega en minutos y se va volando!",in stock,new,63500 COP,,https://www.papajohns.com.co/ranch-pollo-tocineta-15/p?skuId=338,https://papajohns.vteximg.com.br/arquivos/ids/159404-800-800/RANCH-POLLO-Y-TOCINETA.jpg.jpg?v=639101321621470000,,Papa Johns,15,Pizzas > Pizzas prearmadas > Pizzas Insignia,"Food, Beverages & Tobacco > Food Items"
340,Pizza Ranch Pollo y Tocineta - Familiar Masa-tradicional Borde-queso Salsa-Ranch,"Ordena la mejor Pizza Ranch Pollo y Tocineta de la ciudad en el tamaño más grande, acompañada de cebolla y tomate. ¡Llega en minutos y se va volando!",in stock,new,77900 COP,,https://www.papajohns.com.co/ranch-pollo-tocineta-15/p?skuId=340,https://papajohns.vteximg.com.br/arquivos/ids/159406-800-800/RANCH-POLLO-Y-TOCINETA.jpg.jpg?v=639101321621800000,,Papa Johns,15,Pizzas > Pizzas prearmadas > Pizzas Insignia,"Food, Beverages & Tobacco > Food Items"
341,Pizza Ranch Pollo y Tocineta - Familiar Masa-tradicional Borde-queso Salsa-BBQ,"Ordena la mejor Pizza Ranch Pollo y Tocineta de la ciudad en el tamaño más grande, acompañada de cebolla y tomate. ¡Llega en minutos y se va volando!",in stock,new,77900 COP,,https://www.papajohns.com.co/ranch-pollo-tocineta-15/p?skuId=341,https://papajohns.vteximg.com.br/arquivos/ids/159407-800-800/RANCH-POLLO-Y-TOCINETA.jpg.jpg?v=639101321621930000,,Papa Johns,15,Pizzas > Pizzas prearmadas > Pizzas Insignia,"Food, Beverages & Tobacco > Food Items"
342,Pizza Ranch Pollo y Tocineta - Familiar Masa-tradicional Borde-queso Salsa-Pizza,"Ordena la mejor Pizza Ranch Pollo y Tocineta de la ciudad en el tamaño más grande, acompañada de cebolla y tomate. ¡Llega en minutos y se va volando!",in stock,new,77900 COP,,https://www.papajohns.com.co/ranch-pollo-tocineta-15/p?skuId=342,https://papajohns.vteximg.com.br/arquivos/ids/159408-800-800/RANCH-POLLO-Y-TOCINETA.jpg.jpg?v=639101321622100000,,Papa Johns,15,Pizzas > Pizzas prearmadas > Pizzas Insignia,"Food, Beverages & Tobacco > Food Items"
348,Pizza Ranch Pollo y Tocineta - Mega familar Masa-tradicional Borde-tradicional Salsa-Ranch,"Ordena la mejor Pizza Ranch Pollo y Tocineta de la ciudad en el tamaño más grande, acompañada de cebolla y tomate. ¡Llega en minutos y se va volando!",in stock,new,75500 COP,,https://www.papajohns.com.co/ranch-pollo-tocineta-15/p?skuId=348,https://papajohns.vteximg.com.br/arquivos/ids/159414-800-800/RANCH-POLLO-Y-TOCINETA.jpg.jpg?v=639101321623200000,,Papa Johns,15,Pizzas > Pizzas prearmadas > Pizzas Insignia,"Food, Beverages & Tobacco > Food Items"
349,Pizza Ranch Pollo y Tocineta - Mega familar Masa-tradicional Borde-tradicional Salsa-BBQ,"Ordena la mejor Pizza Ranch Pollo y Tocineta de la ciudad en el tamaño más grande, acompañada de cebolla y tomate. ¡Llega en minutos y se va volando!",in stock,new,75500 COP,,https://www.papajohns.com.co/ranch-pollo-tocineta-15/p?skuId=349,https://papajohns.vteximg.com.br/arquivos/ids/159415-800-800/RANCH-POLLO-Y-TOCINETA.jpg.jpg?v=639101321623330000,,Papa Johns,15,Pizzas > Pizzas prearmadas > Pizzas Insignia,"Food, Beverages & Tobacco > Food Items"
350,Pizza Ranch Pollo y Tocineta - Mega familar Masa-tradicional Borde-tradicional Salsa-Pizza,"Ordena la mejor Pizza Ranch Pollo y Tocineta de la ciudad en el tamaño más grande, acompañada de cebolla y tomate. ¡Llega en minutos y se va volando!",in stock,new,75500 COP,,https://www.papajohns.com.co/ranch-pollo-tocineta-15/p?skuId=350,https://papajohns.vteximg.com.br/arquivos/ids/159416-800-800/RANCH-POLLO-Y-TOCINETA.jpg.jpg?v=639101321623500000,,Papa Johns,15,Pizzas > Pizzas prearmadas > Pizzas Insignia,"Food, Beverages & Tobacco > Food Items"
1602,Pizza Ranch Pollo y Tocineta - Personal Masa-tradicional Borde-tradicional Salsa-Ranch,"Ordena la mejor Pizza Ranch Pollo y Tocineta de la ciudad en el tamaño más grande, acompañada de cebolla y tomate. ¡Llega en minutos y se va volando!",in stock,new,36300 COP,,https://www.papajohns.com.co/ranch-pollo-tocineta-15/p?skuId=1602,https://papajohns.vteximg.com.br/arquivos/ids/159418-800-800/RANCH-POLLO-Y-TOCINETA.jpg.jpg?v=639101321623970000,,Papa Johns,15,Pizzas > Pizzas prearmadas > Pizzas Insignia,"Food, Beverages & Tobacco > Food Items"
1603,Pizza Ranch Pollo y Tocineta - Personal Masa-tradicional Borde-tradicional Salsa-BBQ,"Ordena la mejor Pizza Ranch Pollo y Tocineta de la ciudad en el tamaño más grande, acompañada de cebolla y tomate. ¡Llega en minutos y se va volando!",in stock,new,36300 COP,,https://www.papajohns.com.co/ranch-pollo-tocineta-15/p?skuId=1603,https://papajohns.vteximg.com.br/arquivos/ids/159419-800-800/RANCH-POLLO-Y-TOCINETA.jpg.jpg?v=639101321624130000,,Papa Johns,15,Pizzas > Pizzas prearmadas > Pizzas Insignia,"Food, Beverages & Tobacco > Food Items"
1604,Pizza Ranch Pollo y Tocineta - Personal Masa-tradicional Borde-tradicional Salsa-Pizza,"Ordena la mejor Pizza Ranch Pollo y Tocineta de la ciudad en el tamaño más grande, acompañada de cebolla y tomate. ¡Llega en minutos y se va volando!",in stock,new,36300 COP,,https://www.papajohns.com.co/ranch-pollo-tocineta-15/p?skuId=1604,https://papajohns.vteximg.com.br/arquivos/ids/159420-800-800/RANCH-POLLO-Y-TOCINETA.jpg.jpg?v=639101321624300000,,Papa Johns,15,Pizzas > Pizzas prearmadas > Pizzas Insignia,"Food, Beverages & Tobacco > Food Items"
1606,Pizza Ranch Pollo y Tocineta - Mediana Masa-radicional Borde-tradicional Salsa-BBQ,"Ordena la mejor Pizza Ranch Pollo y Tocineta de la ciudad en el tamaño más grande, acompañada de cebolla y tomate. ¡Llega en minutos y se va volando!",in stock,new,49300 COP,,https://www.papajohns.com.co/ranch-pollo-tocineta-15/p?skuId=1606,https://papajohns.vteximg.com.br/arquivos/ids/159422-800-800/RANCH-POLLO-Y-TOCINETA.jpg.jpg?v=639101321624770000,,Papa Johns,15,Pizzas > Pizzas prearmadas > Pizzas Insignia,"Food, Beverages & Tobacco > Food Items"
1607,Pizza Ranch Pollo y Tocineta - Mediana Masa-tradicional Borde-tradicional Salsa-Pizza,"Ordena la mejor Pizza Ranch Pollo y Tocineta de la ciudad en el tamaño más grande, acompañada de cebolla y tomate. ¡Llega en minutos y se va volando!",in stock,new,49300 COP,,https://www.papajohns.com.co/ranch-pollo-tocineta-15/p?skuId=1607,https://papajohns.vteximg.com.br/arquivos/ids/159423-800-800/RANCH-POLLO-Y-TOCINETA.jpg.jpg?v=639101321624900000,,Papa Johns,15,Pizzas > Pizzas prearmadas > Pizzas Insignia,"Food, Beverages & Tobacco > Food Items"
1609,Pizza Ranch Pollo y Tocineta - Familiar Masa-tradicional Borde-tradicional Salsa-BBQ,"Ordena la mejor Pizza Ranch Pollo y Tocineta de la ciudad en el tamaño más grande, acompañada de cebolla y tomate. ¡Llega en minutos y se va volando!",in stock,new,59300 COP,,https://www.papajohns.com.co/ranch-pollo-tocineta-15/p?skuId=1609,https://papajohns.vteximg.com.br/arquivos/ids/159425-800-800/RANCH-POLLO-Y-TOCINETA.jpg.jpg?v=639101321625300000,,Papa Johns,15,Pizzas > Pizzas prearmadas > Pizzas Insignia,"Food, Beverages & Tobacco > Food Items"
1610,Pizza Ranch Pollo y Tocineta - Familiar Masa-tradicional Borde-tradicional Salsa-Pizza,"Ordena la mejor Pizza Ranch Pollo y Tocineta de la ciudad en el tamaño más grande, acompañada de cebolla y tomate. ¡Llega en minutos y se va volando!",in stock,new,59300 COP,,https://www.papajohns.com.co/ranch-pollo-tocineta-15/p?skuId=1610,https://papajohns.vteximg.com.br/arquivos/ids/159426-800-800/RANCH-POLLO-Y-TOCINETA.jpg.jpg?v=639101321625430000,,Papa Johns,15,Pizzas > Pizzas prearmadas > Pizzas Insignia,"Food, Beverages & Tobacco > Food Items"
1611,Pizza Ranch Pollo y Tocineta - Familiar Masa-tradicional Borde-queso Salsa-Ranch,"Ordena la mejor Pizza Ranch Pollo y Tocineta de la ciudad en el tamaño más grande, acompañada de cebolla y tomate. ¡Llega en minutos y se va volando!",in stock,new,72200 COP,,https://www.papajohns.com.co/ranch-pollo-tocineta-15/p?skuId=1611,https://papajohns.vteximg.com.br/arquivos/ids/159427-800-800/RANCH-POLLO-Y-TOCINETA.jpg.jpg?v=639101321625600000,,Papa Johns,15,Pizzas > Pizzas prearmadas > Pizzas Insignia,"Food, Beverages & Tobacco > Food Items"
1612,Pizza Ranch Pollo y Tocineta - Familiar Masa-tradicional Borde-queso Salsa-BBQ,"Ordena la mejor Pizza Ranch Pollo y Tocineta de la ciudad en el tamaño más grande, acompañada de cebolla y tomate. ¡Llega en minutos y se va volando!",in stock,new,72200 COP,,https://www.papajohns.com.co/ranch-pollo-tocineta-15/p?skuId=1612,https://papajohns.vteximg.com.br/arquivos/ids/159428-800-800/RANCH-POLLO-Y-TOCINETA.jpg.jpg?v=639101321625770000,,Papa Johns,15,Pizzas > Pizzas prearmadas > Pizzas Insignia,"Food, Beverages & Tobacco > Food Items"
1613,Pizza Ranch Pollo y Tocineta - Familiar Masa-tradicional Borde-queso Salsa-Pizza,"Ordena la mejor Pizza Ranch Pollo y Tocineta de la ciudad en el tamaño más grande, acompañada de cebolla y tomate. ¡Llega en minutos y se va volando!",in stock,new,72200 COP,,https://www.papajohns.com.co/ranch-pollo-tocineta-15/p?skuId=1613,https://papajohns.vteximg.com.br/arquivos/ids/159429-800-800/RANCH-POLLO-Y-TOCINETA.jpg.jpg?v=639101321626070000,,Papa Johns,15,Pizzas > Pizzas prearmadas > Pizzas Insignia,"Food, Beverages & Tobacco > Food Items"
1614,Pizza Ranch Pollo y Tocineta - Mega familar Masa-tradicional Borde-tradicional Salsa-Ranch,"Ordena la mejor Pizza Ranch Pollo y Tocineta de la ciudad en el tamaño más grande, acompañada de cebolla y tomate. ¡Llega en minutos y se va volando!",in stock,new,71300 COP,,https://www.papajohns.com.co/ranch-pollo-tocineta-15/p?skuId=1614,https://papajohns.vteximg.com.br/arquivos/ids/159430-800-800/RANCH-POLLO-Y-TOCINETA.jpg.jpg?v=639101321626230000,,Papa Johns,15,Pizzas > Pizzas prearmadas > Pizzas Insignia,"Food, Beverages & Tobacco > Food Items"
1615,Pizza Ranch Pollo y Tocineta - Mega familar Masa-tradicional Borde-tradicional Salsa-BBQ,"Ordena la mejor Pizza Ranch Pollo y Tocineta de la ciudad en el tamaño más grande, acompañada de cebolla y tomate. ¡Llega en minutos y se va volando!",in stock,new,71300 COP,,https://www.papajohns.com.co/ranch-pollo-tocineta-15/p?skuId=1615,https://papajohns.vteximg.com.br/arquivos/ids/159431-800-800/RANCH-POLLO-Y-TOCINETA.jpg.jpg?v=639101321626370000,,Papa Johns,15,Pizzas > Pizzas prearmadas > Pizzas Insignia,"Food, Beverages & Tobacco > Food Items"
1616,Pizza Ranch Pollo y Tocineta - Mega familar Masa-tradicional Borde-tradicional Salsa-Pizza,"Ordena la mejor Pizza Ranch Pollo y Tocineta de la ciudad en el tamaño más grande, acompañada de cebolla y tomate. ¡Llega en minutos y se va volando!",in stock,new,71300 COP,,https://www.papajohns.com.co/ranch-pollo-tocineta-15/p?skuId=1616,https://papajohns.vteximg.com.br/arquivos/ids/159432-800-800/RANCH-POLLO-Y-TOCINETA.jpg.jpg?v=639101321626530000,,Papa Johns,15,Pizzas > Pizzas prearmadas > Pizzas Insignia,"Food, Beverages & Tobacco > Food Items"
312,Pizza The Works - Familiar Masa-tradicional Borde-tradicional Salsa-Pizza,"Pepperoni, jamón, salchicha italiana, cebollas, pimenton verde, champiñones, aceituna negra y queso. Hacer un resumen es quedarse corto, mejor prueba las Pizza The Works . Seguro te enamoras.",in stock,new,61500 COP,,https://www.papajohns.com.co/the-works-14/p?skuId=312,https://papajohns.vteximg.com.br/arquivos/ids/159876-800-800/VTEX_THE-WORKS-10-porciones.png?v=639245679266770000,,Papa Johns,14,Pizzas > Pizzas prearmadas > Pizzas Insignia,"Food, Beverages & Tobacco > Food Items"
1593,Pizza The Works - Familiar Masa-tradicional Borde-tradicional Salsa-Pizza,"Pepperoni, jamón, salchicha italiana, cebollas, pimenton verde, champiñones, aceituna negra y queso. Hacer un resumen es quedarse corto, mejor prueba las Pizza The Works . Seguro te enamoras.",in stock,new,57300 COP,,https://www.papajohns.com.co/the-works-14/p?skuId=1593,https://papajohns.vteximg.com.br/arquivos/ids/159877-800-800/VTEX_THE-WORKS-10-porciones.png?v=639245679479230000,,Papa Johns,14,Pizzas > Pizzas prearmadas > Pizzas Insignia,"Food, Beverages & Tobacco > Food Items"
308,Pizza The Works - Mediana Masa-tradicional Borde-tradicional Salsa-Pizza,"Pepperoni, jamón, salchicha italiana, cebollas, pimenton verde, champiñones, aceituna negra y queso. Hacer un resumen es quedarse corto, mejor prueba las Pizza The Works . Seguro te enamoras.",in stock,new,50500 COP,,https://www.papajohns.com.co/the-works-14/p?skuId=308,https://papajohns.vteximg.com.br/arquivos/ids/159878-800-800/VTEX_THE-WORKS-6-porciones.png?v=639245680132130000,,Papa Johns,14,Pizzas > Pizzas prearmadas > Pizzas Insignia,"Food, Beverages & Tobacco > Food Items"
1590,Pizza The Works - Mediana Masa-tradicional Borde-tradicional Salsa-Pizza,"Pepperoni, jamón, salchicha italiana, cebollas, pimenton verde, champiñones, aceituna negra y queso. Hacer un resumen es quedarse corto, mejor prueba las Pizza The Works . Seguro te enamoras.",in stock,new,46300 COP,,https://www.papajohns.com.co/the-works-14/p?skuId=1590,https://papajohns.vteximg.com.br/arquivos/ids/159879-800-800/VTEX_THE-WORKS-6-porciones.png?v=639245680334930000,,Papa Johns,14,Pizzas > Pizzas prearmadas > Pizzas Insignia,"Food, Beverages & Tobacco > Food Items"
1939,Pizza The Works - Mediana Masa-tradicional Borde-queso Salsa-Pizza,"Pepperoni, jamón, salchicha italiana, cebollas, pimenton verde, champiñones, aceituna negra y queso. Hacer un resumen es quedarse corto, mejor prueba las Pizza The Works . Seguro te enamoras.",in stock,new,64700 COP,,https://www.papajohns.com.co/the-works-14/p?skuId=1939,https://papajohns.vteximg.com.br/arquivos/ids/159880-800-800/VTEX_THE-WORKS-6-porciones.png?v=639245680537630000,,Papa Johns,14,Pizzas > Pizzas prearmadas > Pizzas Insignia,"Food, Beverages & Tobacco > Food Items"
1940,Pizza The Works - Mediana Masa-tradicional Borde-queso Salsa-BBQ,"Pepperoni, jamón, salchicha italiana, cebollas, pimenton verde, champiñones, aceituna negra y queso. Hacer un resumen es quedarse corto, mejor prueba las Pizza The Works . Seguro te enamoras.",in stock,new,64700 COP,,https://www.papajohns.com.co/the-works-14/p?skuId=1940,https://papajohns.vteximg.com.br/arquivos/ids/159881-800-800/VTEX_THE-WORKS-6-porciones.png?v=639245680746470000,,Papa Johns,14,Pizzas > Pizzas prearmadas > Pizzas Insignia,"Food, Beverages & Tobacco > Food Items"
1941,Pizza The Works - Mediana Masa-tradicional Borde-queso Salsa-Ranch,"Pepperoni, jamón, salchicha italiana, cebollas, pimenton verde, champiñones, aceituna negra y queso. Hacer un resumen es quedarse corto, mejor prueba las Pizza The Works . Seguro te enamoras.",in stock,new,64700 COP,,https://www.papajohns.com.co/the-works-14/p?skuId=1941,https://papajohns.vteximg.com.br/arquivos/ids/159882-800-800/VTEX_THE-WORKS-6-porciones.png?v=639245680982570000,,Papa Johns,14,Pizzas > Pizzas prearmadas > Pizzas Insignia,"Food, Beverages & Tobacco > Food Items"
1942,Pizza The Works - Mediana Masa-tradicional Borde-queso Salsa-Pizza,"Pepperoni, jamón, salchicha italiana, cebollas, pimenton verde, champiñones, aceituna negra y queso. Hacer un resumen es quedarse corto, mejor prueba las Pizza The Works . Seguro te enamoras.",in stock,new,59200 COP,,https://www.papajohns.com.co/the-works-14/p?skuId=1942,https://papajohns.vteximg.com.br/arquivos/ids/159883-800-800/VTEX_THE-WORKS-6-porciones.png?v=639245681226130000,,Papa Johns,14,Pizzas > Pizzas prearmadas > Pizzas Insignia,"Food, Beverages & Tobacco > Food Items"
1943,Pizza The Works - Mediana Masa-tradicional Borde-queso Salsa-BBQ,"Pepperoni, jamón, salchicha italiana, cebollas, pimenton verde, champiñones, aceituna negra y queso. Hacer un resumen es quedarse corto, mejor prueba las Pizza The Works . Seguro te enamoras.",in stock,new,59200 COP,,https://www.papajohns.com.co/the-works-14/p?skuId=1943,https://papajohns.vteximg.com.br/arquivos/ids/159884-800-800/VTEX_THE-WORKS-6-porciones.png?v=639245681468300000,,Papa Johns,14,Pizzas > Pizzas prearmadas > Pizzas Insignia,"Food, Beverages & Tobacco > Food Items"
1944,Pizza The Works - Mediana Masa-tradicional Borde-queso Salsa-Ranch,"Pepperoni, jamón, salchicha italiana, cebollas, pimenton verde, champiñones, aceituna negra y queso. Hacer un resumen es quedarse corto, mejor prueba las Pizza The Works . Seguro te enamoras.",in stock,new,59200 COP,,https://www.papajohns.com.co/the-works-14/p?skuId=1944,https://papajohns.vteximg.com.br/arquivos/ids/159885-800-800/VTEX_THE-WORKS-6-porciones.png?v=639245681920000000,,Papa Johns,14,Pizzas > Pizzas prearmadas > Pizzas Insignia,"Food, Beverages & Tobacco > Food Items"
304,Pizza The Works - Personal Masa-tradicional Borde-tradicional Salsa-Pizza,"Pepperoni, jamón, salchicha italiana, cebollas, pimenton verde, champiñones, aceituna negra y queso. Hacer un resumen es quedarse corto, mejor prueba las Pizza The Works . Seguro te enamoras.",in stock,new,36500 COP,,https://www.papajohns.com.co/the-works-14/p?skuId=304,https://papajohns.vteximg.com.br/arquivos/ids/159874-800-800/VTEX_THE-WORKS-4-porciones.png?v=639245657454970000,,Papa Johns,14,Pizzas > Pizzas prearmadas > Pizzas Insignia,"Food, Beverages & Tobacco > Food Items"
305,Pizza The Works - Personal Masa-tradicional Borde-tradicional Salsa-BBQ,"Pepperoni, jamón, salchicha italiana, cebollas, pimenton verde, champiñones, aceituna negra y queso. Hacer un resumen es quedarse corto, mejor prueba las Pizza The Works . Seguro te enamoras.",in stock,new,36500 COP,,https://www.papajohns.com.co/the-works-14/p?skuId=305,https://papajohns.vteximg.com.br/arquivos/ids/159875-800-800/VTEX_THE-WORKS-4-porciones.png?v=639245679016530000,,Papa Johns,14,Pizzas > Pizzas prearmadas > Pizzas Insignia,"Food, Beverages & Tobacco > Food Items"
306,Pizza The Works - Personal Masa-tradicional Borde-tradicional Salsa-Ranch,"Pepperoni, jamón, salchicha italiana, cebollas, pimenton verde, champiñones, aceituna negra y queso. Hacer un resumen es quedarse corto, mejor prueba las Pizza The Works . Seguro te enamoras.",in stock,new,36500 COP,,https://www.papajohns.com.co/the-works-14/p?skuId=306,https://papajohns.vteximg.com.br/arquivos/ids/159886-800-800/VTEX_THE-WORKS-4-porciones.png?v=639245682199200000,,Papa Johns,14,Pizzas > Pizzas prearmadas > Pizzas Insignia,"Food, Beverages & Tobacco > Food Items"
309,Pizza The Works - Mediana Masa-radicional Borde-tradicional Salsa-BBQ,"Pepperoni, jamón, salchicha italiana, cebollas, pimenton verde, champiñones, aceituna negra y queso. Hacer un resumen es quedarse corto, mejor prueba las Pizza The Works . Seguro te enamoras.",in stock,new,50500 COP,,https://www.papajohns.com.co/the-works-14/p?skuId=309,https://papajohns.vteximg.com.br/arquivos/ids/159888-800-800/VTEX_THE-WORKS-6-porciones.png?v=639245682672770000,,Papa Johns,14,Pizzas > Pizzas prearmadas > Pizzas Insignia,"Food, Beverages & Tobacco > Food Items"
310,Pizza The Works - Mediana Masa-tradicional Borde-tradicional Salsa-Ranch,"Pepperoni, jamón, salchicha italiana, cebollas, pimenton verde, champiñones, aceituna negra y queso. Hacer un resumen es quedarse corto, mejor prueba las Pizza The Works . Seguro te enamoras.",in stock,new,50500 COP,,https://www.papajohns.com.co/the-works-14/p?skuId=310,https://papajohns.vteximg.com.br/arquivos/ids/159889-800-800/VTEX_THE-WORKS-6-porciones.png?v=639245682947630000,,Papa Johns,14,Pizzas > Pizzas prearmadas > Pizzas Insignia,"Food, Beverages & Tobacco > Food Items"
313,Pizza The Works - Familiar Masa-tradicional Borde-tradicional Salsa-BBQ,"Pepperoni, jamón, salchicha italiana, cebollas, pimenton verde, champiñones, aceituna negra y queso. Hacer un resumen es quedarse corto, mejor prueba las Pizza The Works . Seguro te enamoras.",in stock,new,61500 COP,,https://www.papajohns.com.co/the-works-14/p?skuId=313,https://papajohns.vteximg.com.br/arquivos/ids/159891-800-800/VTEX_THE-WORKS-10-porciones.png?v=639245683439570000,,Papa Johns,14,Pizzas > Pizzas prearmadas > Pizzas Insignia,"Food, Beverages & Tobacco > Food Items"
314,Pizza The Works - Familiar Masa-tradicional Borde-tradicional Salsa-Ranch,"Pepperoni, jamón, salchicha italiana, cebollas, pimenton verde, champiñones, aceituna negra y queso. Hacer un resumen es quedarse corto, mejor prueba las Pizza The Works . Seguro te enamoras.",in stock,new,61500 COP,,https://www.papajohns.com.co/the-works-14/p?skuId=314,https://papajohns.vteximg.com.br/arquivos/ids/159892-800-800/VTEX_THE-WORKS-10-porciones.png?v=639245683697470000,,Papa Johns,14,Pizzas > Pizzas prearmadas > Pizzas Insignia,"Food, Beverages & Tobacco > Food Items"
316,Pizza The Works - Familiar Masa-tradicional Borde-queso Salsa-Pizza,"Pepperoni, jamón, salchicha italiana, cebollas, pimenton verde, champiñones, aceituna negra y queso. Hacer un resumen es quedarse corto, mejor prueba las Pizza The Works . Seguro te enamoras.",in stock,new,75900 COP,,https://www.papajohns.com.co/the-works-14/p?skuId=316,https://papajohns.vteximg.com.br/arquivos/ids/159894-800-800/VTEX_THE-WORKS-10-porciones.png?v=639245684176070000,,Papa Johns,14,Pizzas > Pizzas prearmadas > Pizzas Insignia,"Food, Beverages & Tobacco > Food Items"
317,Pizza The Works - Familiar Masa-tradicional Borde-queso Salsa-BBQ,"Pepperoni, jamón, salchicha italiana, cebollas, pimenton verde, champiñones, aceituna negra y queso. Hacer un resumen es quedarse corto, mejor prueba las Pizza The Works . Seguro te enamoras.",in stock,new,75900 COP,,https://www.papajohns.com.co/the-works-14/p?skuId=317,https://papajohns.vteximg.com.br/arquivos/ids/159895-800-800/VTEX_THE-WORKS-10-porciones.png?v=639245684412000000,,Papa Johns,14,Pizzas > Pizzas prearmadas > Pizzas Insignia,"Food, Beverages & Tobacco > Food Items"
318,Pizza The Works - Familiar Masa-tradicional Borde-queso Salsa-Ranch,"Pepperoni, jamón, salchicha italiana, cebollas, pimenton verde, champiñones, aceituna negra y queso. Hacer un resumen es quedarse corto, mejor prueba las Pizza The Works . Seguro te enamoras.",in stock,new,75900 COP,,https://www.papajohns.com.co/the-works-14/p?skuId=318,https://papajohns.vteximg.com.br/arquivos/ids/159896-800-800/VTEX_THE-WORKS-10-porciones.png?v=639245684681270000,,Papa Johns,14,Pizzas > Pizzas prearmadas > Pizzas Insignia,"Food, Beverages & Tobacco > Food Items"
324,Pizza The Works - Mega familar Masa-tradicional Borde-tradicional Salsa-Pizza,"Pepperoni, jamón, salchicha italiana, cebollas, pimenton verde, champiñones, aceituna negra y queso. Hacer un resumen es quedarse corto, mejor prueba las Pizza The Works . Seguro te enamoras.",in stock,new,70500 COP,,https://www.papajohns.com.co/the-works-14/p?skuId=324,https://papajohns.vteximg.com.br/arquivos/ids/159902-800-800/VTEX_THE-WORKS-12-porciones.png?v=639245686230300000,,Papa Johns,14,Pizzas > Pizzas prearmadas > Pizzas Insignia,"Food, Beverages & Tobacco > Food Items"
325,Pizza The Works - Mega familar Masa-tradicional Borde-tradicional Salsa-BBQ,"Pepperoni, jamón, salchicha italiana, cebollas, pimenton verde, champiñones, aceituna negra y queso. Hacer un resumen es quedarse corto, mejor prueba las Pizza The Works . Seguro te enamoras.",in stock,new,70500 COP,,https://www.papajohns.com.co/the-works-14/p?skuId=325,https://papajohns.vteximg.com.br/arquivos/ids/159903-800-800/VTEX_THE-WORKS-12-porciones.png?v=639245686474400000,,Papa Johns,14,Pizzas > Pizzas prearmadas > Pizzas Insignia,"Food, Beverages & Tobacco > Food Items"
326,Pizza The Works - Mega familar Masa-tradicional Borde-tradicional Salsa-Ranch,"Pepperoni, jamón, salchicha italiana, cebollas, pimenton verde, champiñones, aceituna negra y queso. Hacer un resumen es quedarse corto, mejor prueba las Pizza The Works . Seguro te enamoras.",in stock,new,70500 COP,,https://www.papajohns.com.co/the-works-14/p?skuId=326,https://papajohns.vteximg.com.br/arquivos/ids/159904-800-800/VTEX_THE-WORKS-12-porciones.png?v=639245686697730000,,Papa Johns,14,Pizzas > Pizzas prearmadas > Pizzas Insignia,"Food, Beverages & Tobacco > Food Items"
1587,Pizza The Works - Personal Masa-tradicional Borde-tradicional Salsa-Pizza,"Pepperoni, jamón, salchicha italiana, cebollas, pimenton verde, champiñones, aceituna negra y queso. Hacer un resumen es quedarse corto, mejor prueba las Pizza The Works . Seguro te enamoras.",in stock,new,32300 COP,,https://www.papajohns.com.co/the-works-14/p?skuId=1587,https://papajohns.vteximg.com.br/arquivos/ids/159906-800-800/VTEX_THE-WORKS-4-porciones.png?v=639245687167600000,,Papa Johns,14,Pizzas > Pizzas prearmadas > Pizzas Insignia,"Food, Beverages & Tobacco > Food Items"
1588,Pizza The Works - Personal Masa-tradicional Borde-tradicional Salsa-BBQ,"Pepperoni, jamón, salchicha italiana, cebollas, pimenton verde, champiñones, aceituna negra y queso. Hacer un resumen es quedarse corto, mejor prueba las Pizza The Works . Seguro te enamoras.",in stock,new,32300 COP,,https://www.papajohns.com.co/the-works-14/p?skuId=1588,https://papajohns.vteximg.com.br/arquivos/ids/159907-800-800/VTEX_THE-WORKS-4-porciones.png?v=639245687391200000,,Papa Johns,14,Pizzas > Pizzas prearmadas > Pizzas Insignia,"Food, Beverages & Tobacco > Food Items"
1589,Pizza The Works - Personal Masa-tradicional Borde-tradicional Salsa-Ranch,"Pepperoni, jamón, salchicha italiana, cebollas, pimenton verde, champiñones, aceituna negra y queso. Hacer un resumen es quedarse corto, mejor prueba las Pizza The Works . Seguro te enamoras.",in stock,new,32300 COP,,https://www.papajohns.com.co/the-works-14/p?skuId=1589,https://papajohns.vteximg.com.br/arquivos/ids/159908-800-800/VTEX_THE-WORKS-4-porciones.png?v=639245687648630000,,Papa Johns,14,Pizzas > Pizzas prearmadas > Pizzas Insignia,"Food, Beverages & Tobacco > Food Items"
1591,Pizza The Works - Mediana Masa-radicional Borde-tradicional Salsa-BBQ,"Pepperoni, jamón, salchicha italiana, cebollas, pimenton verde, champiñones, aceituna negra y queso. Hacer un resumen es quedarse corto, mejor prueba las Pizza The Works . Seguro te enamoras.",in stock,new,46300 COP,,https://www.papajohns.com.co/the-works-14/p?skuId=1591,https://papajohns.vteximg.com.br/arquivos/ids/159909-800-800/VTEX_THE-WORKS-6-porciones.png?v=639245687888230000,,Papa Johns,14,Pizzas > Pizzas prearmadas > Pizzas Insignia,"Food, Beverages & Tobacco > Food Items"
1592,Pizza The Works - Mediana Masa-tradicional Borde-tradicional Salsa-Ranch,"Pepperoni, jamón, salchicha italiana, cebollas, pimenton verde, champiñones, aceituna negra y queso. Hacer un resumen es quedarse corto, mejor prueba las Pizza The Works . Seguro te enamoras.",in stock,new,46300 COP,,https://www.papajohns.com.co/the-works-14/p?skuId=1592,https://papajohns.vteximg.com.br/arquivos/ids/159910-800-800/VTEX_THE-WORKS-6-porciones.png?v=639245688247670000,,Papa Johns,14,Pizzas > Pizzas prearmadas > Pizzas Insignia,"Food, Beverages & Tobacco > Food Items"
1594,Pizza The Works - Familiar Masa-tradicional Borde-tradicional Salsa-BBQ,"Pepperoni, jamón, salchicha italiana, cebollas, pimenton verde, champiñones, aceituna negra y queso. Hacer un resumen es quedarse corto, mejor prueba las Pizza The Works . Seguro te enamoras.",in stock,new,57300 COP,,https://www.papajohns.com.co/the-works-14/p?skuId=1594,https://papajohns.vteximg.com.br/arquivos/ids/159913-800-800/VTEX_THE-WORKS-10-porciones.png?v=639245689107900000,,Papa Johns,14,Pizzas > Pizzas prearmadas > Pizzas Insignia,"Food, Beverages & Tobacco > Food Items"
1595,Pizza The Works - Familiar Masa-tradicional Borde-tradicional Salsa-Ranch,"Pepperoni, jamón, salchicha italiana, cebollas, pimenton verde, champiñones, aceituna negra y queso. Hacer un resumen es quedarse corto, mejor prueba las Pizza The Works . Seguro te enamoras.",in stock,new,57300 COP,,https://www.papajohns.com.co/the-works-14/p?skuId=1595,https://papajohns.vteximg.com.br/arquivos/ids/159914-800-800/VTEX_THE-WORKS-10-porciones.png?v=639245689365130000,,Papa Johns,14,Pizzas > Pizzas prearmadas > Pizzas Insignia,"Food, Beverages & Tobacco > Food Items"
1596,Pizza The Works - Familiar Masa-tradicional Borde-queso Salsa-Pizza,"Pepperoni, jamón, salchicha italiana, cebollas, pimenton verde, champiñones, aceituna negra y queso. Hacer un resumen es quedarse corto, mejor prueba las Pizza The Works . Seguro te enamoras.",in stock,new,70200 COP,,https://www.papajohns.com.co/the-works-14/p?skuId=1596,https://papajohns.vteximg.com.br/arquivos/ids/159915-800-800/VTEX_THE-WORKS-10-porciones.png?v=639245689630900000,,Papa Johns,14,Pizzas > Pizzas prearmadas > Pizzas Insignia,"Food, Beverages & Tobacco > Food Items"
1597,Pizza The Works - Familiar Masa-tradicional Borde-queso Salsa-BBQ,"Pepperoni, jamón, salchicha italiana, cebollas, pimenton verde, champiñones, aceituna negra y queso. Hacer un resumen es quedarse corto, mejor prueba las Pizza The Works . Seguro te enamoras.",in stock,new,70200 COP,,https://www.papajohns.com.co/the-works-14/p?skuId=1597,https://papajohns.vteximg.com.br/arquivos/ids/159916-800-800/VTEX_THE-WORKS-10-porciones.png?v=639245689947530000,,Papa Johns,14,Pizzas > Pizzas prearmadas > Pizzas Insignia,"Food, Beverages & Tobacco > Food Items"
1598,Pizza The Works - Familiar Masa-tradicional Borde-queso Salsa-Ranch,"Pepperoni, jamón, salchicha italiana, cebollas, pimenton verde, champiñones, aceituna negra y queso. Hacer un resumen es quedarse corto, mejor prueba las Pizza The Works . Seguro te enamoras.",in stock,new,70200 COP,,https://www.papajohns.com.co/the-works-14/p?skuId=1598,https://papajohns.vteximg.com.br/arquivos/ids/159917-800-800/VTEX_THE-WORKS-10-porciones.png?v=639245690175930000,,Papa Johns,14,Pizzas > Pizzas prearmadas > Pizzas Insignia,"Food, Beverages & Tobacco > Food Items"
1599,Pizza The Works - Mega familar Masa-tradicional Borde-tradicional Salsa-Pizza,"Pepperoni, jamón, salchicha italiana, cebollas, pimenton verde, champiñones, aceituna negra y queso. Hacer un resumen es quedarse corto, mejor prueba las Pizza The Works . Seguro te enamoras.",in stock,new,66300 COP,,https://www.papajohns.com.co/the-works-14/p?skuId=1599,https://papajohns.vteximg.com.br/arquivos/ids/159918-800-800/VTEX_THE-WORKS-12-porciones.png?v=639245690438170000,,Papa Johns,14,Pizzas > Pizzas prearmadas > Pizzas Insignia,"Food, Beverages & Tobacco > Food Items"
1600,Pizza The Works - Mega familar Masa-tradicional Borde-tradicional Salsa-BBQ,"Pepperoni, jamón, salchicha italiana, cebollas, pimenton verde, champiñones, aceituna negra y queso. Hacer un resumen es quedarse corto, mejor prueba las Pizza The Works . Seguro te enamoras.",in stock,new,66300 COP,,https://www.papajohns.com.co/the-works-14/p?skuId=1600,https://papajohns.vteximg.com.br/arquivos/ids/159919-800-800/VTEX_THE-WORKS-12-porciones.png?v=639245690781200000,,Papa Johns,14,Pizzas > Pizzas prearmadas > Pizzas Insignia,"Food, Beverages & Tobacco > Food Items"
1601,Pizza The Works - Mega familar Masa-tradicional Borde-tradicional Salsa-Ranch,"Pepperoni, jamón, salchicha italiana, cebollas, pimenton verde, champiñones, aceituna negra y queso. Hacer un resumen es quedarse corto, mejor prueba las Pizza The Works . Seguro te enamoras.",in stock,new,66300 COP,,https://www.papajohns.com.co/the-works-14/p?skuId=1601,https://papajohns.vteximg.com.br/arquivos/ids/159920-800-800/VTEX_THE WORKS 12 porciones.png?v=639245690781230000,,Papa Johns,14,Pizzas > Pizzas prearmadas > Pizzas Insignia,"Food, Beverages & Tobacco > Food Items"
264,Pizza Hawaiana - Familiar Masa-tradicional Borde-tradicional Salsa-Pizza,Celebra lo dulce de la vida con nuestras Pizza Hawaiana y su mezcla perfecta de piña tropical y jamón canadiense . ¡Ordena ahora mismo!,in stock,new,55500 COP,,https://www.papajohns.com.co/hawaiana-12/p?skuId=264,https://papajohns.vteximg.com.br/arquivos/ids/158307-800-800/HAWAIANA.jpg.jpg?v=639008864283800000,,Papa Johns,12,Pizzas > Pizzas prearmadas > Pizzas Favoritas,"Food, Beverages & Tobacco > Food Items"
1563,Pizza Hawaiana - Familiar Masa-tradicional Borde-tradicional Salsa-Pizza,Celebra lo dulce de la vida con nuestras Pizza Hawaiana y su mezcla perfecta de piña tropical y jamón canadiense . ¡Ordena ahora mismo!,in stock,new,52300 COP,,https://www.papajohns.com.co/hawaiana-12/p?skuId=1563,https://papajohns.vteximg.com.br/arquivos/ids/159168-800-800/HAWAIANA.jpg.jpg?v=639100729597270000,,Papa Johns,12,Pizzas > Pizzas prearmadas > Pizzas Favoritas,"Food, Beverages & Tobacco > Food Items"
260,Pizza Hawaiana - Mediana Masa-tradicional Borde-tradicional Salsa-Pizza,Celebra lo dulce de la vida con nuestras Pizza Hawaiana y su mezcla perfecta de piña tropical y jamón canadiense . ¡Ordena ahora mismo!,in stock,new,46500 COP,,https://www.papajohns.com.co/hawaiana-12/p?skuId=260,https://papajohns.vteximg.com.br/arquivos/ids/159142-800-800/HAWAIANA.jpg.jpg?v=639100729589770000,,Papa Johns,12,Pizzas > Pizzas prearmadas > Pizzas Favoritas,"Food, Beverages & Tobacco > Food Items"
1897,Pizza Hawaiana - Mediana Masa-tradicional Borde-queso Salsa-Pizza,Celebra lo dulce de la vida con nuestras Pizza Hawaiana y su mezcla perfecta de piña tropical y jamón canadiense . ¡Ordena ahora mismo!,in stock,new,60700 COP,,https://www.papajohns.com.co/hawaiana-12/p?skuId=1897,https://papajohns.vteximg.com.br/arquivos/ids/159132-800-800/HAWAIANA.jpg.jpg?v=639100729587270000,,Papa Johns,12,Pizzas > Pizzas prearmadas > Pizzas Favoritas,"Food, Beverages & Tobacco > Food Items"
1898,Pizza Hawaiana - Mediana Masa-tradicional Borde-queso Salsa-BBQ,Celebra lo dulce de la vida con nuestras Pizza Hawaiana y su mezcla perfecta de piña tropical y jamón canadiense . ¡Ordena ahora mismo!,in stock,new,60700 COP,,https://www.papajohns.com.co/hawaiana-12/p?skuId=1898,https://papajohns.vteximg.com.br/arquivos/ids/159133-800-800/HAWAIANA.jpg.jpg?v=639100729587900000,,Papa Johns,12,Pizzas > Pizzas prearmadas > Pizzas Favoritas,"Food, Beverages & Tobacco > Food Items"
1899,Pizza Hawaiana - Mediana Masa-tradicional Borde-queso Salsa-Ranch,Celebra lo dulce de la vida con nuestras Pizza Hawaiana y su mezcla perfecta de piña tropical y jamón canadiense . ¡Ordena ahora mismo!,in stock,new,60700 COP,,https://www.papajohns.com.co/hawaiana-12/p?skuId=1899,https://papajohns.vteximg.com.br/arquivos/ids/159134-800-800/HAWAIANA.jpg.jpg?v=639100729588200000,,Papa Johns,12,Pizzas > Pizzas prearmadas > Pizzas Favoritas,"Food, Beverages & Tobacco > Food Items"
1900,Pizza Hawaiana - Mediana Masa-tradicional Borde-queso Salsa-Pizza,Celebra lo dulce de la vida con nuestras Pizza Hawaiana y su mezcla perfecta de piña tropical y jamón canadiense . ¡Ordena ahora mismo!,in stock,new,56200 COP,,https://www.papajohns.com.co/hawaiana-12/p?skuId=1900,https://papajohns.vteximg.com.br/arquivos/ids/159135-800-800/HAWAIANA.jpg.jpg?v=639100729588370000,,Papa Johns,12,Pizzas > Pizzas prearmadas > Pizzas Favoritas,"Food, Beverages & Tobacco > Food Items"
1901,Pizza Hawaiana - Mediana Masa-tradicional Borde-queso Salsa-BBQ,Celebra lo dulce de la vida con nuestras Pizza Hawaiana y su mezcla perfecta de piña tropical y jamón canadiense . ¡Ordena ahora mismo!,in stock,new,56200 COP,,https://www.papajohns.com.co/hawaiana-12/p?skuId=1901,https://papajohns.vteximg.com.br/arquivos/ids/159136-800-800/HAWAIANA.jpg.jpg?v=639100729588500000,,Papa Johns,12,Pizzas > Pizzas prearmadas > Pizzas Favoritas,"Food, Beverages & Tobacco > Food Items"
1902,Pizza Hawaiana - Mediana Masa-tradicional Borde-queso Salsa-Ranch,Celebra lo dulce de la vida con nuestras Pizza Hawaiana y su mezcla perfecta de piña tropical y jamón canadiense . ¡Ordena ahora mismo!,in stock,new,56200 COP,,https://www.papajohns.com.co/hawaiana-12/p?skuId=1902,https://papajohns.vteximg.com.br/arquivos/ids/159137-800-800/HAWAIANA.jpg.jpg?v=639100729588500000,,Papa Johns,12,Pizzas > Pizzas prearmadas > Pizzas Favoritas,"Food, Beverages & Tobacco > Food Items"
256,Pizza Hawaiana - Personal Masa-tradicional Borde-tradicional Salsa-Pizza,Celebra lo dulce de la vida con nuestras Pizza Hawaiana y su mezcla perfecta de piña tropical y jamón canadiense . ¡Ordena ahora mismo!,in stock,new,34500 COP,,https://www.papajohns.com.co/hawaiana-12/p?skuId=256,https://papajohns.vteximg.com.br/arquivos/ids/159138-800-800/HAWAIANA.jpg.jpg?v=639100729588830000,,Papa Johns,12,Pizzas > Pizzas prearmadas > Pizzas Favoritas,"Food, Beverages & Tobacco > Food Items"
257,Pizza Hawaiana - Personal Masa-tradicional Borde-tradicional Salsa-BBQ,Celebra lo dulce de la vida con nuestras Pizza Hawaiana y su mezcla perfecta de piña tropical y jamón canadiense . ¡Ordena ahora mismo!,in stock,new,34500 COP,,https://www.papajohns.com.co/hawaiana-12/p?skuId=257,https://papajohns.vteximg.com.br/arquivos/ids/159139-800-800/HAWAIANA.jpg.jpg?v=639100729589130000,,Papa Johns,12,Pizzas > Pizzas prearmadas > Pizzas Favoritas,"Food, Beverages & Tobacco > Food Items"
258,Pizza Hawaiana - Personal Masa-tradicional Borde-tradicional Salsa-Ranch,Celebra lo dulce de la vida con nuestras Pizza Hawaiana y su mezcla perfecta de piña tropical y jamón canadiense . ¡Ordena ahora mismo!,in stock,new,34500 COP,,https://www.papajohns.com.co/hawaiana-12/p?skuId=258,https://papajohns.vteximg.com.br/arquivos/ids/159140-800-800/HAWAIANA.jpg.jpg?v=639100729589300000,,Papa Johns,12,Pizzas > Pizzas prearmadas > Pizzas Favoritas,"Food, Beverages & Tobacco > Food Items"
261,Pizza Hawaiana - Mediana Masa-radicional Borde-tradicional Salsa-BBQ,Celebra lo dulce de la vida con nuestras Pizza Hawaiana y su mezcla perfecta de piña tropical y jamón canadiense . ¡Ordena ahora mismo!,in stock,new,46500 COP,,https://www.papajohns.com.co/hawaiana-12/p?skuId=261,https://papajohns.vteximg.com.br/arquivos/ids/159143-800-800/HAWAIANA.jpg.jpg?v=639100729589930000,,Papa Johns,12,Pizzas > Pizzas prearmadas > Pizzas Favoritas,"Food, Beverages & Tobacco > Food Items"
262,Pizza Hawaiana - Mediana Masa-tradicional Borde-tradicional Salsa-Ranch,Celebra lo dulce de la vida con nuestras Pizza Hawaiana y su mezcla perfecta de piña tropical y jamón canadiense . ¡Ordena ahora mismo!,in stock,new,46500 COP,,https://www.papajohns.com.co/hawaiana-12/p?skuId=262,https://papajohns.vteximg.com.br/arquivos/ids/159144-800-800/HAWAIANA.jpg.jpg?v=639100729590070000,,Papa Johns,12,Pizzas > Pizzas prearmadas > Pizzas Favoritas,"Food, Beverages & Tobacco > Food Items"
265,Pizza Hawaiana - Familiar Masa-tradicional Borde-tradicional Salsa-BBQ,Celebra lo dulce de la vida con nuestras Pizza Hawaiana y su mezcla perfecta de piña tropical y jamón canadiense . ¡Ordena ahora mismo!,in stock,new,55500 COP,,https://www.papajohns.com.co/hawaiana-12/p?skuId=265,https://papajohns.vteximg.com.br/arquivos/ids/159146-800-800/HAWAIANA.jpg.jpg?v=639100729590530000,,Papa Johns,12,Pizzas > Pizzas prearmadas > Pizzas Favoritas,"Food, Beverages & Tobacco > Food Items"
266,Pizza Hawaiana - Familiar Masa-tradicional Borde-tradicional Salsa-Ranch,Celebra lo dulce de la vida con nuestras Pizza Hawaiana y su mezcla perfecta de piña tropical y jamón canadiense . ¡Ordena ahora mismo!,in stock,new,55500 COP,,https://www.papajohns.com.co/hawaiana-12/p?skuId=266,https://papajohns.vteximg.com.br/arquivos/ids/159147-800-800/HAWAIANA.jpg.jpg?v=639100729590700000,,Papa Johns,12,Pizzas > Pizzas prearmadas > Pizzas Favoritas,"Food, Beverages & Tobacco > Food Items"
268,Pizza Hawaiana - Familiar Masa-tradicional Borde-queso Salsa-Pizza,Celebra lo dulce de la vida con nuestras Pizza Hawaiana y su mezcla perfecta de piña tropical y jamón canadiense . ¡Ordena ahora mismo!,in stock,new,69900 COP,,https://www.papajohns.com.co/hawaiana-12/p?skuId=268,https://papajohns.vteximg.com.br/arquivos/ids/159149-800-800/HAWAIANA.jpg.jpg?v=639100729591170000,,Papa Johns,12,Pizzas > Pizzas prearmadas > Pizzas Favoritas,"Food, Beverages & Tobacco > Food Items"
269,Pizza Hawaiana - Familiar Masa-tradicional Borde-queso Salsa-BBQ,Celebra lo dulce de la vida con nuestras Pizza Hawaiana y su mezcla perfecta de piña tropical y jamón canadiense . ¡Ordena ahora mismo!,in stock,new,69900 COP,,https://www.papajohns.com.co/hawaiana-12/p?skuId=269,https://papajohns.vteximg.com.br/arquivos/ids/159150-800-800/HAWAIANA.jpg.jpg?v=639100729591500000,,Papa Johns,12,Pizzas > Pizzas prearmadas > Pizzas Favoritas,"Food, Beverages & Tobacco > Food Items"
270,Pizza Hawaiana - Familiar Masa-tradicional Borde-queso Salsa-Ranch,Celebra lo dulce de la vida con nuestras Pizza Hawaiana y su mezcla perfecta de piña tropical y jamón canadiense . ¡Ordena ahora mismo!,in stock,new,69900 COP,,https://www.papajohns.com.co/hawaiana-12/p?skuId=270,https://papajohns.vteximg.com.br/arquivos/ids/159151-800-800/HAWAIANA.jpg.jpg?v=639100729591800000,,Papa Johns,12,Pizzas > Pizzas prearmadas > Pizzas Favoritas,"Food, Beverages & Tobacco > Food Items"
276,Pizza Hawaiana - Mega familar Masa-tradicional Borde-tradicional Salsa-Pizza,Celebra lo dulce de la vida con nuestras Pizza Hawaiana y su mezcla perfecta de piña tropical y jamón canadiense . ¡Ordena ahora mismo!,in stock,new,66500 COP,,https://www.papajohns.com.co/hawaiana-12/p?skuId=276,https://papajohns.vteximg.com.br/arquivos/ids/159157-800-800/HAWAIANA.jpg.jpg?v=639100729594000000,,Papa Johns,12,Pizzas > Pizzas prearmadas > Pizzas Favoritas,"Food, Beverages & Tobacco > Food Items"
277,Pizza Hawaiana - Mega familar Masa-tradicional Borde-tradicional Salsa-BBQ,Celebra lo dulce de la vida con nuestras Pizza Hawaiana y su mezcla perfecta de piña tropical y jamón canadiense . ¡Ordena ahora mismo!,in stock,new,66500 COP,,https://www.papajohns.com.co/hawaiana-12/p?skuId=277,https://papajohns.vteximg.com.br/arquivos/ids/159158-800-800/HAWAIANA.jpg.jpg?v=639100729594300000,,Papa Johns,12,Pizzas > Pizzas prearmadas > Pizzas Favoritas,"Food, Beverages & Tobacco > Food Items"
278,Pizza Hawaiana - Mega familar Masa-tradicional Borde-tradicional Salsa-Ranch,Celebra lo dulce de la vida con nuestras Pizza Hawaiana y su mezcla perfecta de piña tropical y jamón canadiense . ¡Ordena ahora mismo!,in stock,new,66500 COP,,https://www.papajohns.com.co/hawaiana-12/p?skuId=278,https://papajohns.vteximg.com.br/arquivos/ids/159159-800-800/HAWAIANA.jpg.jpg?v=639100729594600000,,Papa Johns,12,Pizzas > Pizzas prearmadas > Pizzas Favoritas,"Food, Beverages & Tobacco > Food Items"
1557,Pizza Hawaiana - Personal Masa-tradicional Borde-tradicional Salsa-Pizza,Celebra lo dulce de la vida con nuestras Pizza Hawaiana y su mezcla perfecta de piña tropical y jamón canadiense . ¡Ordena ahora mismo!,in stock,new,31300 COP,,https://www.papajohns.com.co/hawaiana-12/p?skuId=1557,https://papajohns.vteximg.com.br/arquivos/ids/159162-800-800/HAWAIANA.jpg.jpg?v=639100729595530000,,Papa Johns,12,Pizzas > Pizzas prearmadas > Pizzas Favoritas,"Food, Beverages & Tobacco > Food Items"
1558,Pizza Hawaiana - Personal Masa-tradicional Borde-tradicional Salsa-BBQ,Celebra lo dulce de la vida con nuestras Pizza Hawaiana y su mezcla perfecta de piña tropical y jamón canadiense . ¡Ordena ahora mismo!,in stock,new,31300 COP,,https://www.papajohns.com.co/hawaiana-12/p?skuId=1558,https://papajohns.vteximg.com.br/arquivos/ids/159163-800-800/HAWAIANA.jpg.jpg?v=639100729595870000,,Papa Johns,12,Pizzas > Pizzas prearmadas > Pizzas Favoritas,"Food, Beverages & Tobacco > Food Items"
1559,Pizza Hawaiana - Personal Masa-tradicional Borde-tradicional Salsa-Ranch,Celebra lo dulce de la vida con nuestras Pizza Hawaiana y su mezcla perfecta de piña tropical y jamón canadiense . ¡Ordena ahora mismo!,in stock,new,31300 COP,,https://www.papajohns.com.co/hawaiana-12/p?skuId=1559,https://papajohns.vteximg.com.br/arquivos/ids/159164-800-800/HAWAIANA.jpg.jpg?v=639100729596000000,,Papa Johns,12,Pizzas > Pizzas prearmadas > Pizzas Favoritas,"Food, Beverages & Tobacco > Food Items"
1560,Pizza Hawaiana - Mediana Masa-tradicional Borde-tradicional Salsa-Pizza,Celebra lo dulce de la vida con nuestras Pizza Hawaiana y su mezcla perfecta de piña tropical y jamón canadiense . ¡Ordena ahora mismo!,in stock,new,43300 COP,,https://www.papajohns.com.co/hawaiana-12/p?skuId=1560,https://papajohns.vteximg.com.br/arquivos/ids/159165-800-800/HAWAIANA.jpg.jpg?v=639100729596170000,,Papa Johns,12,Pizzas > Pizzas prearmadas > Pizzas Favoritas,"Food, Beverages & Tobacco > Food Items"
1561,Pizza Hawaiana - Mediana Masa-radicional Borde-tradicional Salsa-BBQ,Celebra lo dulce de la vida con nuestras Pizza Hawaiana y su mezcla perfecta de piña tropical y jamón canadiense . ¡Ordena ahora mismo!,in stock,new,43300 COP,,https://www.papajohns.com.co/hawaiana-12/p?skuId=1561,https://papajohns.vteximg.com.br/arquivos/ids/159166-800-800/HAWAIANA.jpg.jpg?v=639100729596500000,,Papa Johns,12,Pizzas > Pizzas prearmadas > Pizzas Favoritas,"Food, Beverages & Tobacco > Food Items"
1562,Pizza Hawaiana - Mediana Masa-tradicional Borde-tradicional Salsa-Ranch,Celebra lo dulce de la vida con nuestras Pizza Hawaiana y su mezcla perfecta de piña tropical y jamón canadiense . ¡Ordena ahora mismo!,in stock,new,43300 COP,,https://www.papajohns.com.co/hawaiana-12/p?skuId=1562,https://papajohns.vteximg.com.br/arquivos/ids/159167-800-800/HAWAIANA.jpg.jpg?v=639100729596800000,,Papa Johns,12,Pizzas > Pizzas prearmadas > Pizzas Favoritas,"Food, Beverages & Tobacco > Food Items"
1564,Pizza Hawaiana - Familiar Masa-tradicional Borde-tradicional Salsa-BBQ,Celebra lo dulce de la vida con nuestras Pizza Hawaiana y su mezcla perfecta de piña tropical y jamón canadiense . ¡Ordena ahora mismo!,in stock,new,52300 COP,,https://www.papajohns.com.co/hawaiana-12/p?skuId=1564,https://papajohns.vteximg.com.br/arquivos/ids/159169-800-800/HAWAIANA.jpg.jpg?v=639100729597430000,,Papa Johns,12,Pizzas > Pizzas prearmadas > Pizzas Favoritas,"Food, Beverages & Tobacco > Food Items"
1565,Pizza Hawaiana - Familiar Masa-tradicional Borde-tradicional Salsa-Ranch,Celebra lo dulce de la vida con nuestras Pizza Hawaiana y su mezcla perfecta de piña tropical y jamón canadiense . ¡Ordena ahora mismo!,in stock,new,52300 COP,,https://www.papajohns.com.co/hawaiana-12/p?skuId=1565,https://papajohns.vteximg.com.br/arquivos/ids/159170-800-800/HAWAIANA.jpg.jpg?v=639100729597730000,,Papa Johns,12,Pizzas > Pizzas prearmadas > Pizzas Favoritas,"Food, Beverages & Tobacco > Food Items"
1566,Pizza Hawaiana - Familiar Masa-tradicional Borde-queso Salsa-Pizza,Celebra lo dulce de la vida con nuestras Pizza Hawaiana y su mezcla perfecta de piña tropical y jamón canadiense . ¡Ordena ahora mismo!,in stock,new,65200 COP,,https://www.papajohns.com.co/hawaiana-12/p?skuId=1566,https://papajohns.vteximg.com.br/arquivos/ids/159171-800-800/HAWAIANA.jpg.jpg?v=639100729597900000,,Papa Johns,12,Pizzas > Pizzas prearmadas > Pizzas Favoritas,"Food, Beverages & Tobacco > Food Items"
1567,Pizza Hawaiana - Familiar Masa-tradicional Borde-queso Salsa-BBQ,Celebra lo dulce de la vida con nuestras Pizza Hawaiana y su mezcla perfecta de piña tropical y jamón canadiense . ¡Ordena ahora mismo!,in stock,new,65200 COP,,https://www.papajohns.com.co/hawaiana-12/p?skuId=1567,https://papajohns.vteximg.com.br/arquivos/ids/159172-800-800/HAWAIANA.jpg.jpg?v=639100729598030000,,Papa Johns,12,Pizzas > Pizzas prearmadas > Pizzas Favoritas,"Food, Beverages & Tobacco > Food Items"
1568,Pizza Hawaiana - Familiar Masa-tradicional Borde-queso Salsa-Ranch,Celebra lo dulce de la vida con nuestras Pizza Hawaiana y su mezcla perfecta de piña tropical y jamón canadiense . ¡Ordena ahora mismo!,in stock,new,65200 COP,,https://www.papajohns.com.co/hawaiana-12/p?skuId=1568,https://papajohns.vteximg.com.br/arquivos/ids/159173-800-800/HAWAIANA.jpg.jpg?v=639100729598500000,,Papa Johns,12,Pizzas > Pizzas prearmadas > Pizzas Favoritas,"Food, Beverages & Tobacco > Food Items"
1569,Pizza Hawaiana - Mega familar Masa-tradicional Borde-tradicional Salsa-Pizza,Celebra lo dulce de la vida con nuestras Pizza Hawaiana y su mezcla perfecta de piña tropical y jamón canadiense . ¡Ordena ahora mismo!,in stock,new,63300 COP,,https://www.papajohns.com.co/hawaiana-12/p?skuId=1569,https://papajohns.vteximg.com.br/arquivos/ids/159174-800-800/HAWAIANA.jpg.jpg?v=639100729598830000,,Papa Johns,12,Pizzas > Pizzas prearmadas > Pizzas Favoritas,"Food, Beverages & Tobacco > Food Items"
1570,Pizza Hawaiana - Mega familar Masa-tradicional Borde-tradicional Salsa-BBQ,Celebra lo dulce de la vida con nuestras Pizza Hawaiana y su mezcla perfecta de piña tropical y jamón canadiense . ¡Ordena ahora mismo!,in stock,new,63300 COP,,https://www.papajohns.com.co/hawaiana-12/p?skuId=1570,https://papajohns.vteximg.com.br/arquivos/ids/159175-800-800/HAWAIANA.jpg.jpg?v=639100729599300000,,Papa Johns,12,Pizzas > Pizzas prearmadas > Pizzas Favoritas,"Food, Beverages & Tobacco > Food Items"
1571,Pizza Hawaiana - Mega familar Masa-tradicional Borde-tradicional Salsa-Ranch,Celebra lo dulce de la vida con nuestras Pizza Hawaiana y su mezcla perfecta de piña tropical y jamón canadiense . ¡Ordena ahora mismo!,in stock,new,63300 COP,,https://www.papajohns.com.co/hawaiana-12/p?skuId=1571,https://papajohns.vteximg.com.br/arquivos/ids/159176-800-800/HAWAIANA.jpg.jpg?v=639100729599600000,,Papa Johns,12,Pizzas > Pizzas prearmadas > Pizzas Favoritas,"Food, Beverages & Tobacco > Food Items"
52,Pizza de Champiñones y Pollo - Familiar Masa-tradicional Borde-tradicional Salsa-Pizza,"Como un hongo nunca te vas a quedar si acompañas tus días con nuestras Pizza de Champiñones y Pollo , tienen ingredientes en exceso.",in stock,new,55500 COP,,https://www.papajohns.com.co/pollo-y-champinones-3/p?skuId=52,https://papajohns.vteximg.com.br/arquivos/ids/158006-800-800/POLLO-Y-CHAMPINONES.jpg.jpg?v=639008598046870000,,Papa Johns,3,Pizzas > Pizzas prearmadas > Pizzas Favoritas,"Food, Beverages & Tobacco > Food Items"
1443,Pizza de Champiñones y Pollo - Familiar Masa-tradicional Borde-tradicional Salsa-Pizza,"Como un hongo nunca te vas a quedar si acompañas tus días con nuestras Pizza de Champiñones y Pollo , tienen ingredientes en exceso.",in stock,new,52300 COP,,https://www.papajohns.com.co/pollo-y-champinones-3/p?skuId=1443,https://papajohns.vteximg.com.br/arquivos/ids/159037-800-800/POLLO-Y-CHAMPINONES.jpg.jpg?v=639100707462270000,,Papa Johns,3,Pizzas > Pizzas prearmadas > Pizzas Favoritas,"Food, Beverages & Tobacco > Food Items"
48,Pizza de Champiñones y Pollo - Mediana Masa-tradicional Borde-tradicional Salsa-Pizza,"Como un hongo nunca te vas a quedar si acompañas tus días con nuestras Pizza de Champiñones y Pollo , tienen ingredientes en exceso.",in stock,new,46500 COP,,https://www.papajohns.com.co/pollo-y-champinones-3/p?skuId=48,https://papajohns.vteximg.com.br/arquivos/ids/159011-800-800/POLLO-Y-CHAMPINONES.jpg.jpg?v=639100707456200000,,Papa Johns,3,Pizzas > Pizzas prearmadas > Pizzas Favoritas,"Food, Beverages & Tobacco > Food Items"
1440,Pizza de Champiñones y Pollo - Mediana Masa-tradicional Borde-tradicional Salsa-Pizza,"Como un hongo nunca te vas a quedar si acompañas tus días con nuestras Pizza de Champiñones y Pollo , tienen ingredientes en exceso.",in stock,new,43300 COP,,https://www.papajohns.com.co/pollo-y-champinones-3/p?skuId=1440,https://papajohns.vteximg.com.br/arquivos/ids/159034-800-800/POLLO-Y-CHAMPINONES.jpg.jpg?v=639100707461330000,,Papa Johns,3,Pizzas > Pizzas prearmadas > Pizzas Favoritas,"Food, Beverages & Tobacco > Food Items"
1903,Pizza de Champiñones y Pollo - Mediana Masa-tradicional Borde-queso Salsa-Pizza,"Como un hongo nunca te vas a quedar si acompañas tus días con nuestras Pizza de Champiñones y Pollo , tienen ingredientes en exceso.",in stock,new,60700 COP,,https://www.papajohns.com.co/pollo-y-champinones-3/p?skuId=1903,https://papajohns.vteximg.com.br/arquivos/ids/159002-800-800/POLLO-Y-CHAMPINONES.jpg.jpg?v=639100707454300000,,Papa Johns,3,Pizzas > Pizzas prearmadas > Pizzas Favoritas,"Food, Beverages & Tobacco > Food Items"
1904,Pizza de Champiñones y Pollo - Mediana Masa-tradicional Borde-queso Salsa-BBQ,"Como un hongo nunca te vas a quedar si acompañas tus días con nuestras Pizza de Champiñones y Pollo , tienen ingredientes en exceso.",in stock,new,60700 COP,,https://www.papajohns.com.co/pollo-y-champinones-3/p?skuId=1904,https://papajohns.vteximg.com.br/arquivos/ids/159003-800-800/POLLO-Y-CHAMPINONES.jpg.jpg?v=639100707454630000,,Papa Johns,3,Pizzas > Pizzas prearmadas > Pizzas Favoritas,"Food, Beverages & Tobacco > Food Items"
1905,Pizza de Champiñones y Pollo - Mediana Masa-tradicional Borde-queso Salsa-Ranch,"Como un hongo nunca te vas a quedar si acompañas tus días con nuestras Pizza de Champiñones y Pollo , tienen ingredientes en exceso.",in stock,new,60700 COP,,https://www.papajohns.com.co/pollo-y-champinones-3/p?skuId=1905,https://papajohns.vteximg.com.br/arquivos/ids/159004-800-800/POLLO-Y-CHAMPINONES.jpg.jpg?v=639100707454770000,,Papa Johns,3,Pizzas > Pizzas prearmadas > Pizzas Favoritas,"Food, Beverages & Tobacco > Food Items"
1906,Pizza de Champiñones y Pollo - Mediana Masa-tradicional Borde-queso Salsa-Pizza,"Como un hongo nunca te vas a quedar si acompañas tus días con nuestras Pizza de Champiñones y Pollo , tienen ingredientes en exceso.",in stock,new,56200 COP,,https://www.papajohns.com.co/pollo-y-champinones-3/p?skuId=1906,https://papajohns.vteximg.com.br/arquivos/ids/159005-800-800/POLLO-Y-CHAMPINONES.jpg.jpg?v=639100707454930000,,Papa Johns,3,Pizzas > Pizzas prearmadas > Pizzas Favoritas,"Food, Beverages & Tobacco > Food Items"
1907,Pizza de Champiñones y Pollo - Mediana Masa-tradicional Borde-queso Salsa-BBQ,"Como un hongo nunca te vas a quedar si acompañas tus días con nuestras Pizza de Champiñones y Pollo , tienen ingredientes en exceso.",in stock,new,56200 COP,,https://www.papajohns.com.co/pollo-y-champinones-3/p?skuId=1907,https://papajohns.vteximg.com.br/arquivos/ids/159006-800-800/POLLO-Y-CHAMPINONES.jpg.jpg?v=639100707455100000,,Papa Johns,3,Pizzas > Pizzas prearmadas > Pizzas Favoritas,"Food, Beverages & Tobacco > Food Items"
1908,Pizza de Champiñones y Pollo - Mediana Masa-tradicional Borde-queso Salsa-Ranch,"Como un hongo nunca te vas a quedar si acompañas tus días con nuestras Pizza de Champiñones y Pollo , tienen ingredientes en exceso.",in stock,new,56200 COP,,https://www.papajohns.com.co/pollo-y-champinones-3/p?skuId=1908,https://papajohns.vteximg.com.br/arquivos/ids/159007-800-800/POLLO-Y-CHAMPINONES.jpg.jpg?v=639100707455230000,,Papa Johns,3,Pizzas > Pizzas prearmadas > Pizzas Favoritas,"Food, Beverages & Tobacco > Food Items"
45,Pizza de Champiñones y Pollo - Personal Masa-tradicional Borde-tradicional Salsa-Pizza,"Como un hongo nunca te vas a quedar si acompañas tus días con nuestras Pizza de Champiñones y Pollo , tienen ingredientes en exceso.",in stock,new,34500 COP,,https://www.papajohns.com.co/pollo-y-champinones-3/p?skuId=45,https://papajohns.vteximg.com.br/arquivos/ids/159008-800-800/POLLO-Y-CHAMPINONES.jpg.jpg?v=639100707455400000,,Papa Johns,3,Pizzas > Pizzas prearmadas > Pizzas Favoritas,"Food, Beverages & Tobacco > Food Items"
46,Pizza de Champiñones y Pollo - Personal Masa-tradicional Borde-tradicional Salsa-BBQ,"Como un hongo nunca te vas a quedar si acompañas tus días con nuestras Pizza de Champiñones y Pollo , tienen ingredientes en exceso.",in stock,new,34500 COP,,https://www.papajohns.com.co/pollo-y-champinones-3/p?skuId=46,https://papajohns.vteximg.com.br/arquivos/ids/159009-800-800/POLLO-Y-CHAMPINONES.jpg.jpg?v=639100707455700000,,Papa Johns,3,Pizzas > Pizzas prearmadas > Pizzas Favoritas,"Food, Beverages & Tobacco > Food Items"
47,Pizza de Champiñones y Pollo - Personal Masa-tradicional Borde-tradicional Salsa-Ranch,"Como un hongo nunca te vas a quedar si acompañas tus días con nuestras Pizza de Champiñones y Pollo , tienen ingredientes en exceso.",in stock,new,34500 COP,,https://www.papajohns.com.co/pollo-y-champinones-3/p?skuId=47,https://papajohns.vteximg.com.br/arquivos/ids/159010-800-800/POLLO-Y-CHAMPINONES.jpg.jpg?v=639100707456030000,,Papa Johns,3,Pizzas > Pizzas prearmadas > Pizzas Favoritas,"Food, Beverages & Tobacco > Food Items"
49,Pizza de Champiñones y Pollo - Mediana Masa-radicional Borde-tradicional Salsa-BBQ,"Como un hongo nunca te vas a quedar si acompañas tus días con nuestras Pizza de Champiñones y Pollo , tienen ingredientes en exceso.",in stock,new,46500 COP,,https://www.papajohns.com.co/pollo-y-champinones-3/p?skuId=49,https://papajohns.vteximg.com.br/arquivos/ids/159012-800-800/POLLO-Y-CHAMPINONES.jpg.jpg?v=639100707456330000,,Papa Johns,3,Pizzas > Pizzas prearmadas > Pizzas Favoritas,"Food, Beverages & Tobacco > Food Items"
50,Pizza de Champiñones y Pollo - Mediana Masa-tradicional Borde-tradicional Salsa-Ranch,"Como un hongo nunca te vas a quedar si acompañas tus días con nuestras Pizza de Champiñones y Pollo , tienen ingredientes en exceso.",in stock,new,46500 COP,,https://www.papajohns.com.co/pollo-y-champinones-3/p?skuId=50,https://papajohns.vteximg.com.br/arquivos/ids/159013-800-800/POLLO-Y-CHAMPINONES.jpg.jpg?v=639100707456670000,,Papa Johns,3,Pizzas > Pizzas prearmadas > Pizzas Favoritas,"Food, Beverages & Tobacco > Food Items"
53,Pizza de Champiñones y Pollo - Familiar Masa-tradicional Borde-tradicional Salsa-BBQ,"Como un hongo nunca te vas a quedar si acompañas tus días con nuestras Pizza de Champiñones y Pollo , tienen ingredientes en exceso.",in stock,new,55500 COP,,https://www.papajohns.com.co/pollo-y-champinones-3/p?skuId=53,https://papajohns.vteximg.com.br/arquivos/ids/159015-800-800/POLLO-Y-CHAMPINONES.jpg.jpg?v=639100707456970000,,Papa Johns,3,Pizzas > Pizzas prearmadas > Pizzas Favoritas,"Food, Beverages & Tobacco > Food Items"
54,Pizza de Champiñones y Pollo - Familiar Masa-tradicional Borde-tradicional Salsa-Ranch,"Como un hongo nunca te vas a quedar si acompañas tus días con nuestras Pizza de Champiñones y Pollo , tienen ingredientes en exceso.",in stock,new,55500 COP,,https://www.papajohns.com.co/pollo-y-champinones-3/p?skuId=54,https://papajohns.vteximg.com.br/arquivos/ids/159016-800-800/POLLO-Y-CHAMPINONES.jpg.jpg?v=639100707457100000,,Papa Johns,3,Pizzas > Pizzas prearmadas > Pizzas Favoritas,"Food, Beverages & Tobacco > Food Items"
56,Pizza de Champiñones y Pollo - Familiar Masa-tradicional Borde-queso Salsa-Pizza,"Como un hongo nunca te vas a quedar si acompañas tus días con nuestras Pizza de Champiñones y Pollo , tienen ingredientes en exceso.",in stock,new,69900 COP,,https://www.papajohns.com.co/pollo-y-champinones-3/p?skuId=56,https://papajohns.vteximg.com.br/arquivos/ids/159018-800-800/POLLO-Y-CHAMPINONES.jpg.jpg?v=639100707457430000,,Papa Johns,3,Pizzas > Pizzas prearmadas > Pizzas Favoritas,"Food, Beverages & Tobacco > Food Items"
57,Pizza de Champiñones y Pollo - Familiar Masa-tradicional Borde-queso Salsa-BBQ,"Como un hongo nunca te vas a quedar si acompañas tus días con nuestras Pizza de Champiñones y Pollo , tienen ingredientes en exceso.",in stock,new,69900 COP,,https://www.papajohns.com.co/pollo-y-champinones-3/p?skuId=57,https://papajohns.vteximg.com.br/arquivos/ids/159019-800-800/POLLO-Y-CHAMPINONES.jpg.jpg?v=639100707457900000,,Papa Johns,3,Pizzas > Pizzas prearmadas > Pizzas Favoritas,"Food, Beverages & Tobacco > Food Items"
58,Pizza de Champiñones y Pollo - Familiar Masa-tradicional Borde-queso Salsa-Ranch,"Como un hongo nunca te vas a quedar si acompañas tus días con nuestras Pizza de Champiñones y Pollo , tienen ingredientes en exceso.",in stock,new,69900 COP,,https://www.papajohns.com.co/pollo-y-champinones-3/p?skuId=58,https://papajohns.vteximg.com.br/arquivos/ids/159020-800-800/POLLO-Y-CHAMPINONES.jpg.jpg?v=639100707458700000,,Papa Johns,3,Pizzas > Pizzas prearmadas > Pizzas Favoritas,"Food, Beverages & Tobacco > Food Items"
64,Pizza de Champiñones y Pollo - Mega familar Masa-tradicional Borde-tradicional Salsa-Pizza,"Como un hongo nunca te vas a quedar si acompañas tus días con nuestras Pizza de Champiñones y Pollo , tienen ingredientes en exceso.",in stock,new,66500 COP,,https://www.papajohns.com.co/pollo-y-champinones-3/p?skuId=64,https://papajohns.vteximg.com.br/arquivos/ids/159026-800-800/POLLO-Y-CHAMPINONES.jpg.jpg?v=639100707460100000,,Papa Johns,3,Pizzas > Pizzas prearmadas > Pizzas Favoritas,"Food, Beverages & Tobacco > Food Items"
65,Pizza de Champiñones y Pollo - Mega familar Masa-tradicional Borde-tradicional Salsa-BBQ,"Como un hongo nunca te vas a quedar si acompañas tus días con nuestras Pizza de Champiñones y Pollo , tienen ingredientes en exceso.",in stock,new,66500 COP,,https://www.papajohns.com.co/pollo-y-champinones-3/p?skuId=65,https://papajohns.vteximg.com.br/arquivos/ids/159027-800-800/POLLO-Y-CHAMPINONES.jpg.jpg?v=639100707460230000,,Papa Johns,3,Pizzas > Pizzas prearmadas > Pizzas Favoritas,"Food, Beverages & Tobacco > Food Items"
66,Pizza de Champiñones y Pollo - Mega familar Masa-tradicional Borde-tradicional Salsa-Ranch,"Como un hongo nunca te vas a quedar si acompañas tus días con nuestras Pizza de Champiñones y Pollo , tienen ingredientes en exceso.",in stock,new,66500 COP,,https://www.papajohns.com.co/pollo-y-champinones-3/p?skuId=66,https://papajohns.vteximg.com.br/arquivos/ids/159028-800-800/POLLO-Y-CHAMPINONES.jpg.jpg?v=639100707460400000,,Papa Johns,3,Pizzas > Pizzas prearmadas > Pizzas Favoritas,"Food, Beverages & Tobacco > Food Items"
1437,Pizza de Champiñones y Pollo - Personal Masa-tradicional Borde-tradicional Salsa-Pizza,"Como un hongo nunca te vas a quedar si acompañas tus días con nuestras Pizza de Champiñones y Pollo , tienen ingredientes en exceso.",in stock,new,31300 COP,,https://www.papajohns.com.co/pollo-y-champinones-3/p?skuId=1437,https://papajohns.vteximg.com.br/arquivos/ids/159031-800-800/POLLO-Y-CHAMPINONES.jpg.jpg?v=639100707460870000,,Papa Johns,3,Pizzas > Pizzas prearmadas > Pizzas Favoritas,"Food, Beverages & Tobacco > Food Items"
1438,Pizza de Champiñones y Pollo - Personal Masa-tradicional Borde-tradicional Salsa-BBQ,"Como un hongo nunca te vas a quedar si acompañas tus días con nuestras Pizza de Champiñones y Pollo , tienen ingredientes en exceso.",in stock,new,31300 COP,,https://www.papajohns.com.co/pollo-y-champinones-3/p?skuId=1438,https://papajohns.vteximg.com.br/arquivos/ids/159032-800-800/POLLO-Y-CHAMPINONES.jpg.jpg?v=639100707461030000,,Papa Johns,3,Pizzas > Pizzas prearmadas > Pizzas Favoritas,"Food, Beverages & Tobacco > Food Items"
1439,Pizza de Champiñones y Pollo - Personal Masa-tradicional Borde-tradicional Salsa-Ranch,"Como un hongo nunca te vas a quedar si acompañas tus días con nuestras Pizza de Champiñones y Pollo , tienen ingredientes en exceso.",in stock,new,31300 COP,,https://www.papajohns.com.co/pollo-y-champinones-3/p?skuId=1439,https://papajohns.vteximg.com.br/arquivos/ids/159033-800-800/POLLO-Y-CHAMPINONES.jpg.jpg?v=639100707461200000,,Papa Johns,3,Pizzas > Pizzas prearmadas > Pizzas Favoritas,"Food, Beverages & Tobacco > Food Items"
1441,Pizza de Champiñones y Pollo - Mediana Masa-radicional Borde-tradicional Salsa-BBQ,"Como un hongo nunca te vas a quedar si acompañas tus días con nuestras Pizza de Champiñones y Pollo , tienen ingredientes en exceso.",in stock,new,43300 COP,,https://www.papajohns.com.co/pollo-y-champinones-3/p?skuId=1441,https://papajohns.vteximg.com.br/arquivos/ids/159035-800-800/POLLO-Y-CHAMPINONES.jpg.jpg?v=639100707461670000,,Papa Johns,3,Pizzas > Pizzas prearmadas > Pizzas Favoritas,"Food, Beverages & Tobacco > Food Items"
1442,Pizza de Champiñones y Pollo - Mediana Masa-tradicional Borde-tradicional Salsa-Ranch,"Como un hongo nunca te vas a quedar si acompañas tus días con nuestras Pizza de Champiñones y Pollo , tienen ingredientes en exceso.",in stock,new,43300 COP,,https://www.papajohns.com.co/pollo-y-champinones-3/p?skuId=1442,https://papajohns.vteximg.com.br/arquivos/ids/159036-800-800/POLLO-Y-CHAMPINONES.jpg.jpg?v=639100707461970000,,Papa Johns,3,Pizzas > Pizzas prearmadas > Pizzas Favoritas,"Food, Beverages & Tobacco > Food Items"
1444,Pizza de Champiñones y Pollo - Familiar Masa-tradicional Borde-tradicional Salsa-BBQ,"Como un hongo nunca te vas a quedar si acompañas tus días con nuestras Pizza de Champiñones y Pollo , tienen ingredientes en exceso.",in stock,new,52300 COP,,https://www.papajohns.com.co/pollo-y-champinones-3/p?skuId=1444,https://papajohns.vteximg.com.br/arquivos/ids/159038-800-800/POLLO-Y-CHAMPINONES.jpg.jpg?v=639100707462430000,,Papa Johns,3,Pizzas > Pizzas prearmadas > Pizzas Favoritas,"Food, Beverages & Tobacco > Food Items"
1445,Pizza de Champiñones y Pollo - Familiar Masa-tradicional Borde-tradicional Salsa-Ranch,"Como un hongo nunca te vas a quedar si acompañas tus días con nuestras Pizza de Champiñones y Pollo , tienen ingredientes en exceso.",in stock,new,52300 COP,,https://www.papajohns.com.co/pollo-y-champinones-3/p?skuId=1445,https://papajohns.vteximg.com.br/arquivos/ids/159039-800-800/POLLO-Y-CHAMPINONES.jpg.jpg?v=639100707462600000,,Papa Johns,3,Pizzas > Pizzas prearmadas > Pizzas Favoritas,"Food, Beverages & Tobacco > Food Items"
1446,Pizza de Champiñones y Pollo - Familiar Masa-tradicional Borde-queso Salsa-Pizza,"Como un hongo nunca te vas a quedar si acompañas tus días con nuestras Pizza de Champiñones y Pollo , tienen ingredientes en exceso.",in stock,new,65200 COP,,https://www.papajohns.com.co/pollo-y-champinones-3/p?skuId=1446,https://papajohns.vteximg.com.br/arquivos/ids/159040-800-800/POLLO-Y-CHAMPINONES.jpg.jpg?v=639100707462730000,,Papa Johns,3,Pizzas > Pizzas prearmadas > Pizzas Favoritas,"Food, Beverages & Tobacco > Food Items"
1447,Pizza de Champiñones y Pollo - Familiar Masa-tradicional Borde-queso Salsa-BBQ,"Como un hongo nunca te vas a quedar si acompañas tus días con nuestras Pizza de Champiñones y Pollo , tienen ingredientes en exceso.",in stock,new,65200 COP,,https://www.papajohns.com.co/pollo-y-champinones-3/p?skuId=1447,https://papajohns.vteximg.com.br/arquivos/ids/159041-800-800/POLLO-Y-CHAMPINONES.jpg.jpg?v=639100707463070000,,Papa Johns,3,Pizzas > Pizzas prearmadas > Pizzas Favoritas,"Food, Beverages & Tobacco > Food Items"
1448,Pizza de Champiñones y Pollo - Familiar Masa-tradicional Borde-queso Salsa-Ranch,"Como un hongo nunca te vas a quedar si acompañas tus días con nuestras Pizza de Champiñones y Pollo , tienen ingredientes en exceso.",in stock,new,65200 COP,,https://www.papajohns.com.co/pollo-y-champinones-3/p?skuId=1448,https://papajohns.vteximg.com.br/arquivos/ids/159042-800-800/POLLO-Y-CHAMPINONES.jpg.jpg?v=639100707463230000,,Papa Johns,3,Pizzas > Pizzas prearmadas > Pizzas Favoritas,"Food, Beverages & Tobacco > Food Items"
1449,Pizza de Champiñones y Pollo - Mega familar Masa-tradicional Borde-tradicional Salsa-Pizza,"Como un hongo nunca te vas a quedar si acompañas tus días con nuestras Pizza de Champiñones y Pollo , tienen ingredientes en exceso.",in stock,new,63300 COP,,https://www.papajohns.com.co/pollo-y-champinones-3/p?skuId=1449,https://papajohns.vteximg.com.br/arquivos/ids/159043-800-800/POLLO-Y-CHAMPINONES.jpg.jpg?v=639100707463400000,,Papa Johns,3,Pizzas > Pizzas prearmadas > Pizzas Favoritas,"Food, Beverages & Tobacco > Food Items"
1450,Pizza de Champiñones y Pollo - Mega familar Masa-tradicional Borde-tradicional Salsa-BBQ,"Como un hongo nunca te vas a quedar si acompañas tus días con nuestras Pizza de Champiñones y Pollo , tienen ingredientes en exceso.",in stock,new,63300 COP,,https://www.papajohns.com.co/pollo-y-champinones-3/p?skuId=1450,https://papajohns.vteximg.com.br/arquivos/ids/159044-800-800/POLLO-Y-CHAMPINONES.jpg.jpg?v=639100707463530000,,Papa Johns,3,Pizzas > Pizzas prearmadas > Pizzas Favoritas,"Food, Beverages & Tobacco > Food Items"
1451,Pizza de Champiñones y Pollo - Mega familar Masa-tradicional Borde-tradicional Salsa-Ranch,"Como un hongo nunca te vas a quedar si acompañas tus días con nuestras Pizza de Champiñones y Pollo , tienen ingredientes en exceso.",in stock,new,63300 COP,,https://www.papajohns.com.co/pollo-y-champinones-3/p?skuId=1451,https://papajohns.vteximg.com.br/arquivos/ids/159045-800-800/POLLO-Y-CHAMPINONES.jpg.jpg?v=639100707463830000,,Papa Johns,3,Pizzas > Pizzas prearmadas > Pizzas Favoritas,"Food, Beverages & Tobacco > Food Items"
2077,Epica De Queso - 6-Porciones Masa-tradicional Borde-tradicional Salsa-Pizza,La simplicidad se vuelve extraordinaria con cada bocado de la pizza de Queso de Papa Johns. ¿Ya la probaste?,in stock,new,25900 COP,,https://www.papajohns.com.co/epica-queso-276/p?skuId=2077,https://papajohns.vteximg.com.br/arquivos/ids/159872-800-800/f62041ea-fdfd-4db7-9403-2bfd819d932b___cd79d9045a74781845e4907defa59a3d.jpg?v=639229145394500000,,Papa Johns,276,Pizzas > Pizzas prearmadas > Las Épicas,"Food, Beverages & Tobacco > Food Items"
2078,Epica De Queso - 6-Porciones Masa-tradicional Borde-tradicional Salsa-Pizza,La simplicidad se vuelve extraordinaria con cada bocado de la pizza de Queso de Papa Johns. ¿Ya la probaste?,in stock,new,24900 COP,,https://www.papajohns.com.co/epica-queso-276/p?skuId=2078,https://papajohns.vteximg.com.br/arquivos/ids/159873-800-800/f62041ea-fdfd-4db7-9403-2bfd819d932b___cd79d9045a74781845e4907defa59a3d.jpg?v=639229145395430000,,Papa Johns,276,Pizzas > Pizzas prearmadas > Las Épicas,"Food, Beverages & Tobacco > Food Items"
1399,Pizza de queso - Personal Masa-tradicional Borde-tradicional Salsa-Pizza,"Explosión de sabor con queso mozzarella derretido y dorado, con la salsa pizza de Papa Johns con su sabor inconfundible.",in stock,new,22900 COP,,https://www.papajohns.com.co/pizza-de-queso-205/p?skuId=1399,https://papajohns.vteximg.com.br/arquivos/ids/159956-800-800/VTEX_PIZZA-QUESO-4-PORCIONES.jpg?v=639256165936600000,,Papa Johns,205,Pizzas > Pizzas prearmadas > Pizzas Favoritas,"Food, Beverages & Tobacco > Food Items"
1401,Pizza de queso - Mediana Masa-tradicional Borde-tradicional Salsa-Pizza,"Explosión de sabor con queso mozzarella derretido y dorado, con la salsa pizza de Papa Johns con su sabor inconfundible.",in stock,new,29500 COP,,https://www.papajohns.com.co/pizza-de-queso-205/p?skuId=1401,https://papajohns.vteximg.com.br/arquivos/ids/159957-800-800/VTEX_PIZZA-QUESO-8-PORCIONES.jpg?v=639256166091000000,,Papa Johns,205,Pizzas > Pizzas prearmadas > Pizzas Favoritas,"Food, Beverages & Tobacco > Food Items"
1829,Pizza de queso - Personal Masa-tradicional Borde-tradicional Salsa-Pizza,"Explosión de sabor con queso mozzarella derretido y dorado, con la salsa pizza de Papa Johns con su sabor inconfundible.",in stock,new,21900 COP,,https://www.papajohns.com.co/pizza-de-queso-205/p?skuId=1829,https://papajohns.vteximg.com.br/arquivos/ids/159958-800-800/VTEX_PIZZA-QUESO-4-PORCIONES.jpg?v=639256166245070000,,Papa Johns,205,Pizzas > Pizzas prearmadas > Pizzas Favoritas,"Food, Beverages & Tobacco > Food Items"
1831,Pizza de queso - Mediana Masa-tradicional Borde-tradicional Salsa-Pizza,"Explosión de sabor con queso mozzarella derretido y dorado, con la salsa pizza de Papa Johns con su sabor inconfundible.",in stock,new,27900 COP,,https://www.papajohns.com.co/pizza-de-queso-205/p?skuId=1831,https://papajohns.vteximg.com.br/arquivos/ids/159959-800-800/VTEX_PIZZA QUESO 8 PORCIONES.jpg?v=639256166245370000,,Papa Johns,205,Pizzas > Pizzas prearmadas > Pizzas Favoritas,"Food, Beverages & Tobacco > Food Items"
1339,Lasagna Pollo champiñon,"Disfruta una lasaña irresistible de Pollo y Champiñones con salsa pizza y bechamel, rellena de pollo y champiñones. Acompañada de dos knots de pan recién horneados.",in stock,new,36500 COP,,https://www.papajohns.com.co/lasagna-181/p?skuId=1339,https://papajohns.vteximg.com.br/arquivos/ids/157838-800-800/POLLO-Y-CHAMPINONES.jpg.jpg?v=639008982176930000,,Papa Johns,181,Lasagnas y Pastas,"Food, Beverages & Tobacco > Food Items"
1804,Lasagna Pollo champiñon,"Disfruta una lasaña irresistible de Pollo y Champiñones con salsa pizza y bechamel, rellena de pollo y champiñones. Acompañada de dos knots de pan recién horneados.",in stock,new,33400 COP,,https://www.papajohns.com.co/lasagna-181/p?skuId=1804,https://papajohns.vteximg.com.br/arquivos/ids/158780-800-800/POLLO-Y-CHAMPINONES.jpg.jpg?v=639008982178800000,,Papa Johns,181,Lasagnas y Pastas,"Food, Beverages & Tobacco > Food Items"
1269,Agua Brisa Manzana - Agua Brisa Manzana 1.5 lt,Agua Brisa Manzana 1.5 L para acompañar tu Papa Johns favorita.,in stock,new,7500 COP,,https://www.papajohns.com.co/agua-brisa-manzana-61/p?skuId=1269,https://papajohns.vteximg.com.br/arquivos/ids/159945-800-800/7702535027868_0.jpg?v=639255973142070000,,Papa Johns,160,Bebidas > Gaseosas,"Food, Beverages & Tobacco > Beverages"
1784,Agua Brisa Manzana - Agua Brisa Manzana 1.5 lt,Agua Brisa Manzana 1.5 L para acompañar tu Papa Johns favorita.,in stock,new,6900 COP,,https://www.papajohns.com.co/agua-brisa-manzana-61/p?skuId=1784,https://papajohns.vteximg.com.br/arquivos/ids/159944-800-800/7702535027868_0.jpg?v=639255972962000000,,Papa Johns,160,Bebidas > Gaseosas,"Food, Beverages & Tobacco > Beverages"
1112,Pizza Masa Delgada Pepperoni y Piña - Familiar Masa-delgada Borde-tradicional Salsa-Pizza,"¡Bienvenidas las ganas de Pizza de Pepperoni y Piña ! Estás a un paso de tener la mejor combinación de la ciudad, menos grosor y mas crocante sin bordes.",in stock,new,42500 COP,,https://www.papajohns.com.co/favorita-pepperoni-pina-atc-136/p?skuId=1112,https://papajohns.vteximg.com.br/arquivos/ids/158644-800-800/PEPPERONI-PINA.jpg.jpg?v=639008929417300000,,Papa Johns,136,Pizzas > Pizzas prearmadas > Pizzas Favoritas,"Food, Beverages & Tobacco > Food Items"
1111,Pizza Masa Delgada Pepperoni y Piña - Mediana Masa-delgada Borde-tradicional Salsa-Pizza,"¡Bienvenidas las ganas de Pizza de Pepperoni y Piña ! Estás a un paso de tener la mejor combinación de la ciudad, menos grosor y mas crocante sin bordes.",in stock,new,39500 COP,,https://www.papajohns.com.co/favorita-pepperoni-pina-atc-136/p?skuId=1111,https://papajohns.vteximg.com.br/arquivos/ids/157887-800-800/PEPPERONI-PINA.jpg.jpg?v=638853321694000000,,Papa Johns,136,Pizzas > Pizzas prearmadas > Pizzas Favoritas,"Food, Beverages & Tobacco > Food Items"
1839,Pizza Masa Delgada Pepperoni y Piña - Familiar Masa-delgada Borde-tradicional Salsa-Pizza,"¡Bienvenidas las ganas de Pizza de Pepperoni y Piña ! Estás a un paso de tener la mejor combinación de la ciudad, menos grosor y mas crocante sin bordes.",in stock,new,39900 COP,,https://www.papajohns.com.co/favorita-pepperoni-pina-atc-136/p?skuId=1839,https://papajohns.vteximg.com.br/arquivos/ids/158646-800-800/PEPPERONI-PINA.jpg.jpg?v=639008929419930000,,Papa Johns,136,Pizzas > Pizzas prearmadas > Pizzas Favoritas,"Food, Beverages & Tobacco > Food Items"
1838,Pizza Masa Delgada Pepperoni y Piña - Mediana Masa-delgada Borde-tradicional Salsa-Pizza,"¡Bienvenidas las ganas de Pizza de Pepperoni y Piña ! Estás a un paso de tener la mejor combinación de la ciudad, menos grosor y mas crocante sin bordes.",in stock,new,36900 COP,,https://www.papajohns.com.co/favorita-pepperoni-pina-atc-136/p?skuId=1838,https://papajohns.vteximg.com.br/arquivos/ids/158645-800-800/PEPPERONI-PINA.jpg.jpg?v=639008929419930000,,Papa Johns,136,Pizzas > Pizzas prearmadas > Pizzas Favoritas,"Food, Beverages & Tobacco > Food Items"
1055,Combo Pizza Corazón - Pizza Corazon Masa-Delgada Salsa-Pizza,"Pizza en forma de corazón de pepperoni, 8 porciones acompañada con Coca Cola 1.5lts. Incluye tu salsa de Ajo por $2.900 pesos adicionales.",in stock,new,45900 COP,,https://www.papajohns.com.co/pizza-corazon-131/p?skuId=1055,https://papajohns.vteximg.com.br/arquivos/ids/157913-800-800/Rappi-pizza-corazon--4-.jpg?v=638923085816630000,,Papa Johns,131,Pizzas > Promociones,"Food, Beverages & Tobacco > Food Items"
599,Pepperoni Rolls,Nuestros Pepperoni Rolls están fundidos y acompañados del pepperoni que más te gusta. ¡Pídelos y da un nuevo sabor a tus días!,in stock,new,21900 COP,,https://www.papajohns.com.co/pepperoni-rolls-72/p?skuId=599,https://papajohns.vteximg.com.br/arquivos/ids/157867-800-800/ROLLS-PEPPERONI.jpg.jpg?v=639008889542300000,,Papa Johns,72,Acompañamientos,"Food, Beverages & Tobacco > Food Items"
1701,Pepperoni Rolls,Nuestros Pepperoni Rolls están fundidos y acompañados del pepperoni que más te gusta. ¡Pídelos y da un nuevo sabor a tus días!,in stock,new,18800 COP,,https://www.papajohns.com.co/pepperoni-rolls-72/p?skuId=1701,https://papajohns.vteximg.com.br/arquivos/ids/158472-800-800/ROLLS-PEPPERONI.jpg.jpg?v=639008889544200000,,Papa Johns,72,Acompañamientos,"Food, Beverages & Tobacco > Food Items"
598,Garlic Knots,La perfección de los Garlic Knots está hecha de masa fresca horneada impecablemente y con un baño de salsa especial de mantequilla de ajo. ¡Pídelos ahora!,in stock,new,18900 COP,,https://www.papajohns.com.co/garlic-knots-71/p?skuId=598,https://papajohns.vteximg.com.br/arquivos/ids/157859-800-800/GARLIC-KNOTS.jpg.jpg?v=639008908767230000,,Papa Johns,71,Acompañamientos,"Food, Beverages & Tobacco > Food Items"
1700,Garlic Knots,La perfección de los Garlic Knots está hecha de masa fresca horneada impecablemente y con un baño de salsa especial de mantequilla de ajo. ¡Pídelos ahora!,in stock,new,15800 COP,,https://www.papajohns.com.co/garlic-knots-71/p?skuId=1700,https://papajohns.vteximg.com.br/arquivos/ids/158604-800-800/GARLIC-KNOTS.jpg.jpg?v=639008908767570000,,Papa Johns,71,Acompañamientos,"Food, Beverages & Tobacco > Food Items"
1083,Quatro Original - Quatro Original 1.5Lt,Acompaña tu Papa Johns con tu bebida favorita,in stock,new,10900 COP,,https://www.papajohns.com.co/quatro-original-58/p?skuId=1083,https://papajohns.vteximg.com.br/arquivos/ids/159930-800-800/7702535011706_0.jpg?v=639255947441500000,,Papa Johns,58,Bebidas > Gaseosas,"Food, Beverages & Tobacco > Beverages"
577,Quatro Original - Quatro Original 400ml,Acompaña tu Papa Johns con tu bebida favorita,in stock,new,6900 COP,,https://www.papajohns.com.co/quatro-original-58/p?skuId=577,https://papajohns.vteximg.com.br/arquivos/ids/159932-800-800/7702535012079_0.jpg?v=639255948412100000,,Papa Johns,58,Bebidas > Gaseosas,"Food, Beverages & Tobacco > Beverages"
1688,Quatro Original - Quatro Original 400ml,Acompaña tu Papa Johns con tu bebida favorita,in stock,new,6400 COP,,https://www.papajohns.com.co/quatro-original-58/p?skuId=1688,https://papajohns.vteximg.com.br/arquivos/ids/159933-800-800/7702535012079_0.jpg?v=639255948579230000,,Papa Johns,58,Bebidas > Gaseosas,"Food, Beverages & Tobacco > Beverages"
1755,Quatro Original - Quatro Original 1.5Lt,Acompaña tu Papa Johns con tu bebida favorita,in stock,new,9400 COP,,https://www.papajohns.com.co/quatro-original-58/p?skuId=1755,https://papajohns.vteximg.com.br/arquivos/ids/159931-800-800/7702535011706_0.jpg?v=639255947655370000,,Papa Johns,58,Bebidas > Gaseosas,"Food, Beverages & Tobacco > Beverages"
575,Coca-Cola Sin Azúcar - Coca-Cola Sin Azúcar 1.5Lt,Acompaña tu Papa Johns con tu bebida favorita,in stock,new,9900 COP,,https://www.papajohns.com.co/coca-cola-sin-azucar-56/p?skuId=575,https://papajohns.vteximg.com.br/arquivos/ids/159940-800-800/7702535011799_1.jpg?v=639255953737270000,,Papa Johns,56,Bebidas > Gaseosas,"Food, Beverages & Tobacco > Beverages"
573,Coca-Cola Sin Azúcar - 400 ml,Acompaña tu Papa Johns con tu bebida favorita,in stock,new,6400 COP,,https://www.papajohns.com.co/coca-cola-sin-azucar-56/p?skuId=573,https://papajohns.vteximg.com.br/arquivos/ids/159942-800-800/7702535011119_1.jpg?v=639255954427030000,,Papa Johns,56,Bebidas > Gaseosas,"Food, Beverages & Tobacco > Beverages"
1685,Coca-Cola Sin Azúcar - Coca-Cola Sin Azúcar 400 ml,Acompaña tu Papa Johns con tu bebida favorita,in stock,new,6000 COP,,https://www.papajohns.com.co/coca-cola-sin-azucar-56/p?skuId=1685,https://papajohns.vteximg.com.br/arquivos/ids/159943-800-800/7702535011119_1.jpg?v=639255954562070000,,Papa Johns,56,Bebidas > Gaseosas,"Food, Beverages & Tobacco > Beverages"
1687,Coca-Cola Sin Azúcar - Coca-Cola Sin Azúcar 1.5Lt,Acompaña tu Papa Johns con tu bebida favorita,in stock,new,8400 COP,,https://www.papajohns.com.co/coca-cola-sin-azucar-56/p?skuId=1687,https://papajohns.vteximg.com.br/arquivos/ids/159941-800-800/7702535011799_1.jpg?v=639255953905870000,,Papa Johns,56,Bebidas > Gaseosas,"Food, Beverages & Tobacco > Beverages"
1675,Arequipe rolls,Deliciosos rollitos horneados en nuestra masa fresca con arequipe fundido (8 porciones),in stock,new,18800 COP,,https://www.papajohns.com.co/arequipe-rolls-52/p?skuId=1675,https://papajohns.vteximg.com.br/arquivos/ids/158594-800-800/ROLLS-DE-AREQUIPE.jpg.jpg?v=639008904534770000,,Papa Johns,52,Postres,"Food, Beverages & Tobacco > Food Items"
562,Arequipe rolls,Deliciosos rollitos horneados en nuestra masa fresca con arequipe fundido (8 porciones),in stock,new,21800 COP,,https://www.papajohns.com.co/arequipe-rolls-52/p?skuId=562,https://papajohns.vteximg.com.br/arquivos/ids/157488-800-800/ROLLS-DE-AREQUIPE.jpg.jpg?v=639008904534430000,,Papa Johns,52,Postres,"Food, Beverages & Tobacco > Food Items"
192,Pizza Vegetariana - Familiar Masa-tradicional Borde-tradicional Salsa-Pizza,"Nuestras Pizza Vegetariana incluyen champiñones, verduras frescas como: cebolla, pimentón verde, tomate y aceitunas negras, queso que estira, masa fresca y una combinación en muchos tamaños que debes descubrir hoy mismo. ¿Estás listo?",in stock,new,55500 COP,,https://www.papajohns.com.co/vegetariana-9/p?skuId=192,https://papajohns.vteximg.com.br/arquivos/ids/158193-800-800/VEGETARIANA.jpg.jpg?v=639008844397130000,,Papa Johns,9,Pizzas > Pizzas prearmadas > Pizzas Favoritas,"Food, Beverages & Tobacco > Food Items"
1518,Pizza Vegetariana - Familiar Masa-tradicional Borde-tradicional Salsa-Pizza,"Nuestras Pizza Vegetariana incluyen champiñones, verduras frescas como: cebolla, pimentón verde, tomate y aceitunas negras, queso que estira, masa fresca y una combinación en muchos tamaños que debes descubrir hoy mismo. ¿Estás listo?",in stock,new,52300 COP,,https://www.papajohns.com.co/vegetariana-9/p?skuId=1518,https://papajohns.vteximg.com.br/arquivos/ids/159556-800-800/VEGETARIANA.jpg.jpg?v=639101359779430000,,Papa Johns,9,Pizzas > Pizzas prearmadas > Pizzas Favoritas,"Food, Beverages & Tobacco > Food Items"
188,Pizza Vegetariana - Mediana Masa-tradicional Borde-tradicional Salsa-Pizza,"Nuestras Pizza Vegetariana incluyen champiñones, verduras frescas como: cebolla, pimentón verde, tomate y aceitunas negras, queso que estira, masa fresca y una combinación en muchos tamaños que debes descubrir hoy mismo. ¿Estás listo?",in stock,new,46500 COP,,https://www.papajohns.com.co/vegetariana-9/p?skuId=188,https://papajohns.vteximg.com.br/arquivos/ids/159531-800-800/VEGETARIANA.jpg.jpg?v=639101359774900000,,Papa Johns,9,Pizzas > Pizzas prearmadas > Pizzas Favoritas,"Food, Beverages & Tobacco > Food Items"
1891,Pizza Vegetariana - Mediana Masa-tradicional Borde-queso Salsa-Pizza,"Nuestras Pizza Vegetariana incluyen champiñones, verduras frescas como: cebolla, pimentón verde, tomate y aceitunas negras, queso que estira, masa fresca y una combinación en muchos tamaños que debes descubrir hoy mismo. ¿Estás listo?",in stock,new,60700 COP,,https://www.papajohns.com.co/vegetariana-9/p?skuId=1891,https://papajohns.vteximg.com.br/arquivos/ids/159521-800-800/VEGETARIANA.jpg.jpg?v=639101359773030000,,Papa Johns,9,Pizzas > Pizzas prearmadas > Pizzas Favoritas,"Food, Beverages & Tobacco > Food Items"
1892,Pizza Vegetariana - Mediana Masa-tradicional Borde-queso Salsa-BBQ,"Nuestras Pizza Vegetariana incluyen champiñones, verduras frescas como: cebolla, pimentón verde, tomate y aceitunas negras, queso que estira, masa fresca y una combinación en muchos tamaños que debes descubrir hoy mismo. ¿Estás listo?",in stock,new,60700 COP,,https://www.papajohns.com.co/vegetariana-9/p?skuId=1892,https://papajohns.vteximg.com.br/arquivos/ids/159522-800-800/VEGETARIANA.jpg.jpg?v=639101359773330000,,Papa Johns,9,Pizzas > Pizzas prearmadas > Pizzas Favoritas,"Food, Beverages & Tobacco > Food Items"
1893,Pizza Vegetariana - Mediana Masa-tradicional Borde-queso Salsa-Ranch,"Nuestras Pizza Vegetariana incluyen champiñones, verduras frescas como: cebolla, pimentón verde, tomate y aceitunas negras, queso que estira, masa fresca y una combinación en muchos tamaños que debes descubrir hoy mismo. ¿Estás listo?",in stock,new,60700 COP,,https://www.papajohns.com.co/vegetariana-9/p?skuId=1893,https://papajohns.vteximg.com.br/arquivos/ids/159523-800-800/VEGETARIANA.jpg.jpg?v=639101359773500000,,Papa Johns,9,Pizzas > Pizzas prearmadas > Pizzas Favoritas,"Food, Beverages & Tobacco > Food Items"
1894,Pizza Vegetariana - Mediana Masa-tradicional Borde-queso Salsa-Pizza,"Nuestras Pizza Vegetariana incluyen champiñones, verduras frescas como: cebolla, pimentón verde, tomate y aceitunas negras, queso que estira, masa fresca y una combinación en muchos tamaños que debes descubrir hoy mismo. ¿Estás listo?",in stock,new,56200 COP,,https://www.papajohns.com.co/vegetariana-9/p?skuId=1894,https://papajohns.vteximg.com.br/arquivos/ids/159524-800-800/VEGETARIANA.jpg.jpg?v=639101359773670000,,Papa Johns,9,Pizzas > Pizzas prearmadas > Pizzas Favoritas,"Food, Beverages & Tobacco > Food Items"
1895,Pizza Vegetariana - Mediana Masa-tradicional Borde-queso Salsa-BBQ,"Nuestras Pizza Vegetariana incluyen champiñones, verduras frescas como: cebolla, pimentón verde, tomate y aceitunas negras, queso que estira, masa fresca y una combinación en muchos tamaños que debes descubrir hoy mismo. ¿Estás listo?",in stock,new,56200 COP,,https://www.papajohns.com.co/vegetariana-9/p?skuId=1895,https://papajohns.vteximg.com.br/arquivos/ids/159525-800-800/VEGETARIANA.jpg.jpg?v=639101359773800000,,Papa Johns,9,Pizzas > Pizzas prearmadas > Pizzas Favoritas,"Food, Beverages & Tobacco > Food Items"
1896,Pizza Vegetariana - Mediana Masa-tradicional Borde-queso Salsa-Ranch,"Nuestras Pizza Vegetariana incluyen champiñones, verduras frescas como: cebolla, pimentón verde, tomate y aceitunas negras, queso que estira, masa fresca y una combinación en muchos tamaños que debes descubrir hoy mismo. ¿Estás listo?",in stock,new,56200 COP,,https://www.papajohns.com.co/vegetariana-9/p?skuId=1896,https://papajohns.vteximg.com.br/arquivos/ids/159526-800-800/VEGETARIANA.jpg.jpg?v=639101359773970000,,Papa Johns,9,Pizzas > Pizzas prearmadas > Pizzas Favoritas,"Food, Beverages & Tobacco > Food Items"
184,Pizza Vegetariana - Personal Masa-tradicional Borde-tradicional Salsa-Pizza,"Nuestras Pizza Vegetariana incluyen champiñones, verduras frescas como: cebolla, pimentón verde, tomate y aceitunas negras, queso que estira, masa fresca y una combinación en muchos tamaños que debes descubrir hoy mismo. ¿Estás listo?",in stock,new,34500 COP,,https://www.papajohns.com.co/vegetariana-9/p?skuId=184,https://papajohns.vteximg.com.br/arquivos/ids/159527-800-800/VEGETARIANA.jpg.jpg?v=639101359774130000,,Papa Johns,9,Pizzas > Pizzas prearmadas > Pizzas Favoritas,"Food, Beverages & Tobacco > Food Items"
185,Pizza Vegetariana - Personal Masa-tradicional Borde-tradicional Salsa-BBQ,"Nuestras Pizza Vegetariana incluyen champiñones, verduras frescas como: cebolla, pimentón verde, tomate y aceitunas negras, queso que estira, masa fresca y una combinación en muchos tamaños que debes descubrir hoy mismo. ¿Estás listo?",in stock,new,34500 COP,,https://www.papajohns.com.co/vegetariana-9/p?skuId=185,https://papajohns.vteximg.com.br/arquivos/ids/159528-800-800/VEGETARIANA.jpg.jpg?v=639101359774300000,,Papa Johns,9,Pizzas > Pizzas prearmadas > Pizzas Favoritas,"Food, Beverages & Tobacco > Food Items"
186,Pizza Vegetariana - Personal Masa-tradicional Borde-tradicional Salsa-Ranch,"Nuestras Pizza Vegetariana incluyen champiñones, verduras frescas como: cebolla, pimentón verde, tomate y aceitunas negras, queso que estira, masa fresca y una combinación en muchos tamaños que debes descubrir hoy mismo. ¿Estás listo?",in stock,new,34500 COP,,https://www.papajohns.com.co/vegetariana-9/p?skuId=186,https://papajohns.vteximg.com.br/arquivos/ids/159529-800-800/VEGETARIANA.jpg.jpg?v=639101359774430000,,Papa Johns,9,Pizzas > Pizzas prearmadas > Pizzas Favoritas,"Food, Beverages & Tobacco > Food Items"
189,Pizza Vegetariana - Mediana Masa-radicional Borde-tradicional Salsa-BBQ,"Nuestras Pizza Vegetariana incluyen champiñones, verduras frescas como: cebolla, pimentón verde, tomate y aceitunas negras, queso que estira, masa fresca y una combinación en muchos tamaños que debes descubrir hoy mismo. ¿Estás listo?",in stock,new,46500 COP,,https://www.papajohns.com.co/vegetariana-9/p?skuId=189,https://papajohns.vteximg.com.br/arquivos/ids/159532-800-800/VEGETARIANA.jpg.jpg?v=639101359775070000,,Papa Johns,9,Pizzas > Pizzas prearmadas > Pizzas Favoritas,"Food, Beverages & Tobacco > Food Items"
190,Pizza Vegetariana - Mediana Masa-tradicional Borde-tradicional Salsa-Ranch,"Nuestras Pizza Vegetariana incluyen champiñones, verduras frescas como: cebolla, pimentón verde, tomate y aceitunas negras, queso que estira, masa fresca y una combinación en muchos tamaños que debes descubrir hoy mismo. ¿Estás listo?",in stock,new,46500 COP,,https://www.papajohns.com.co/vegetariana-9/p?skuId=190,https://papajohns.vteximg.com.br/arquivos/ids/159533-800-800/VEGETARIANA.jpg.jpg?v=639101359775200000,,Papa Johns,9,Pizzas > Pizzas prearmadas > Pizzas Favoritas,"Food, Beverages & Tobacco > Food Items"
193,Pizza Vegetariana - Familiar Masa-tradicional Borde-tradicional Salsa-BBQ,"Nuestras Pizza Vegetariana incluyen champiñones, verduras frescas como: cebolla, pimentón verde, tomate y aceitunas negras, queso que estira, masa fresca y una combinación en muchos tamaños que debes descubrir hoy mismo. ¿Estás listo?",in stock,new,55500 COP,,https://www.papajohns.com.co/vegetariana-9/p?skuId=193,https://papajohns.vteximg.com.br/arquivos/ids/159535-800-800/VEGETARIANA.jpg.jpg?v=639101359775530000,,Papa Johns,9,Pizzas > Pizzas prearmadas > Pizzas Favoritas,"Food, Beverages & Tobacco > Food Items"
194,Pizza Vegetariana - Familiar Masa-tradicional Borde-tradicional Salsa-Ranch,"Nuestras Pizza Vegetariana incluyen champiñones, verduras frescas como: cebolla, pimentón verde, tomate y aceitunas negras, queso que estira, masa fresca y una combinación en muchos tamaños que debes descubrir hoy mismo. ¿Estás listo?",in stock,new,55500 COP,,https://www.papajohns.com.co/vegetariana-9/p?skuId=194,https://papajohns.vteximg.com.br/arquivos/ids/159536-800-800/VEGETARIANA.jpg.jpg?v=639101359775830000,,Papa Johns,9,Pizzas > Pizzas prearmadas > Pizzas Favoritas,"Food, Beverages & Tobacco > Food Items"
196,Pizza Vegetariana - Familiar Masa-tradicional Borde-queso Salsa-Pizza,"Nuestras Pizza Vegetariana incluyen champiñones, verduras frescas como: cebolla, pimentón verde, tomate y aceitunas negras, queso que estira, masa fresca y una combinación en muchos tamaños que debes descubrir hoy mismo. ¿Estás listo?",in stock,new,69900 COP,,https://www.papajohns.com.co/vegetariana-9/p?skuId=196,https://papajohns.vteximg.com.br/arquivos/ids/159538-800-800/VEGETARIANA.jpg.jpg?v=639101359776170000,,Papa Johns,9,Pizzas > Pizzas prearmadas > Pizzas Favoritas,"Food, Beverages & Tobacco > Food Items"
197,Pizza Vegetariana - Familiar Masa-tradicional Borde-queso Salsa-BBQ,"Nuestras Pizza Vegetariana incluyen champiñones, verduras frescas como: cebolla, pimentón verde, tomate y aceitunas negras, queso que estira, masa fresca y una combinación en muchos tamaños que debes descubrir hoy mismo. ¿Estás listo?",in stock,new,69900 COP,,https://www.papajohns.com.co/vegetariana-9/p?skuId=197,https://papajohns.vteximg.com.br/arquivos/ids/159539-800-800/VEGETARIANA.jpg.jpg?v=639101359776300000,,Papa Johns,9,Pizzas > Pizzas prearmadas > Pizzas Favoritas,"Food, Beverages & Tobacco > Food Items"
198,Pizza Vegetariana - Familiar Masa-tradicional Borde-queso Salsa-Ranch,"Nuestras Pizza Vegetariana incluyen champiñones, verduras frescas como: cebolla, pimentón verde, tomate y aceitunas negras, queso que estira, masa fresca y una combinación en muchos tamaños que debes descubrir hoy mismo. ¿Estás listo?",in stock,new,69900 COP,,https://www.papajohns.com.co/vegetariana-9/p?skuId=198,https://papajohns.vteximg.com.br/arquivos/ids/159540-800-800/VEGETARIANA.jpg.jpg?v=639101359776470000,,Papa Johns,9,Pizzas > Pizzas prearmadas > Pizzas Favoritas,"Food, Beverages & Tobacco > Food Items"
204,Pizza Vegetariana - Mega familar Masa-tradicional Borde-tradicional Salsa-Pizza,"Nuestras Pizza Vegetariana incluyen champiñones, verduras frescas como: cebolla, pimentón verde, tomate y aceitunas negras, queso que estira, masa fresca y una combinación en muchos tamaños que debes descubrir hoy mismo. ¿Estás listo?",in stock,new,66500 COP,,https://www.papajohns.com.co/vegetariana-9/p?skuId=204,https://papajohns.vteximg.com.br/arquivos/ids/159546-800-800/VEGETARIANA.jpg.jpg?v=639101359777570000,,Papa Johns,9,Pizzas > Pizzas prearmadas > Pizzas Favoritas,"Food, Beverages & Tobacco > Food Items"
205,Pizza Vegetariana - Mega familar Masa-tradicional Borde-tradicional Salsa-BBQ,"Nuestras Pizza Vegetariana incluyen champiñones, verduras frescas como: cebolla, pimentón verde, tomate y aceitunas negras, queso que estira, masa fresca y una combinación en muchos tamaños que debes descubrir hoy mismo. ¿Estás listo?",in stock,new,66500 COP,,https://www.papajohns.com.co/vegetariana-9/p?skuId=205,https://papajohns.vteximg.com.br/arquivos/ids/159547-800-800/VEGETARIANA.jpg.jpg?v=639101359777700000,,Papa Johns,9,Pizzas > Pizzas prearmadas > Pizzas Favoritas,"Food, Beverages & Tobacco > Food Items"
206,Pizza Vegetariana - Mega familar Masa-tradicional Borde-tradicional Salsa-Ranch,"Nuestras Pizza Vegetariana incluyen champiñones, verduras frescas como: cebolla, pimentón verde, tomate y aceitunas negras, queso que estira, masa fresca y una combinación en muchos tamaños que debes descubrir hoy mismo. ¿Estás listo?",in stock,new,66500 COP,,https://www.papajohns.com.co/vegetariana-9/p?skuId=206,https://papajohns.vteximg.com.br/arquivos/ids/159548-800-800/VEGETARIANA.jpg.jpg?v=639101359777870000,,Papa Johns,9,Pizzas > Pizzas prearmadas > Pizzas Favoritas,"Food, Beverages & Tobacco > Food Items"
1512,Pizza Vegetariana - Personal Masa-tradicional Borde-tradicional Salsa-Pizza,"Nuestras Pizza Vegetariana incluyen champiñones, verduras frescas como: cebolla, pimentón verde, tomate y aceitunas negras, queso que estira, masa fresca y una combinación en muchos tamaños que debes descubrir hoy mismo. ¿Estás listo?",in stock,new,31300 COP,,https://www.papajohns.com.co/vegetariana-9/p?skuId=1512,https://papajohns.vteximg.com.br/arquivos/ids/159550-800-800/VEGETARIANA.jpg.jpg?v=639101359778200000,,Papa Johns,9,Pizzas > Pizzas prearmadas > Pizzas Favoritas,"Food, Beverages & Tobacco > Food Items"
1513,Pizza Vegetariana - Personal Masa-tradicional Borde-tradicional Salsa-BBQ,"Nuestras Pizza Vegetariana incluyen champiñones, verduras frescas como: cebolla, pimentón verde, tomate y aceitunas negras, queso que estira, masa fresca y una combinación en muchos tamaños que debes descubrir hoy mismo. ¿Estás listo?",in stock,new,31300 COP,,https://www.papajohns.com.co/vegetariana-9/p?skuId=1513,https://papajohns.vteximg.com.br/arquivos/ids/159551-800-800/VEGETARIANA.jpg.jpg?v=639101359778500000,,Papa Johns,9,Pizzas > Pizzas prearmadas > Pizzas Favoritas,"Food, Beverages & Tobacco > Food Items"
1514,Pizza Vegetariana - Personal Masa-tradicional Borde-tradicional Salsa-Ranch,"Nuestras Pizza Vegetariana incluyen champiñones, verduras frescas como: cebolla, pimentón verde, tomate y aceitunas negras, queso que estira, masa fresca y una combinación en muchos tamaños que debes descubrir hoy mismo. ¿Estás listo?",in stock,new,31300 COP,,https://www.papajohns.com.co/vegetariana-9/p?skuId=1514,https://papajohns.vteximg.com.br/arquivos/ids/159552-800-800/VEGETARIANA.jpg.jpg?v=639101359778630000,,Papa Johns,9,Pizzas > Pizzas prearmadas > Pizzas Favoritas,"Food, Beverages & Tobacco > Food Items"
1515,Pizza Vegetariana - Mediana Masa-tradicional Borde-tradicional Salsa-Pizza,"Nuestras Pizza Vegetariana incluyen champiñones, verduras frescas como: cebolla, pimentón verde, tomate y aceitunas negras, queso que estira, masa fresca y una combinación en muchos tamaños que debes descubrir hoy mismo. ¿Estás listo?",in stock,new,43300 COP,,https://www.papajohns.com.co/vegetariana-9/p?skuId=1515,https://papajohns.vteximg.com.br/arquivos/ids/159553-800-800/VEGETARIANA.jpg.jpg?v=639101359778800000,,Papa Johns,9,Pizzas > Pizzas prearmadas > Pizzas Favoritas,"Food, Beverages & Tobacco > Food Items"
1516,Pizza Vegetariana - Mediana Masa-radicional Borde-tradicional Salsa-BBQ,"Nuestras Pizza Vegetariana incluyen champiñones, verduras frescas como: cebolla, pimentón verde, tomate y aceitunas negras, queso que estira, masa fresca y una combinación en muchos tamaños que debes descubrir hoy mismo. ¿Estás listo?",in stock,new,43300 COP,,https://www.papajohns.com.co/vegetariana-9/p?skuId=1516,https://papajohns.vteximg.com.br/arquivos/ids/159554-800-800/VEGETARIANA.jpg.jpg?v=639101359778970000,,Papa Johns,9,Pizzas > Pizzas prearmadas > Pizzas Favoritas,"Food, Beverages & Tobacco > Food Items"
1517,Pizza Vegetariana - Mediana Masa-tradicional Borde-tradicional Salsa-Ranch,"Nuestras Pizza Vegetariana incluyen champiñones, verduras frescas como: cebolla, pimentón verde, tomate y aceitunas negras, queso que estira, masa fresca y una combinación en muchos tamaños que debes descubrir hoy mismo. ¿Estás listo?",in stock,new,43300 COP,,https://www.papajohns.com.co/vegetariana-9/p?skuId=1517,https://papajohns.vteximg.com.br/arquivos/ids/159555-800-800/VEGETARIANA.jpg.jpg?v=639101359779270000,,Papa Johns,9,Pizzas > Pizzas prearmadas > Pizzas Favoritas,"Food, Beverages & Tobacco > Food Items"
1519,Pizza Vegetariana - Familiar Masa-tradicional Borde-tradicional Salsa-BBQ,"Nuestras Pizza Vegetariana incluyen champiñones, verduras frescas como: cebolla, pimentón verde, tomate y aceitunas negras, queso que estira, masa fresca y una combinación en muchos tamaños que debes descubrir hoy mismo. ¿Estás listo?",in stock,new,52300 COP,,https://www.papajohns.com.co/vegetariana-9/p?skuId=1519,https://papajohns.vteximg.com.br/arquivos/ids/159557-800-800/VEGETARIANA.jpg.jpg?v=639101359779600000,,Papa Johns,9,Pizzas > Pizzas prearmadas > Pizzas Favoritas,"Food, Beverages & Tobacco > Food Items"
1520,Pizza Vegetariana - Familiar Masa-tradicional Borde-tradicional Salsa-Ranch,"Nuestras Pizza Vegetariana incluyen champiñones, verduras frescas como: cebolla, pimentón verde, tomate y aceitunas negras, queso que estira, masa fresca y una combinación en muchos tamaños que debes descubrir hoy mismo. ¿Estás listo?",in stock,new,52300 COP,,https://www.papajohns.com.co/vegetariana-9/p?skuId=1520,https://papajohns.vteximg.com.br/arquivos/ids/159558-800-800/VEGETARIANA.jpg.jpg?v=639101359779730000,,Papa Johns,9,Pizzas > Pizzas prearmadas > Pizzas Favoritas,"Food, Beverages & Tobacco > Food Items"
1521,Pizza Vegetariana - Familiar Masa-tradicional Borde-queso Salsa-Pizza,"Nuestras Pizza Vegetariana incluyen champiñones, verduras frescas como: cebolla, pimentón verde, tomate y aceitunas negras, queso que estira, masa fresca y una combinación en muchos tamaños que debes descubrir hoy mismo. ¿Estás listo?",in stock,new,65200 COP,,https://www.papajohns.com.co/vegetariana-9/p?skuId=1521,https://papajohns.vteximg.com.br/arquivos/ids/159559-800-800/VEGETARIANA.jpg.jpg?v=639101359779900000,,Papa Johns,9,Pizzas > Pizzas prearmadas > Pizzas Favoritas,"Food, Beverages & Tobacco > Food Items"
1522,Pizza Vegetariana - Familiar Masa-tradicional Borde-queso Salsa-BBQ,"Nuestras Pizza Vegetariana incluyen champiñones, verduras frescas como: cebolla, pimentón verde, tomate y aceitunas negras, queso que estira, masa fresca y una combinación en muchos tamaños que debes descubrir hoy mismo. ¿Estás listo?",in stock,new,65200 COP,,https://www.papajohns.com.co/vegetariana-9/p?skuId=1522,https://papajohns.vteximg.com.br/arquivos/ids/159560-800-800/VEGETARIANA.jpg.jpg?v=639101359780200000,,Papa Johns,9,Pizzas > Pizzas prearmadas > Pizzas Favoritas,"Food, Beverages & Tobacco > Food Items"
1523,Pizza Vegetariana - Familiar Masa-tradicional Borde-queso Salsa-Ranch,"Nuestras Pizza Vegetariana incluyen champiñones, verduras frescas como: cebolla, pimentón verde, tomate y aceitunas negras, queso que estira, masa fresca y una combinación en muchos tamaños que debes descubrir hoy mismo. ¿Estás listo?",in stock,new,65200 COP,,https://www.papajohns.com.co/vegetariana-9/p?skuId=1523,https://papajohns.vteximg.com.br/arquivos/ids/159561-800-800/VEGETARIANA.jpg.jpg?v=639101359780370000,,Papa Johns,9,Pizzas > Pizzas prearmadas > Pizzas Favoritas,"Food, Beverages & Tobacco > Food Items"
1524,Pizza Vegetariana - Mega familar Masa-tradicional Borde-tradicional Salsa-Pizza,"Nuestras Pizza Vegetariana incluyen champiñones, verduras frescas como: cebolla, pimentón verde, tomate y aceitunas negras, queso que estira, masa fresca y una combinación en muchos tamaños que debes descubrir hoy mismo. ¿Estás listo?",in stock,new,63300 COP,,https://www.papajohns.com.co/vegetariana-9/p?skuId=1524,https://papajohns.vteximg.com.br/arquivos/ids/159562-800-800/VEGETARIANA.jpg.jpg?v=639101359780530000,,Papa Johns,9,Pizzas > Pizzas prearmadas > Pizzas Favoritas,"Food, Beverages & Tobacco > Food Items"
1525,Pizza Vegetariana - Mega familar Masa-tradicional Borde-tradicional Salsa-BBQ,"Nuestras Pizza Vegetariana incluyen champiñones, verduras frescas como: cebolla, pimentón verde, tomate y aceitunas negras, queso que estira, masa fresca y una combinación en muchos tamaños que debes descubrir hoy mismo. ¿Estás listo?",in stock,new,63300 COP,,https://www.papajohns.com.co/vegetariana-9/p?skuId=1525,https://papajohns.vteximg.com.br/arquivos/ids/159563-800-800/VEGETARIANA.jpg.jpg?v=639101359780830000,,Papa Johns,9,Pizzas > Pizzas prearmadas > Pizzas Favoritas,"Food, Beverages & Tobacco > Food Items"
1526,Pizza Vegetariana - Mega familar Masa-tradicional Borde-tradicional Salsa-Ranch,"Nuestras Pizza Vegetariana incluyen champiñones, verduras frescas como: cebolla, pimentón verde, tomate y aceitunas negras, queso que estira, masa fresca y una combinación en muchos tamaños que debes descubrir hoy mismo. ¿Estás listo?",in stock,new,63300 COP,,https://www.papajohns.com.co/vegetariana-9/p?skuId=1526,https://papajohns.vteximg.com.br/arquivos/ids/159564-800-800/VEGETARIANA.jpg.jpg?v=639101359781000000,,Papa Johns,9,Pizzas > Pizzas prearmadas > Pizzas Favoritas,"Food, Beverages & Tobacco > Food Items"
121,Pizza de Jamón - Familiar Masa-tradicional Borde-tradicional Salsa-Pizza,Quédate sin palabras con la fusión mágica de nuestras Pizza de Jamón : Una pizza con mucho sabor. ¿Curiosidad? ¡Pídela online!,in stock,new,55500 COP,,https://www.papajohns.com.co/pizza-de-jamon-6/p?skuId=121,https://papajohns.vteximg.com.br/arquivos/ids/157495-800-800/FUNDIDA-CON-JAMON.jpg.jpg?v=638810095540830000,,Papa Johns,6,Pizzas > Pizzas prearmadas > Pizzas Favoritas,"Food, Beverages & Tobacco > Food Items"
1473,Pizza de Jamón - Familiar Masa-tradicional Borde-tradicional Salsa-Pizza,Quédate sin palabras con la fusión mágica de nuestras Pizza de Jamón : Una pizza con mucho sabor. ¿Curiosidad? ¡Pídela online!,in stock,new,52300 COP,,https://www.papajohns.com.co/pizza-de-jamon-6/p?skuId=1473,https://papajohns.vteximg.com.br/arquivos/ids/159080-800-800/FUNDIDA-CON-JAMON.jpg.jpg?v=639100716278630000,,Papa Johns,6,Pizzas > Pizzas prearmadas > Pizzas Favoritas,"Food, Beverages & Tobacco > Food Items"
117,Pizza de Jamón - Mediana Masa-tradicional Borde-tradicional Salsa-Pizza,Quédate sin palabras con la fusión mágica de nuestras Pizza de Jamón : Una pizza con mucho sabor. ¿Curiosidad? ¡Pídela online!,in stock,new,46500 COP,,https://www.papajohns.com.co/pizza-de-jamon-6/p?skuId=117,https://papajohns.vteximg.com.br/arquivos/ids/159055-800-800/FUNDIDA-CON-JAMON.jpg.jpg?v=639100716272000000,,Papa Johns,6,Pizzas > Pizzas prearmadas > Pizzas Favoritas,"Food, Beverages & Tobacco > Food Items"
1470,Pizza de Jamón - Mediana Masa-tradicional Borde-tradicional Salsa-Pizza,Quédate sin palabras con la fusión mágica de nuestras Pizza de Jamón : Una pizza con mucho sabor. ¿Curiosidad? ¡Pídela online!,in stock,new,43300 COP,,https://www.papajohns.com.co/pizza-de-jamon-6/p?skuId=1470,https://papajohns.vteximg.com.br/arquivos/ids/159077-800-800/FUNDIDA-CON-JAMON.jpg.jpg?v=639100716277830000,,Papa Johns,6,Pizzas > Pizzas prearmadas > Pizzas Favoritas,"Food, Beverages & Tobacco > Food Items"
1909,Pizza de Jamón - Mediana Masa-tradicional Borde-queso Salsa-Pizza,Quédate sin palabras con la fusión mágica de nuestras Pizza de Jamón : Una pizza con mucho sabor. ¿Curiosidad? ¡Pídela online!,in stock,new,60700 COP,,https://www.papajohns.com.co/pizza-de-jamon-6/p?skuId=1909,https://papajohns.vteximg.com.br/arquivos/ids/159046-800-800/FUNDIDA-CON-JAMON.jpg.jpg?v=639100716267630000,,Papa Johns,6,Pizzas > Pizzas prearmadas > Pizzas Favoritas,"Food, Beverages & Tobacco > Food Items"
1910,Pizza de Jamón - Mediana Masa-tradicional Borde-queso Salsa-BBQ,Quédate sin palabras con la fusión mágica de nuestras Pizza de Jamón : Una pizza con mucho sabor. ¿Curiosidad? ¡Pídela online!,in stock,new,60700 COP,,https://www.papajohns.com.co/pizza-de-jamon-6/p?skuId=1910,https://papajohns.vteximg.com.br/arquivos/ids/159047-800-800/FUNDIDA-CON-JAMON.jpg.jpg?v=639100716270600000,,Papa Johns,6,Pizzas > Pizzas prearmadas > Pizzas Favoritas,"Food, Beverages & Tobacco > Food Items"
1911,Pizza de Jamón - Mediana Masa-tradicional Borde-queso Salsa-Ranch,Quédate sin palabras con la fusión mágica de nuestras Pizza de Jamón : Una pizza con mucho sabor. ¿Curiosidad? ¡Pídela online!,in stock,new,60700 COP,,https://www.papajohns.com.co/pizza-de-jamon-6/p?skuId=1911,https://papajohns.vteximg.com.br/arquivos/ids/159048-800-800/FUNDIDA-CON-JAMON.jpg.jpg?v=639100716270900000,,Papa Johns,6,Pizzas > Pizzas prearmadas > Pizzas Favoritas,"Food, Beverages & Tobacco > Food Items"
1912,Pizza de Jamón - Mediana Masa-tradicional Borde-queso Salsa-Pizza,Quédate sin palabras con la fusión mágica de nuestras Pizza de Jamón : Una pizza con mucho sabor. ¿Curiosidad? ¡Pídela online!,in stock,new,56200 COP,,https://www.papajohns.com.co/pizza-de-jamon-6/p?skuId=1912,https://papajohns.vteximg.com.br/arquivos/ids/159049-800-800/FUNDIDA-CON-JAMON.jpg.jpg?v=639100716270900000,,Papa Johns,6,Pizzas > Pizzas prearmadas > Pizzas Favoritas,"Food, Beverages & Tobacco > Food Items"
1913,Pizza de Jamón - Mediana Masa-tradicional Borde-queso Salsa-BBQ,Quédate sin palabras con la fusión mágica de nuestras Pizza de Jamón : Una pizza con mucho sabor. ¿Curiosidad? ¡Pídela online!,in stock,new,56200 COP,,https://www.papajohns.com.co/pizza-de-jamon-6/p?skuId=1913,https://papajohns.vteximg.com.br/arquivos/ids/159050-800-800/FUNDIDA-CON-JAMON.jpg.jpg?v=639100716270900000,,Papa Johns,6,Pizzas > Pizzas prearmadas > Pizzas Favoritas,"Food, Beverages & Tobacco > Food Items"
1914,Pizza de Jamón - Mediana Masa-tradicional Borde-queso Salsa-Ranch,Quédate sin palabras con la fusión mágica de nuestras Pizza de Jamón : Una pizza con mucho sabor. ¿Curiosidad? ¡Pídela online!,in stock,new,56200 COP,,https://www.papajohns.com.co/pizza-de-jamon-6/p?skuId=1914,https://papajohns.vteximg.com.br/arquivos/ids/159051-800-800/FUNDIDA-CON-JAMON.jpg.jpg?v=639100716270900000,,Papa Johns,6,Pizzas > Pizzas prearmadas > Pizzas Favoritas,"Food, Beverages & Tobacco > Food Items"
114,Pizza de Jamón - Personal Masa-tradicional Borde-tradicional Salsa-Pizza,Quédate sin palabras con la fusión mágica de nuestras Pizza de Jamón : Una pizza con mucho sabor. ¿Curiosidad? ¡Pídela online!,in stock,new,34500 COP,,https://www.papajohns.com.co/pizza-de-jamon-6/p?skuId=114,https://papajohns.vteximg.com.br/arquivos/ids/159052-800-800/FUNDIDA-CON-JAMON.jpg.jpg?v=639100716271230000,,Papa Johns,6,Pizzas > Pizzas prearmadas > Pizzas Favoritas,"Food, Beverages & Tobacco > Food Items"
115,Pizza de Jamón - Personal Masa-tradicional Borde-tradicional Salsa-BBQ,Quédate sin palabras con la fusión mágica de nuestras Pizza de Jamón : Una pizza con mucho sabor. ¿Curiosidad? ¡Pídela online!,in stock,new,34500 COP,,https://www.papajohns.com.co/pizza-de-jamon-6/p?skuId=115,https://papajohns.vteximg.com.br/arquivos/ids/159053-800-800/FUNDIDA-CON-JAMON.jpg.jpg?v=639100716271400000,,Papa Johns,6,Pizzas > Pizzas prearmadas > Pizzas Favoritas,"Food, Beverages & Tobacco > Food Items"
116,Pizza de Jamón - Personal Masa-tradicional Borde-tradicional Salsa-Ranch,Quédate sin palabras con la fusión mágica de nuestras Pizza de Jamón : Una pizza con mucho sabor. ¿Curiosidad? ¡Pídela online!,in stock,new,34500 COP,,https://www.papajohns.com.co/pizza-de-jamon-6/p?skuId=116,https://papajohns.vteximg.com.br/arquivos/ids/159054-800-800/FUNDIDA-CON-JAMON.jpg.jpg?v=639100716271700000,,Papa Johns,6,Pizzas > Pizzas prearmadas > Pizzas Favoritas,"Food, Beverages & Tobacco > Food Items"
118,Pizza de Jamón - Mediana Masa-radicional Borde-tradicional Salsa-BBQ,Quédate sin palabras con la fusión mágica de nuestras Pizza de Jamón : Una pizza con mucho sabor. ¿Curiosidad? ¡Pídela online!,in stock,new,46500 COP,,https://www.papajohns.com.co/pizza-de-jamon-6/p?skuId=118,https://papajohns.vteximg.com.br/arquivos/ids/159056-800-800/FUNDIDA-CON-JAMON.jpg.jpg?v=639100716272300000,,Papa Johns,6,Pizzas > Pizzas prearmadas > Pizzas Favoritas,"Food, Beverages & Tobacco > Food Items"
119,Pizza de Jamón - Mediana Masa-tradicional Borde-tradicional Salsa-Ranch,Quédate sin palabras con la fusión mágica de nuestras Pizza de Jamón : Una pizza con mucho sabor. ¿Curiosidad? ¡Pídela online!,in stock,new,46500 COP,,https://www.papajohns.com.co/pizza-de-jamon-6/p?skuId=119,https://papajohns.vteximg.com.br/arquivos/ids/159057-800-800/FUNDIDA-CON-JAMON.jpg.jpg?v=639100716272630000,,Papa Johns,6,Pizzas > Pizzas prearmadas > Pizzas Favoritas,"Food, Beverages & Tobacco > Food Items"
123,Pizza de Jamón - Familiar Masa-tradicional Borde-tradicional Salsa-Ranch,Quédate sin palabras con la fusión mágica de nuestras Pizza de Jamón : Una pizza con mucho sabor. ¿Curiosidad? ¡Pídela online!,in stock,new,55500 COP,,https://www.papajohns.com.co/pizza-de-jamon-6/p?skuId=123,https://papajohns.vteximg.com.br/arquivos/ids/159059-800-800/FUNDIDA-CON-JAMON.jpg.jpg?v=639100716273100000,,Papa Johns,6,Pizzas > Pizzas prearmadas > Pizzas Favoritas,"Food, Beverages & Tobacco > Food Items"
125,Pizza de Jamón - Familiar Masa-tradicional Borde-queso Salsa-Pizza,Quédate sin palabras con la fusión mágica de nuestras Pizza de Jamón : Una pizza con mucho sabor. ¿Curiosidad? ¡Pídela online!,in stock,new,69900 COP,,https://www.papajohns.com.co/pizza-de-jamon-6/p?skuId=125,https://papajohns.vteximg.com.br/arquivos/ids/159061-800-800/FUNDIDA-CON-JAMON.jpg.jpg?v=639100716273570000,,Papa Johns,6,Pizzas > Pizzas prearmadas > Pizzas Favoritas,"Food, Beverages & Tobacco > Food Items"
126,Pizza de Jamón - Familiar Masa-tradicional Borde-queso Salsa-BBQ,Quédate sin palabras con la fusión mágica de nuestras Pizza de Jamón : Una pizza con mucho sabor. ¿Curiosidad? ¡Pídela online!,in stock,new,69900 COP,,https://www.papajohns.com.co/pizza-de-jamon-6/p?skuId=126,https://papajohns.vteximg.com.br/arquivos/ids/159062-800-800/FUNDIDA-CON-JAMON.jpg.jpg?v=639100716274030000,,Papa Johns,6,Pizzas > Pizzas prearmadas > Pizzas Favoritas,"Food, Beverages & Tobacco > Food Items"
127,Pizza de Jamón - Familiar Masa-tradicional Borde-queso Salsa-Ranch,Quédate sin palabras con la fusión mágica de nuestras Pizza de Jamón : Una pizza con mucho sabor. ¿Curiosidad? ¡Pídela online!,in stock,new,69900 COP,,https://www.papajohns.com.co/pizza-de-jamon-6/p?skuId=127,https://papajohns.vteximg.com.br/arquivos/ids/159063-800-800/FUNDIDA-CON-JAMON.jpg.jpg?v=639100716274330000,,Papa Johns,6,Pizzas > Pizzas prearmadas > Pizzas Favoritas,"Food, Beverages & Tobacco > Food Items"
133,Pizza de Jamón - Mega familar Masa-tradicional Borde-tradicional Salsa-Pizza,Quédate sin palabras con la fusión mágica de nuestras Pizza de Jamón : Una pizza con mucho sabor. ¿Curiosidad? ¡Pídela online!,in stock,new,66500 COP,,https://www.papajohns.com.co/pizza-de-jamon-6/p?skuId=133,https://papajohns.vteximg.com.br/arquivos/ids/159069-800-800/FUNDIDA-CON-JAMON.jpg.jpg?v=639100716275970000,,Papa Johns,6,Pizzas > Pizzas prearmadas > Pizzas Favoritas,"Food, Beverages & Tobacco > Food Items"
134,Pizza de Jamón - Mega familar Masa-tradicional Borde-tradicional Salsa-BBQ,Quédate sin palabras con la fusión mágica de nuestras Pizza de Jamón : Una pizza con mucho sabor. ¿Curiosidad? ¡Pídela online!,in stock,new,66500 COP,,https://www.papajohns.com.co/pizza-de-jamon-6/p?skuId=134,https://papajohns.vteximg.com.br/arquivos/ids/159070-800-800/FUNDIDA-CON-JAMON.jpg.jpg?v=639100716276130000,,Papa Johns,6,Pizzas > Pizzas prearmadas > Pizzas Favoritas,"Food, Beverages & Tobacco > Food Items"
135,Pizza de Jamón - Mega familar Masa-tradicional Borde-tradicional Salsa-Ranch,Quédate sin palabras con la fusión mágica de nuestras Pizza de Jamón : Una pizza con mucho sabor. ¿Curiosidad? ¡Pídela online!,in stock,new,66500 COP,,https://www.papajohns.com.co/pizza-de-jamon-6/p?skuId=135,https://papajohns.vteximg.com.br/arquivos/ids/159071-800-800/FUNDIDA-CON-JAMON.jpg.jpg?v=639100716276300000,,Papa Johns,6,Pizzas > Pizzas prearmadas > Pizzas Favoritas,"Food, Beverages & Tobacco > Food Items"
122,Pizza de Jamón - Familiar Masa-tradicional Borde-tradicional Salsa-BBQ,Quédate sin palabras con la fusión mágica de nuestras Pizza de Jamón : Una pizza con mucho sabor. ¿Curiosidad? ¡Pídela online!,in stock,new,55500 COP,,https://www.papajohns.com.co/pizza-de-jamon-6/p?skuId=122,https://papajohns.vteximg.com.br/arquivos/ids/159073-800-800/FUNDIDA-CON-JAMON.jpg.jpg?v=639100716276770000,,Papa Johns,6,Pizzas > Pizzas prearmadas > Pizzas Favoritas,"Food, Beverages & Tobacco > Food Items"
1467,Pizza de Jamón - Personal Masa-tradicional Borde-tradicional Salsa-Pizza,Quédate sin palabras con la fusión mágica de nuestras Pizza de Jamón : Una pizza con mucho sabor. ¿Curiosidad? ¡Pídela online!,in stock,new,31300 COP,,https://www.papajohns.com.co/pizza-de-jamon-6/p?skuId=1467,https://papajohns.vteximg.com.br/arquivos/ids/159074-800-800/FUNDIDA-CON-JAMON.jpg.jpg?v=639100716276900000,,Papa Johns,6,Pizzas > Pizzas prearmadas > Pizzas Favoritas,"Food, Beverages & Tobacco > Food Items"
1468,Pizza de Jamón - Personal Masa-tradicional Borde-tradicional Salsa-BBQ,Quédate sin palabras con la fusión mágica de nuestras Pizza de Jamón : Una pizza con mucho sabor. ¿Curiosidad? ¡Pídela online!,in stock,new,31300 COP,,https://www.papajohns.com.co/pizza-de-jamon-6/p?skuId=1468,https://papajohns.vteximg.com.br/arquivos/ids/159075-800-800/FUNDIDA-CON-JAMON.jpg.jpg?v=639100716277230000,,Papa Johns,6,Pizzas > Pizzas prearmadas > Pizzas Favoritas,"Food, Beverages & Tobacco > Food Items"
1469,Pizza de Jamón - Personal Masa-tradicional Borde-tradicional Salsa-Ranch,Quédate sin palabras con la fusión mágica de nuestras Pizza de Jamón : Una pizza con mucho sabor. ¿Curiosidad? ¡Pídela online!,in stock,new,31300 COP,,https://www.papajohns.com.co/pizza-de-jamon-6/p?skuId=1469,https://papajohns.vteximg.com.br/arquivos/ids/159076-800-800/FUNDIDA-CON-JAMON.jpg.jpg?v=639100716277530000,,Papa Johns,6,Pizzas > Pizzas prearmadas > Pizzas Favoritas,"Food, Beverages & Tobacco > Food Items"
1471,Pizza de Jamón - Mediana Masa-radicional Borde-tradicional Salsa-BBQ,Quédate sin palabras con la fusión mágica de nuestras Pizza de Jamón : Una pizza con mucho sabor. ¿Curiosidad? ¡Pídela online!,in stock,new,43300 COP,,https://www.papajohns.com.co/pizza-de-jamon-6/p?skuId=1471,https://papajohns.vteximg.com.br/arquivos/ids/159078-800-800/FUNDIDA-CON-JAMON.jpg.jpg?v=639100716278000000,,Papa Johns,6,Pizzas > Pizzas prearmadas > Pizzas Favoritas,"Food, Beverages & Tobacco > Food Items"
1472,Pizza de Jamón - Mediana Masa-tradicional Borde-tradicional Salsa-Ranch,Quédate sin palabras con la fusión mágica de nuestras Pizza de Jamón : Una pizza con mucho sabor. ¿Curiosidad? ¡Pídela online!,in stock,new,43300 COP,,https://www.papajohns.com.co/pizza-de-jamon-6/p?skuId=1472,https://papajohns.vteximg.com.br/arquivos/ids/159079-800-800/FUNDIDA-CON-JAMON.jpg.jpg?v=639100716278300000,,Papa Johns,6,Pizzas > Pizzas prearmadas > Pizzas Favoritas,"Food, Beverages & Tobacco > Food Items"
1474,Pizza de Jamón - Familiar Masa-tradicional Borde-tradicional Salsa-BBQ,Quédate sin palabras con la fusión mágica de nuestras Pizza de Jamón : Una pizza con mucho sabor. ¿Curiosidad? ¡Pídela online!,in stock,new,52300 COP,,https://www.papajohns.com.co/pizza-de-jamon-6/p?skuId=1474,https://papajohns.vteximg.com.br/arquivos/ids/159081-800-800/FUNDIDA-CON-JAMON.jpg.jpg?v=639100716278930000,,Papa Johns,6,Pizzas > Pizzas prearmadas > Pizzas Favoritas,"Food, Beverages & Tobacco > Food Items"
1475,Pizza de Jamón - Familiar Masa-tradicional Borde-tradicional Salsa-Ranch,Quédate sin palabras con la fusión mágica de nuestras Pizza de Jamón : Una pizza con mucho sabor. ¿Curiosidad? ¡Pídela online!,in stock,new,52300 COP,,https://www.papajohns.com.co/pizza-de-jamon-6/p?skuId=1475,https://papajohns.vteximg.com.br/arquivos/ids/159082-800-800/FUNDIDA-CON-JAMON.jpg.jpg?v=639100716279100000,,Papa Johns,6,Pizzas > Pizzas prearmadas > Pizzas Favoritas,"Food, Beverages & Tobacco > Food Items"
1476,Pizza de Jamón - Familiar Masa-tradicional Borde-queso Salsa-Pizza,Quédate sin palabras con la fusión mágica de nuestras Pizza de Jamón : Una pizza con mucho sabor. ¿Curiosidad? ¡Pídela online!,in stock,new,65200 COP,,https://www.papajohns.com.co/pizza-de-jamon-6/p?skuId=1476,https://papajohns.vteximg.com.br/arquivos/ids/159083-800-800/FUNDIDA-CON-JAMON.jpg.jpg?v=639100716279400000,,Papa Johns,6,Pizzas > Pizzas prearmadas > Pizzas Favoritas,"Food, Beverages & Tobacco > Food Items"
1477,Pizza de Jamón - Familiar Masa-tradicional Borde-queso Salsa-BBQ,Quédate sin palabras con la fusión mágica de nuestras Pizza de Jamón : Una pizza con mucho sabor. ¿Curiosidad? ¡Pídela online!,in stock,new,65200 COP,,https://www.papajohns.com.co/pizza-de-jamon-6/p?skuId=1477,https://papajohns.vteximg.com.br/arquivos/ids/159084-800-800/FUNDIDA-CON-JAMON.jpg.jpg?v=639100716279730000,,Papa Johns,6,Pizzas > Pizzas prearmadas > Pizzas Favoritas,"Food, Beverages & Tobacco > Food Items"
1478,Pizza de Jamón - Familiar Masa-tradicional Borde-queso Salsa-Ranch,Quédate sin palabras con la fusión mágica de nuestras Pizza de Jamón : Una pizza con mucho sabor. ¿Curiosidad? ¡Pídela online!,in stock,new,65200 COP,,https://www.papajohns.com.co/pizza-de-jamon-6/p?skuId=1478,https://papajohns.vteximg.com.br/arquivos/ids/159085-800-800/FUNDIDA-CON-JAMON.jpg.jpg?v=639100716280030000,,Papa Johns,6,Pizzas > Pizzas prearmadas > Pizzas Favoritas,"Food, Beverages & Tobacco > Food Items"
1479,Pizza de Jamón - Mega familar Masa-tradicional Borde-tradicional Salsa-Pizza,Quédate sin palabras con la fusión mágica de nuestras Pizza de Jamón : Una pizza con mucho sabor. ¿Curiosidad? ¡Pídela online!,in stock,new,63300 COP,,https://www.papajohns.com.co/pizza-de-jamon-6/p?skuId=1479,https://papajohns.vteximg.com.br/arquivos/ids/159086-800-800/FUNDIDA-CON-JAMON.jpg.jpg?v=639100716280200000,,Papa Johns,6,Pizzas > Pizzas prearmadas > Pizzas Favoritas,"Food, Beverages & Tobacco > Food Items"
1480,Pizza de Jamón - Mega familar Masa-tradicional Borde-tradicional Salsa-BBQ,Quédate sin palabras con la fusión mágica de nuestras Pizza de Jamón : Una pizza con mucho sabor. ¿Curiosidad? ¡Pídela online!,in stock,new,63300 COP,,https://www.papajohns.com.co/pizza-de-jamon-6/p?skuId=1480,https://papajohns.vteximg.com.br/arquivos/ids/159087-800-800/FUNDIDA-CON-JAMON.jpg.jpg?v=639100716280500000,,Papa Johns,6,Pizzas > Pizzas prearmadas > Pizzas Favoritas,"Food, Beverages & Tobacco > Food Items"
1481,Pizza de Jamón - Mega familar Masa-tradicional Borde-tradicional Salsa-Ranch,Quédate sin palabras con la fusión mágica de nuestras Pizza de Jamón : Una pizza con mucho sabor. ¿Curiosidad? ¡Pídela online!,in stock,new,63300 COP,,https://www.papajohns.com.co/pizza-de-jamon-6/p?skuId=1481,https://papajohns.vteximg.com.br/arquivos/ids/159088-800-800/FUNDIDA-CON-JAMON.jpg.jpg?v=639100716280800000,,Papa Johns,6,Pizzas > Pizzas prearmadas > Pizzas Favoritas,"Food, Beverages & Tobacco > Food Items"
29,Pizzas por ingredientes - Familiar Masa-tradicional Borde-tradicional Salsa-Pizza,"Deja volar tu imaginación, explora nuevas combinaciones y crea las pizzas por ingredientes más deliciosas. ¡Conviértete en maestro pizzero cada vez que quieras! Comienza ya.",in stock,new,54900 COP,,https://www.papajohns.com.co/pizza-por-ingredientes-2/p?skuId=29,https://papajohns.vteximg.com.br/arquivos/ids/155912-800-800/Pepperoni-1200X628.jpg?v=637732052891900000,,Papa Johns,2,Pizzas > Pizzas por ingredientes,"Food, Beverages & Tobacco > Food Items"
25,Pizzas por ingredientes - Mediana Masa-tradicional Borde-tradicional Salsa-Pizza,"Deja volar tu imaginación, explora nuevas combinaciones y crea las pizzas por ingredientes más deliciosas. ¡Conviértete en maestro pizzero cada vez que quieras! Comienza ya.",in stock,new,45900 COP,,https://www.papajohns.com.co/pizza-por-ingredientes-2/p?skuId=25,https://papajohns.vteximg.com.br/arquivos/ids/159575-800-800/Pepperoni-1200X628.jpg?v=639101366561300000,,Papa Johns,2,Pizzas > Pizzas por ingredientes,"Food, Beverages & Tobacco > Food Items"
1969,Pizzas por ingredientes - Mediana Masa-tradicional Borde-queso Salsa-Pizza,"Deja volar tu imaginación, explora nuevas combinaciones y crea las pizzas por ingredientes más deliciosas. ¡Conviértete en maestro pizzero cada vez que quieras! Comienza ya.",in stock,new,60200 COP,,https://www.papajohns.com.co/pizza-por-ingredientes-2/p?skuId=1969,https://papajohns.vteximg.com.br/arquivos/ids/159565-800-800/Pepperoni-1200X628.jpg?v=639101366559400000,,Papa Johns,2,Pizzas > Pizzas por ingredientes,"Food, Beverages & Tobacco > Food Items"
1970,Pizzas por ingredientes - Mediana Masa-tradicional Borde-queso Salsa-BBQ,"Deja volar tu imaginación, explora nuevas combinaciones y crea las pizzas por ingredientes más deliciosas. ¡Conviértete en maestro pizzero cada vez que quieras! Comienza ya.",in stock,new,60200 COP,,https://www.papajohns.com.co/pizza-por-ingredientes-2/p?skuId=1970,https://papajohns.vteximg.com.br/arquivos/ids/159566-800-800/Pepperoni-1200X628.jpg?v=639101366559730000,,Papa Johns,2,Pizzas > Pizzas por ingredientes,"Food, Beverages & Tobacco > Food Items"
1971,Pizzas por ingredientes - Mediana Masa-tradicional Borde-queso Salsa-Ranch,"Deja volar tu imaginación, explora nuevas combinaciones y crea las pizzas por ingredientes más deliciosas. ¡Conviértete en maestro pizzero cada vez que quieras! Comienza ya.",in stock,new,60200 COP,,https://www.papajohns.com.co/pizza-por-ingredientes-2/p?skuId=1971,https://papajohns.vteximg.com.br/arquivos/ids/159567-800-800/Pepperoni-1200X628.jpg?v=639101366559900000,,Papa Johns,2,Pizzas > Pizzas por ingredientes,"Food, Beverages & Tobacco > Food Items"
1972,Pizzas por ingredientes - Mediana Masa-tradicional Borde-queso Salsa-Pizza,"Deja volar tu imaginación, explora nuevas combinaciones y crea las pizzas por ingredientes más deliciosas. ¡Conviértete en maestro pizzero cada vez que quieras! Comienza ya.",in stock,new,56200 COP,,https://www.papajohns.com.co/pizza-por-ingredientes-2/p?skuId=1972,https://papajohns.vteximg.com.br/arquivos/ids/159568-800-800/Pepperoni-1200X628.jpg?v=639101366560030000,,Papa Johns,2,Pizzas > Pizzas por ingredientes,"Food, Beverages & Tobacco > Food Items"
1973,Pizzas por ingredientes - Mediana Masa-tradicional Borde-queso Salsa-BBQ,"Deja volar tu imaginación, explora nuevas combinaciones y crea las pizzas por ingredientes más deliciosas. ¡Conviértete en maestro pizzero cada vez que quieras! Comienza ya.",in stock,new,56200 COP,,https://www.papajohns.com.co/pizza-por-ingredientes-2/p?skuId=1973,https://papajohns.vteximg.com.br/arquivos/ids/159569-800-800/Pepperoni-1200X628.jpg?v=639101366560200000,,Papa Johns,2,Pizzas > Pizzas por ingredientes,"Food, Beverages & Tobacco > Food Items"
1974,Pizzas por ingredientes - Mediana Masa-tradicional Borde-queso Salsa-Ranch,"Deja volar tu imaginación, explora nuevas combinaciones y crea las pizzas por ingredientes más deliciosas. ¡Conviértete en maestro pizzero cada vez que quieras! Comienza ya.",in stock,new,56200 COP,,https://www.papajohns.com.co/pizza-por-ingredientes-2/p?skuId=1974,https://papajohns.vteximg.com.br/arquivos/ids/159570-800-800/Pepperoni-1200X628.jpg?v=639101366560370000,,Papa Johns,2,Pizzas > Pizzas por ingredientes,"Food, Beverages & Tobacco > Food Items"
21,Pizzas por ingredientes - Personal Masa-tradicional Borde-tradicional Salsa-Pizza,"Deja volar tu imaginación, explora nuevas combinaciones y crea las pizzas por ingredientes más deliciosas. ¡Conviértete en maestro pizzero cada vez que quieras! Comienza ya.",in stock,new,33900 COP,,https://www.papajohns.com.co/pizza-por-ingredientes-2/p?skuId=21,https://papajohns.vteximg.com.br/arquivos/ids/159571-800-800/Pepperoni-1200X628.jpg?v=639101366560500000,,Papa Johns,2,Pizzas > Pizzas por ingredientes,"Food, Beverages & Tobacco > Food Items"
22,Pizzas por ingredientes - Personal Masa-tradicional Borde-tradicional Salsa-BBQ,"Deja volar tu imaginación, explora nuevas combinaciones y crea las pizzas por ingredientes más deliciosas. ¡Conviértete en maestro pizzero cada vez que quieras! Comienza ya.",in stock,new,33900 COP,,https://www.papajohns.com.co/pizza-por-ingredientes-2/p?skuId=22,https://papajohns.vteximg.com.br/arquivos/ids/159572-800-800/Pepperoni-1200X628.jpg?v=639101366560670000,,Papa Johns,2,Pizzas > Pizzas por ingredientes,"Food, Beverages & Tobacco > Food Items"
23,Pizzas por ingredientes - Personal Masa-tradicional Borde-tradicional Salsa-Ranch,"Deja volar tu imaginación, explora nuevas combinaciones y crea las pizzas por ingredientes más deliciosas. ¡Conviértete en maestro pizzero cada vez que quieras! Comienza ya.",in stock,new,33900 COP,,https://www.papajohns.com.co/pizza-por-ingredientes-2/p?skuId=23,https://papajohns.vteximg.com.br/arquivos/ids/159573-800-800/Pepperoni-1200X628.jpg?v=639101366560830000,,Papa Johns,2,Pizzas > Pizzas por ingredientes,"Food, Beverages & Tobacco > Food Items"
26,Pizzas por ingredientes - Mediana Masa-radicional Borde-tradicional Salsa-BBQ,"Deja volar tu imaginación, explora nuevas combinaciones y crea las pizzas por ingredientes más deliciosas. ¡Conviértete en maestro pizzero cada vez que quieras! Comienza ya.",in stock,new,45900 COP,,https://www.papajohns.com.co/pizza-por-ingredientes-2/p?skuId=26,https://papajohns.vteximg.com.br/arquivos/ids/159576-800-800/Pepperoni-1200X628.jpg?v=639101366561430000,,Papa Johns,2,Pizzas > Pizzas por ingredientes,"Food, Beverages & Tobacco > Food Items"
27,Pizzas por ingredientes - Mediana Masa-tradicional Borde-tradicional Salsa-Ranch,"Deja volar tu imaginación, explora nuevas combinaciones y crea las pizzas por ingredientes más deliciosas. ¡Conviértete en maestro pizzero cada vez que quieras! Comienza ya.",in stock,new,45900 COP,,https://www.papajohns.com.co/pizza-por-ingredientes-2/p?skuId=27,https://papajohns.vteximg.com.br/arquivos/ids/159577-800-800/Pepperoni-1200X628.jpg?v=639101366561600000,,Papa Johns,2,Pizzas > Pizzas por ingredientes,"Food, Beverages & Tobacco > Food Items"
30,Pizzas por ingredientes - Familiar Masa-tradicional Borde-tradicional Salsa-BBQ,"Deja volar tu imaginación, explora nuevas combinaciones y crea las pizzas por ingredientes más deliciosas. ¡Conviértete en maestro pizzero cada vez que quieras! Comienza ya.",in stock,new,54900 COP,,https://www.papajohns.com.co/pizza-por-ingredientes-2/p?skuId=30,https://papajohns.vteximg.com.br/arquivos/ids/159579-800-800/Pepperoni-1200X628.jpg?v=639101366561900000,,Papa Johns,2,Pizzas > Pizzas por ingredientes,"Food, Beverages & Tobacco > Food Items"
31,Pizzas por ingredientes - Familiar Masa-tradicional Borde-tradicional Salsa-Ranch,"Deja volar tu imaginación, explora nuevas combinaciones y crea las pizzas por ingredientes más deliciosas. ¡Conviértete en maestro pizzero cada vez que quieras! Comienza ya.",in stock,new,54900 COP,,https://www.papajohns.com.co/pizza-por-ingredientes-2/p?skuId=31,https://papajohns.vteximg.com.br/arquivos/ids/159580-800-800/Pepperoni-1200X628.jpg?v=639101366562230000,,Papa Johns,2,Pizzas > Pizzas por ingredientes,"Food, Beverages & Tobacco > Food Items"
33,Pizzas por ingredientes - Familiar Masa-tradicional Borde-queso Salsa-Pizza,"Deja volar tu imaginación, explora nuevas combinaciones y crea las pizzas por ingredientes más deliciosas. ¡Conviértete en maestro pizzero cada vez que quieras! Comienza ya.",in stock,new,69300 COP,,https://www.papajohns.com.co/pizza-por-ingredientes-2/p?skuId=33,https://papajohns.vteximg.com.br/arquivos/ids/159582-800-800/Pepperoni-1200X628.jpg?v=639101366562570000,,Papa Johns,2,Pizzas > Pizzas por ingredientes,"Food, Beverages & Tobacco > Food Items"
34,Pizzas por ingredientes - Familiar Masa-tradicional Borde-queso Salsa-BBQ,"Deja volar tu imaginación, explora nuevas combinaciones y crea las pizzas por ingredientes más deliciosas. ¡Conviértete en maestro pizzero cada vez que quieras! Comienza ya.",in stock,new,69300 COP,,https://www.papajohns.com.co/pizza-por-ingredientes-2/p?skuId=34,https://papajohns.vteximg.com.br/arquivos/ids/159583-800-800/Pepperoni-1200X628.jpg?v=639101366562930000,,Papa Johns,2,Pizzas > Pizzas por ingredientes,"Food, Beverages & Tobacco > Food Items"
35,Pizzas por ingredientes - Familiar Masa-tradicional Borde-queso Salsa-Ranch,"Deja volar tu imaginación, explora nuevas combinaciones y crea las pizzas por ingredientes más deliciosas. ¡Conviértete en maestro pizzero cada vez que quieras! Comienza ya.",in stock,new,69300 COP,,https://www.papajohns.com.co/pizza-por-ingredientes-2/p?skuId=35,https://papajohns.vteximg.com.br/arquivos/ids/159584-800-800/Pepperoni-1200X628.jpg?v=639101366563100000,,Papa Johns,2,Pizzas > Pizzas por ingredientes,"Food, Beverages & Tobacco > Food Items"
41,Pizzas por ingredientes - Mega familar Masa-tradicional Borde-tradicional Salsa-Pizza,"Deja volar tu imaginación, explora nuevas combinaciones y crea las pizzas por ingredientes más deliciosas. ¡Conviértete en maestro pizzero cada vez que quieras! Comienza ya.",in stock,new,65900 COP,,https://www.papajohns.com.co/pizza-por-ingredientes-2/p?skuId=41,https://papajohns.vteximg.com.br/arquivos/ids/159590-800-800/Pepperoni-1200X628.jpg?v=639101366564030000,,Papa Johns,2,Pizzas > Pizzas por ingredientes,"Food, Beverages & Tobacco > Food Items"
42,Pizzas por ingredientes - Mega familar Masa-tradicional Borde-tradicional Salsa-BBQ,"Deja volar tu imaginación, explora nuevas combinaciones y crea las pizzas por ingredientes más deliciosas. ¡Conviértete en maestro pizzero cada vez que quieras! Comienza ya.",in stock,new,65900 COP,,https://www.papajohns.com.co/pizza-por-ingredientes-2/p?skuId=42,https://papajohns.vteximg.com.br/arquivos/ids/159591-800-800/Pepperoni-1200X628.jpg?v=639101366564330000,,Papa Johns,2,Pizzas > Pizzas por ingredientes,"Food, Beverages & Tobacco > Food Items"
43,Pizzas por ingredientes - Mega familar Masa-tradicional Borde-tradicional Salsa-Ranch,"Deja volar tu imaginación, explora nuevas combinaciones y crea las pizzas por ingredientes más deliciosas. ¡Conviértete en maestro pizzero cada vez que quieras! Comienza ya.",in stock,new,65900 COP,,https://www.papajohns.com.co/pizza-por-ingredientes-2/p?skuId=43,https://papajohns.vteximg.com.br/arquivos/ids/159592-800-800/Pepperoni-1200X628.jpg?v=639101366564500000,,Papa Johns,2,Pizzas > Pizzas por ingredientes,"Food, Beverages & Tobacco > Food Items"
1422,Pizzas por ingredientes - Personal Masa-tradicional Borde-tradicional Salsa-Pizza,"Deja volar tu imaginación, explora nuevas combinaciones y crea las pizzas por ingredientes más deliciosas. ¡Conviértete en maestro pizzero cada vez que quieras! Comienza ya.",in stock,new,31300 COP,,https://www.papajohns.com.co/pizza-por-ingredientes-2/p?skuId=1422,https://papajohns.vteximg.com.br/arquivos/ids/159594-800-800/Pepperoni-1200X628.jpg?v=639101366564800000,,Papa Johns,2,Pizzas > Pizzas por ingredientes,"Food, Beverages & Tobacco > Food Items"
1423,Pizzas por ingredientes - Personal Masa-tradicional Borde-tradicional Salsa-BBQ,"Deja volar tu imaginación, explora nuevas combinaciones y crea las pizzas por ingredientes más deliciosas. ¡Conviértete en maestro pizzero cada vez que quieras! Comienza ya.",in stock,new,31300 COP,,https://www.papajohns.com.co/pizza-por-ingredientes-2/p?skuId=1423,https://papajohns.vteximg.com.br/arquivos/ids/159595-800-800/Pepperoni-1200X628.jpg?v=639101366564970000,,Papa Johns,2,Pizzas > Pizzas por ingredientes,"Food, Beverages & Tobacco > Food Items"
1424,Pizzas por ingredientes - Personal Masa-tradicional Borde-tradicional Salsa-Ranch,"Deja volar tu imaginación, explora nuevas combinaciones y crea las pizzas por ingredientes más deliciosas. ¡Conviértete en maestro pizzero cada vez que quieras! Comienza ya.",in stock,new,31300 COP,,https://www.papajohns.com.co/pizza-por-ingredientes-2/p?skuId=1424,https://papajohns.vteximg.com.br/arquivos/ids/159596-800-800/Pepperoni-1200X628.jpg?v=639101366565270000,,Papa Johns,2,Pizzas > Pizzas por ingredientes,"Food, Beverages & Tobacco > Food Items"
1425,Pizzas por ingredientes - Mediana Masa-tradicional Borde-tradicional Salsa-Pizza,"Deja volar tu imaginación, explora nuevas combinaciones y crea las pizzas por ingredientes más deliciosas. ¡Conviértete en maestro pizzero cada vez que quieras! Comienza ya.",in stock,new,43300 COP,,https://www.papajohns.com.co/pizza-por-ingredientes-2/p?skuId=1425,https://papajohns.vteximg.com.br/arquivos/ids/159597-800-800/Pepperoni-1200X628.jpg?v=639101366565430000,,Papa Johns,2,Pizzas > Pizzas por ingredientes,"Food, Beverages & Tobacco > Food Items"
1426,Pizzas por ingredientes - Mediana Masa-radicional Borde-tradicional Salsa-BBQ,"Deja volar tu imaginación, explora nuevas combinaciones y crea las pizzas por ingredientes más deliciosas. ¡Conviértete en maestro pizzero cada vez que quieras! Comienza ya.",in stock,new,43300 COP,,https://www.papajohns.com.co/pizza-por-ingredientes-2/p?skuId=1426,https://papajohns.vteximg.com.br/arquivos/ids/159598-800-800/Pepperoni-1200X628.jpg?v=639101366565600000,,Papa Johns,2,Pizzas > Pizzas por ingredientes,"Food, Beverages & Tobacco > Food Items"
1427,Pizzas por ingredientes - Mediana Masa-tradicional Borde-tradicional Salsa-Ranch,"Deja volar tu imaginación, explora nuevas combinaciones y crea las pizzas por ingredientes más deliciosas. ¡Conviértete en maestro pizzero cada vez que quieras! Comienza ya.",in stock,new,43300 COP,,https://www.papajohns.com.co/pizza-por-ingredientes-2/p?skuId=1427,https://papajohns.vteximg.com.br/arquivos/ids/159599-800-800/Pepperoni-1200X628.jpg?v=639101366565730000,,Papa Johns,2,Pizzas > Pizzas por ingredientes,"Food, Beverages & Tobacco > Food Items"
1428,Pizzas por ingredientes - Familiar Masa-tradicional Borde-tradicional Salsa-Pizza,"Deja volar tu imaginación, explora nuevas combinaciones y crea las pizzas por ingredientes más deliciosas. ¡Conviértete en maestro pizzero cada vez que quieras! Comienza ya.",in stock,new,52300 COP,,https://www.papajohns.com.co/pizza-por-ingredientes-2/p?skuId=1428,https://papajohns.vteximg.com.br/arquivos/ids/159600-800-800/Pepperoni-1200X628.jpg?v=639101366565900000,,Papa Johns,2,Pizzas > Pizzas por ingredientes,"Food, Beverages & Tobacco > Food Items"
1429,Pizzas por ingredientes - Familiar Masa-tradicional Borde-tradicional Salsa-BBQ,"Deja volar tu imaginación, explora nuevas combinaciones y crea las pizzas por ingredientes más deliciosas. ¡Conviértete en maestro pizzero cada vez que quieras! Comienza ya.",in stock,new,52300 COP,,https://www.papajohns.com.co/pizza-por-ingredientes-2/p?skuId=1429,https://papajohns.vteximg.com.br/arquivos/ids/159601-800-800/Pepperoni-1200X628.jpg?v=639101366566200000,,Papa Johns,2,Pizzas > Pizzas por ingredientes,"Food, Beverages & Tobacco > Food Items"
1430,Pizzas por ingredientes - Familiar Masa-tradicional Borde-tradicional Salsa-Ranch,"Deja volar tu imaginación, explora nuevas combinaciones y crea las pizzas por ingredientes más deliciosas. ¡Conviértete en maestro pizzero cada vez que quieras! Comienza ya.",in stock,new,52300 COP,,https://www.papajohns.com.co/pizza-por-ingredientes-2/p?skuId=1430,https://papajohns.vteximg.com.br/arquivos/ids/159602-800-800/Pepperoni-1200X628.jpg?v=639101366566370000,,Papa Johns,2,Pizzas > Pizzas por ingredientes,"Food, Beverages & Tobacco > Food Items"
1431,Pizzas por ingredientes - Familiar Masa-tradicional Borde-queso Salsa-Pizza,"Deja volar tu imaginación, explora nuevas combinaciones y crea las pizzas por ingredientes más deliciosas. ¡Conviértete en maestro pizzero cada vez que quieras! Comienza ya.",in stock,new,65200 COP,,https://www.papajohns.com.co/pizza-por-ingredientes-2/p?skuId=1431,https://papajohns.vteximg.com.br/arquivos/ids/159603-800-800/Pepperoni-1200X628.jpg?v=639101366566530000,,Papa Johns,2,Pizzas > Pizzas por ingredientes,"Food, Beverages & Tobacco > Food Items"
1432,Pizzas por ingredientes - Familiar Masa-tradicional Borde-queso Salsa-BBQ,"Deja volar tu imaginación, explora nuevas combinaciones y crea las pizzas por ingredientes más deliciosas. ¡Conviértete en maestro pizzero cada vez que quieras! Comienza ya.",in stock,new,65200 COP,,https://www.papajohns.com.co/pizza-por-ingredientes-2/p?skuId=1432,https://papajohns.vteximg.com.br/arquivos/ids/159604-800-800/Pepperoni-1200X628.jpg?v=639101366566700000,,Papa Johns,2,Pizzas > Pizzas por ingredientes,"Food, Beverages & Tobacco > Food Items"
1433,Pizzas por ingredientes - Familiar Masa-tradicional Borde-queso Salsa-Ranch,"Deja volar tu imaginación, explora nuevas combinaciones y crea las pizzas por ingredientes más deliciosas. ¡Conviértete en maestro pizzero cada vez que quieras! Comienza ya.",in stock,new,65200 COP,,https://www.papajohns.com.co/pizza-por-ingredientes-2/p?skuId=1433,https://papajohns.vteximg.com.br/arquivos/ids/159605-800-800/Pepperoni-1200X628.jpg?v=639101366566830000,,Papa Johns,2,Pizzas > Pizzas por ingredientes,"Food, Beverages & Tobacco > Food Items"
1434,Pizzas por ingredientes - Mega familar Masa-tradicional Borde-tradicional Salsa-Pizza,"Deja volar tu imaginación, explora nuevas combinaciones y crea las pizzas por ingredientes más deliciosas. ¡Conviértete en maestro pizzero cada vez que quieras! Comienza ya.",in stock,new,63300 COP,,https://www.papajohns.com.co/pizza-por-ingredientes-2/p?skuId=1434,https://papajohns.vteximg.com.br/arquivos/ids/159606-800-800/Pepperoni-1200X628.jpg?v=639101366567170000,,Papa Johns,2,Pizzas > Pizzas por ingredientes,"Food, Beverages & Tobacco > Food Items"
1435,Pizzas por ingredientes - Mega familar Masa-tradicional Borde-tradicional Salsa-BBQ,"Deja volar tu imaginación, explora nuevas combinaciones y crea las pizzas por ingredientes más deliciosas. ¡Conviértete en maestro pizzero cada vez que quieras! Comienza ya.",in stock,new,63300 COP,,https://www.papajohns.com.co/pizza-por-ingredientes-2/p?skuId=1435,https://papajohns.vteximg.com.br/arquivos/ids/159607-800-800/Pepperoni-1200X628.jpg?v=639101366567300000,,Papa Johns,2,Pizzas > Pizzas por ingredientes,"Food, Beverages & Tobacco > Food Items"
1436,Pizzas por ingredientes - Mega familar Masa-tradicional Borde-tradicional Salsa-Ranch,"Deja volar tu imaginación, explora nuevas combinaciones y crea las pizzas por ingredientes más deliciosas. ¡Conviértete en maestro pizzero cada vez que quieras! Comienza ya.",in stock,new,63300 COP,,https://www.papajohns.com.co/pizza-por-ingredientes-2/p?skuId=1436,https://papajohns.vteximg.com.br/arquivos/ids/159608-800-800/Pepperoni-1200X628.jpg?v=639101366567470000,,Papa Johns,2,Pizzas > Pizzas por ingredientes,"Food, Beverages & Tobacco > Food Items"
2017,Mix Antojos,Rolls de Pepperoni + Rolls de chocolate + Rolls de arequipe + Garlic knots (8 de cada uno),in stock,new,69900 COP,,https://www.papajohns.com.co/mix-antojos-271/p?skuId=2017,https://papajohns.vteximg.com.br/arquivos/ids/159738-800-800/MIX-ANTOJOS-VTEX.jpg?v=639144595348200000,,Papa Johns,271,Acompañamientos,"Food, Beverages & Tobacco > Food Items"
2018,Mix Antojos,Rolls de Pepperoni + Rolls de chocolate + Rolls de arequipe + Garlic knots (8 de cada uno),in stock,new,66900 COP,,https://www.papajohns.com.co/mix-antojos-271/p?skuId=2018,https://papajohns.vteximg.com.br/arquivos/ids/159739-800-800/MIX-ANTOJOS-VTEX.jpg?v=639144595348500000,,Papa Johns,271,Acompañamientos,"Food, Beverages & Tobacco > Food Items"
1324,Extra Pepperoni - Mediana Masa-tradicional Borde-tradicional Salsa-Pizza,"Suave, ligeramente ahumado y con toques precisos de picante. No te lo imagines, ¡ríndete ante el magnífico sabor de las Extra Pepperoni !",in stock,new,37040 COP,,https://www.papajohns.com.co/extra-pepperoni-black-week-178/p?skuId=1324,https://papajohns.vteximg.com.br/arquivos/ids/159849-800-800/Peperoni-Pizazz.png?v=639207930719130000,,Papa Johns,178,Pizzas > Pizzas prearmadas > Martes de Pizza,"Food, Beverages & Tobacco > Food Items"
1325,Extra Pepperoni - Mediana Masa-tradicional Borde-tradicional Salsa-BBQ,"Suave, ligeramente ahumado y con toques precisos de picante. No te lo imagines, ¡ríndete ante el magnífico sabor de las Extra Pepperoni !",in stock,new,37040 COP,,https://www.papajohns.com.co/extra-pepperoni-black-week-178/p?skuId=1325,https://papajohns.vteximg.com.br/arquivos/ids/159850-800-800/Peperoni-Pizazz.png?v=639207930719600000,,Papa Johns,178,Pizzas > Pizzas prearmadas > Martes de Pizza,"Food, Beverages & Tobacco > Food Items"
1326,Extra Pepperoni - Mediana Masa-tradicional Borde-tradicional Salsa-Ranch,"Suave, ligeramente ahumado y con toques precisos de picante. No te lo imagines, ¡ríndete ante el magnífico sabor de las Extra Pepperoni !",in stock,new,37040 COP,,https://www.papajohns.com.co/extra-pepperoni-black-week-178/p?skuId=1326,https://papajohns.vteximg.com.br/arquivos/ids/159851-800-800/Peperoni-Pizazz.png?v=639207930720100000,,Papa Johns,178,Pizzas > Pizzas prearmadas > Martes de Pizza,"Food, Beverages & Tobacco > Food Items"
1327,Extra Pepperoni - Familiar Masa-tradicional Borde-tradicional Salsa-Pizza,"Suave, ligeramente ahumado y con toques precisos de picante. No te lo imagines, ¡ríndete ante el magnífico sabor de las Extra Pepperoni !",in stock,new,44240 COP,,https://www.papajohns.com.co/extra-pepperoni-black-week-178/p?skuId=1327,https://papajohns.vteximg.com.br/arquivos/ids/159852-800-800/Peperoni-Pizazz.png?v=639207930720400000,,Papa Johns,178,Pizzas > Pizzas prearmadas > Martes de Pizza,"Food, Beverages & Tobacco > Food Items"
1328,Extra Pepperoni - Familiar Masa-tradicional Borde-tradicional Salsa-BBQ,"Suave, ligeramente ahumado y con toques precisos de picante. No te lo imagines, ¡ríndete ante el magnífico sabor de las Extra Pepperoni !",in stock,new,44240 COP,,https://www.papajohns.com.co/extra-pepperoni-black-week-178/p?skuId=1328,https://papajohns.vteximg.com.br/arquivos/ids/159853-800-800/Peperoni-Pizazz.png?v=639207930720700000,,Papa Johns,178,Pizzas > Pizzas prearmadas > Martes de Pizza,"Food, Beverages & Tobacco > Food Items"
1329,Extra Pepperoni - Familiar Masa-tradicional Borde-tradicional Salsa-Ranch,"Suave, ligeramente ahumado y con toques precisos de picante. No te lo imagines, ¡ríndete ante el magnífico sabor de las Extra Pepperoni !",in stock,new,44240 COP,,https://www.papajohns.com.co/extra-pepperoni-black-week-178/p?skuId=1329,https://papajohns.vteximg.com.br/arquivos/ids/157425-800-800/Peperoni-Pizazz.png?v=638681366245630000,,Papa Johns,178,Pizzas > Pizzas prearmadas > Martes de Pizza,"Food, Beverages & Tobacco > Food Items"
2066,Extra Pepperoni - Mediana Masa-tradicional Borde-queso Salsa-Pizza,"Suave, ligeramente ahumado y con toques precisos de picante. No te lo imagines, ¡ríndete ante el magnífico sabor de las Extra Pepperoni !",in stock,new,47840 COP,,https://www.papajohns.com.co/extra-pepperoni-black-week-178/p?skuId=2066,https://papajohns.vteximg.com.br/arquivos/ids/159854-800-800/Peperoni-Pizazz.png?v=639207930721200000,,Papa Johns,178,Pizzas > Pizzas prearmadas > Martes de Pizza,"Food, Beverages & Tobacco > Food Items"
2067,Extra Pepperoni - Mediana Masa-tradicional Borde-queso Salsa-BBQ,"Suave, ligeramente ahumado y con toques precisos de picante. No te lo imagines, ¡ríndete ante el magnífico sabor de las Extra Pepperoni !",in stock,new,47840 COP,,https://www.papajohns.com.co/extra-pepperoni-black-week-178/p?skuId=2067,https://papajohns.vteximg.com.br/arquivos/ids/159855-800-800/Peperoni-Pizazz.png?v=639207930721330000,,Papa Johns,178,Pizzas > Pizzas prearmadas > Martes de Pizza,"Food, Beverages & Tobacco > Food Items"
2065,Extra Pepperoni - Mediana Masa-tradicional Borde-queso Salsa-Ranch,"Suave, ligeramente ahumado y con toques precisos de picante. No te lo imagines, ¡ríndete ante el magnífico sabor de las Extra Pepperoni !",in stock,new,47840 COP,,https://www.papajohns.com.co/extra-pepperoni-black-week-178/p?skuId=2065,https://papajohns.vteximg.com.br/arquivos/ids/159856-800-800/Peperoni-Pizazz.png?v=639207930721630000,,Papa Johns,178,Pizzas > Pizzas prearmadas > Martes de Pizza,"Food, Beverages & Tobacco > Food Items"
2068,Extra Pepperoni - Familiar Masa-tradicional Borde-queso Salsa-Pizza,"Suave, ligeramente ahumado y con toques precisos de picante. No te lo imagines, ¡ríndete ante el magnífico sabor de las Extra Pepperoni !",in stock,new,53040 COP,,https://www.papajohns.com.co/extra-pepperoni-black-week-178/p?skuId=2068,https://papajohns.vteximg.com.br/arquivos/ids/159857-800-800/Peperoni-Pizazz.png?v=639207930721630000,,Papa Johns,178,Pizzas > Pizzas prearmadas > Martes de Pizza,"Food, Beverages & Tobacco > Food Items"
2070,Extra Pepperoni - Familiar Masa-tradicional Borde-queso Salsa-BBQ,"Suave, ligeramente ahumado y con toques precisos de picante. No te lo imagines, ¡ríndete ante el magnífico sabor de las Extra Pepperoni !",in stock,new,53040 COP,,https://www.papajohns.com.co/extra-pepperoni-black-week-178/p?skuId=2070,https://papajohns.vteximg.com.br/arquivos/ids/159859-800-800/Peperoni-Pizazz.png?v=639207930721800000,,Papa Johns,178,Pizzas > Pizzas prearmadas > Martes de Pizza,"Food, Beverages & Tobacco > Food Items"
2069,Extra Pepperoni - Familiar Masa-tradicional Borde-queso Salsa-Ranch,"Suave, ligeramente ahumado y con toques precisos de picante. No te lo imagines, ¡ríndete ante el magnífico sabor de las Extra Pepperoni !",in stock,new,53040 COP,,https://www.papajohns.com.co/extra-pepperoni-black-week-178/p?skuId=2069,https://papajohns.vteximg.com.br/arquivos/ids/159858-800-800/Peperoni-Pizazz.png?v=639207930721800000,,Papa Johns,178,Pizzas > Pizzas prearmadas > Martes de Pizza,"Food, Beverages & Tobacco > Food Items"
1291,Combo Futbolero - Mediana Masa-tradicional Borde-tradicional,"Estás a un paso de clasificar a la siguiente etapa, haz clic y lleva a casa el Combo Futbolero : promo de 2 pepperonis pizzazz, Rolls de arequipe y Coca Cola. ¡Incluye todo!",in stock,new,92900 COP,,https://www.papajohns.com.co/combo-futbolero-170/p?skuId=1291,https://papajohns.vteximg.com.br/arquivos/ids/159620-800-800/Combo futbolero VTEX actualizado MAR 26.jpg?v=639105741494000000,,Papa Johns,170,Pizzas > Promociones,"Food, Beverages & Tobacco > Food Items"
600,Jamón Rolls - Jamon Rolls,Las mágicas manos de Papa Johns preparan estos increíbles Jamón Rolls : rollitos de jamón . Quedarse con las ganas es pecado. Punto.,in stock,new,22900 COP,,https://www.papajohns.com.co/jamon-rolls-73/p?skuId=600,https://papajohns.vteximg.com.br/arquivos/ids/157866-800-800/ROLLS-JAMON.jpg.jpg?v=639008919712970000,,Papa Johns,73,Acompañamientos,"Food, Beverages & Tobacco > Food Items"
1702,Jamón Rolls - Jamon Rolls,Las mágicas manos de Papa Johns preparan estos increíbles Jamón Rolls : rollitos de jamón . Quedarse con las ganas es pecado. Punto.,in stock,new,19800 COP,,https://www.papajohns.com.co/jamon-rolls-73/p?skuId=1702,https://papajohns.vteximg.com.br/arquivos/ids/158625-800-800/ROLLS-JAMON.jpg.jpg?v=639008919713100000,,Papa Johns,73,Acompañamientos,"Food, Beverages & Tobacco > Food Items"
593,Palitos de ajo y parmesano - Salsa Pizza,Una exclusividad que te puedes permitir ya: disfrutar el exquisito baño de salsa de ingredientes secretos de nuestros Palitos de ajo y parmesano .,in stock,new,21900 COP,,https://www.papajohns.com.co/palitos-ajo-parm-68/p?skuId=593,https://papajohns.vteximg.com.br/arquivos/ids/157860-800-800/PALITOS-DE-PAN-CON-AJO-PARMESANO.jpg.jpg?v=638808446888400000,,Papa Johns,68,Acompañamientos > Palitos,"Food, Beverages & Tobacco > Food Items"
594,Palitos de ajo y parmesano - Salsa Ajo,Una exclusividad que te puedes permitir ya: disfrutar el exquisito baño de salsa de ingredientes secretos de nuestros Palitos de ajo y parmesano .,in stock,new,21900 COP,,https://www.papajohns.com.co/palitos-ajo-parm-68/p?skuId=594,https://papajohns.vteximg.com.br/arquivos/ids/157861-800-800/PALITOS-DE-PAN-CON-AJO-PARMESANO.jpg.jpg?v=638808446967270000,,Papa Johns,68,Acompañamientos > Palitos,"Food, Beverages & Tobacco > Food Items"
1695,Palitos de ajo y parmesano - Salsa Pizza,Una exclusividad que te puedes permitir ya: disfrutar el exquisito baño de salsa de ingredientes secretos de nuestros Palitos de ajo y parmesano .,in stock,new,18800 COP,,https://www.papajohns.com.co/palitos-ajo-parm-68/p?skuId=1695,https://papajohns.vteximg.com.br/arquivos/ids/158601-800-800/PALITOS-DE-PAN-CON-AJO-PARMESANO.jpg.jpg?v=639008908048300000,,Papa Johns,68,Acompañamientos > Palitos,"Food, Beverages & Tobacco > Food Items"
1696,Palitos de ajo y parmesano - Salsa Ajo,Una exclusividad que te puedes permitir ya: disfrutar el exquisito baño de salsa de ingredientes secretos de nuestros Palitos de ajo y parmesano .,in stock,new,18800 COP,,https://www.papajohns.com.co/palitos-ajo-parm-68/p?skuId=1696,https://papajohns.vteximg.com.br/arquivos/ids/158602-800-800/PALITOS-DE-PAN-CON-AJO-PARMESANO.jpg.jpg?v=639008908048470000,,Papa Johns,68,Acompañamientos > Palitos,"Food, Beverages & Tobacco > Food Items"
1750,Palitos de ajo y parmesano - Salsa Ajo copa / Salsa  Pizza copa,Una exclusividad que te puedes permitir ya: disfrutar el exquisito baño de salsa de ingredientes secretos de nuestros Palitos de ajo y parmesano .,in stock,new,18800 COP,,https://www.papajohns.com.co/palitos-ajo-parm-68/p?skuId=1750,https://papajohns.vteximg.com.br/arquivos/ids/158603-800-800/PALITOS-DE-PAN-CON-AJO-PARMESANO.jpg.jpg?v=639008908048470000,,Papa Johns,68,Acompañamientos > Palitos,"Food, Beverages & Tobacco > Food Items"
1084,Sprite Original - Sprite Original 1.5Lt,Acompaña tu Papa Johns con tu bebida favorita,in stock,new,10900 COP,,https://www.papajohns.com.co/sprite-original-60/p?skuId=1084,https://papajohns.vteximg.com.br/arquivos/ids/159936-800-800/7702535011713_0.jpg?v=639255950632570000,,Papa Johns,60,Bebidas > Gaseosas,"Food, Beverages & Tobacco > Beverages"
581,Sprite Original - Sprite Original 400ml,Acompaña tu Papa Johns con tu bebida favorita,in stock,new,6900 COP,,https://www.papajohns.com.co/sprite-original-60/p?skuId=581,https://papajohns.vteximg.com.br/arquivos/ids/159934-800-800/7702535012086_0.jpg?v=639255950092270000,,Papa Johns,60,Bebidas > Gaseosas,"Food, Beverages & Tobacco > Beverages"
1689,Sprite Original - Sprite Original 400ml,Acompaña tu Papa Johns con tu bebida favorita,in stock,new,6400 COP,,https://www.papajohns.com.co/sprite-original-60/p?skuId=1689,https://papajohns.vteximg.com.br/arquivos/ids/159935-800-800/7702535012086_0.jpg?v=639255950266000000,,Papa Johns,60,Bebidas > Gaseosas,"Food, Beverages & Tobacco > Beverages"
1756,Sprite Original - Sprite Original 1.5Lt,Acompaña tu Papa Johns con tu bebida favorita,in stock,new,9400 COP,,https://www.papajohns.com.co/sprite-original-60/p?skuId=1756,https://papajohns.vteximg.com.br/arquivos/ids/159937-800-800/7702535011713_0.jpg?v=639255950796070000,,Papa Johns,60,Bebidas > Gaseosas,"Food, Beverages & Tobacco > Beverages"
561,Chocolate Rolls,"Los Chocolate Rolls son mucho más que su nombre, son también crema de avellanas, masa fresca y recién salidos del horno. ¡Son imperdibles!",in stock,new,21800 COP,,https://www.papajohns.com.co/chocolate-rolls-51/p?skuId=561,https://papajohns.vteximg.com.br/arquivos/ids/157489-800-800/ROLLS-DE-CHOCOLATE.jpg.jpg?v=639008915679100000,,Papa Johns,51,Postres,"Food, Beverages & Tobacco > Food Items"
1674,Chocolate Rolls,"Los Chocolate Rolls son mucho más que su nombre, son también crema de avellanas, masa fresca y recién salidos del horno. ¡Son imperdibles!",in stock,new,18800 COP,,https://www.papajohns.com.co/chocolate-rolls-51/p?skuId=1674,https://papajohns.vteximg.com.br/arquivos/ids/158613-800-800/ROLLS-DE-CHOCOLATE.jpg.jpg?v=639008915949370000,,Papa Johns,51,Postres,"Food, Beverages & Tobacco > Food Items"
560,Brownies de Chocolate - Brownie chocolate,Vive una explosión de sabor con el postre que no te va a durar ni 5 minutos. Nuestros Brownies de Chocolate son tentación instantánea. ¡Devóralos!,in stock,new,36800 COP,,https://www.papajohns.com.co/brownie-chocolate-50/p?skuId=560,https://papajohns.vteximg.com.br/arquivos/ids/157490-800-800/BROWNIE.jpg.jpg?v=638808408370330000,,Papa Johns,50,Postres,"Food, Beverages & Tobacco > Food Items"
1673,Brownies de Chocolate - Brownie chocolate,Vive una explosión de sabor con el postre que no te va a durar ni 5 minutos. Nuestros Brownies de Chocolate son tentación instantánea. ¡Devóralos!,in stock,new,34800 COP,,https://www.papajohns.com.co/brownie-chocolate-50/p?skuId=1673,https://papajohns.vteximg.com.br/arquivos/ids/158476-800-800/BROWNIE.jpg.jpg?v=639008892961100000,,Papa Johns,50,Postres,"Food, Beverages & Tobacco > Food Items"
360,Pizza Hawaiana Pollo BBQ - Familiar Masa-tradicional Borde-tradicional Salsa-BBQ,"4, 8, 10 o 12 porciones. Todos son números de la suerte porque vas a disfrutar la Pizza Hawaiana Pollo BBQ , con tocineta, cebolla y salsa BBQ como base que llenan el corazón.",in stock,new,63500 COP,,https://www.papajohns.com.co/hawaiana-pollo-bbq-16/p?skuId=360,https://papajohns.vteximg.com.br/arquivos/ids/158384-800-800/HAWAIANA-POLLO-BBQ.jpg.jpg?v=639008882678730000,,Papa Johns,16,Pizzas > Pizzas prearmadas > Pizzas Insignia,"Food, Beverages & Tobacco > Food Items"
1623,Pizza Hawaiana Pollo BBQ - Familiar Masa-tradicional Borde-tradicional Salsa-BBQ,"4, 8, 10 o 12 porciones. Todos son números de la suerte porque vas a disfrutar la Pizza Hawaiana Pollo BBQ , con tocineta, cebolla y salsa BBQ como base que llenan el corazón.",in stock,new,59300 COP,,https://www.papajohns.com.co/hawaiana-pollo-bbq-16/p?skuId=1623,https://papajohns.vteximg.com.br/arquivos/ids/159212-800-800/HAWAIANA-POLLO-BBQ.jpg.jpg?v=639100734516070000,,Papa Johns,16,Pizzas > Pizzas prearmadas > Pizzas Insignia,"Food, Beverages & Tobacco > Food Items"
357,Pizza Hawaiana Pollo BBQ - Mediana Masa-tradicional Borde-tradicional Salsa-Pizza,"4, 8, 10 o 12 porciones. Todos son números de la suerte porque vas a disfrutar la Pizza Hawaiana Pollo BBQ , con tocineta, cebolla y salsa BBQ como base que llenan el corazón.",in stock,new,53500 COP,,https://www.papajohns.com.co/hawaiana-pollo-bbq-16/p?skuId=357,https://papajohns.vteximg.com.br/arquivos/ids/159188-800-800/HAWAIANA-POLLO-BBQ.jpg.jpg?v=639100734509200000,,Papa Johns,16,Pizzas > Pizzas prearmadas > Pizzas Insignia,"Food, Beverages & Tobacco > Food Items"
1621,Pizza Hawaiana Pollo BBQ - Mediana Masa-tradicional Borde-tradicional Salsa-Pizza,"4, 8, 10 o 12 porciones. Todos son números de la suerte porque vas a disfrutar la Pizza Hawaiana Pollo BBQ , con tocineta, cebolla y salsa BBQ como base que llenan el corazón.",in stock,new,49300 COP,,https://www.papajohns.com.co/hawaiana-pollo-bbq-16/p?skuId=1621,https://papajohns.vteximg.com.br/arquivos/ids/159210-800-800/HAWAIANA-POLLO-BBQ.jpg.jpg?v=639100734515600000,,Papa Johns,16,Pizzas > Pizzas prearmadas > Pizzas Insignia,"Food, Beverages & Tobacco > Food Items"
1951,Pizza Hawaiana Pollo BBQ - Mediana Masa-tradicional Borde-queso Salsa-Pizza,"4, 8, 10 o 12 porciones. Todos son números de la suerte porque vas a disfrutar la Pizza Hawaiana Pollo BBQ , con tocineta, cebolla y salsa BBQ como base que llenan el corazón.",in stock,new,67700 COP,,https://www.papajohns.com.co/hawaiana-pollo-bbq-16/p?skuId=1951,https://papajohns.vteximg.com.br/arquivos/ids/159177-800-800/HAWAIANA-POLLO-BBQ.jpg.jpg?v=639100734506870000,,Papa Johns,16,Pizzas > Pizzas prearmadas > Pizzas Insignia,"Food, Beverages & Tobacco > Food Items"
1952,Pizza Hawaiana Pollo BBQ - Mediana Masa-tradicional Borde-queso Salsa-BBQ,"4, 8, 10 o 12 porciones. Todos son números de la suerte porque vas a disfrutar la Pizza Hawaiana Pollo BBQ , con tocineta, cebolla y salsa BBQ como base que llenan el corazón.",in stock,new,67700 COP,,https://www.papajohns.com.co/hawaiana-pollo-bbq-16/p?skuId=1952,https://papajohns.vteximg.com.br/arquivos/ids/159178-800-800/HAWAIANA-POLLO-BBQ.jpg.jpg?v=639100734507500000,,Papa Johns,16,Pizzas > Pizzas prearmadas > Pizzas Insignia,"Food, Beverages & Tobacco > Food Items"
1953,Pizza Hawaiana Pollo BBQ - Mediana Masa-tradicional Borde-queso Salsa-Ranch,"4, 8, 10 o 12 porciones. Todos son números de la suerte porque vas a disfrutar la Pizza Hawaiana Pollo BBQ , con tocineta, cebolla y salsa BBQ como base que llenan el corazón.",in stock,new,67700 COP,,https://www.papajohns.com.co/hawaiana-pollo-bbq-16/p?skuId=1953,https://papajohns.vteximg.com.br/arquivos/ids/159179-800-800/HAWAIANA-POLLO-BBQ.jpg.jpg?v=639100734507630000,,Papa Johns,16,Pizzas > Pizzas prearmadas > Pizzas Insignia,"Food, Beverages & Tobacco > Food Items"
1954,Pizza Hawaiana Pollo BBQ - Mediana Masa-tradicional Borde-queso Salsa-Pizza,"4, 8, 10 o 12 porciones. Todos son números de la suerte porque vas a disfrutar la Pizza Hawaiana Pollo BBQ , con tocineta, cebolla y salsa BBQ como base que llenan el corazón.",in stock,new,62200 COP,,https://www.papajohns.com.co/hawaiana-pollo-bbq-16/p?skuId=1954,https://papajohns.vteximg.com.br/arquivos/ids/159180-800-800/HAWAIANA-POLLO-BBQ.jpg.jpg?v=639100734507800000,,Papa Johns,16,Pizzas > Pizzas prearmadas > Pizzas Insignia,"Food, Beverages & Tobacco > Food Items"
1955,Pizza Hawaiana Pollo BBQ - Mediana Masa-tradicional Borde-queso Salsa-BBQ,"4, 8, 10 o 12 porciones. Todos son números de la suerte porque vas a disfrutar la Pizza Hawaiana Pollo BBQ , con tocineta, cebolla y salsa BBQ como base que llenan el corazón.",in stock,new,62200 COP,,https://www.papajohns.com.co/hawaiana-pollo-bbq-16/p?skuId=1955,https://papajohns.vteximg.com.br/arquivos/ids/159181-800-800/HAWAIANA-POLLO-BBQ.jpg.jpg?v=639100734507970000,,Papa Johns,16,Pizzas > Pizzas prearmadas > Pizzas Insignia,"Food, Beverages & Tobacco > Food Items"
1956,Pizza Hawaiana Pollo BBQ - Mediana Masa-tradicional Borde-queso Salsa-Ranch,"4, 8, 10 o 12 porciones. Todos son números de la suerte porque vas a disfrutar la Pizza Hawaiana Pollo BBQ , con tocineta, cebolla y salsa BBQ como base que llenan el corazón.",in stock,new,62200 COP,,https://www.papajohns.com.co/hawaiana-pollo-bbq-16/p?skuId=1956,https://papajohns.vteximg.com.br/arquivos/ids/159182-800-800/HAWAIANA-POLLO-BBQ.jpg.jpg?v=639100734507970000,,Papa Johns,16,Pizzas > Pizzas prearmadas > Pizzas Insignia,"Food, Beverages & Tobacco > Food Items"
352,Pizza Hawaiana Pollo BBQ - Personal Masa-tradicional Borde-tradicional Salsa-BBQ,"4, 8, 10 o 12 porciones. Todos son números de la suerte porque vas a disfrutar la Pizza Hawaiana Pollo BBQ , con tocineta, cebolla y salsa BBQ como base que llenan el corazón.",in stock,new,40500 COP,,https://www.papajohns.com.co/hawaiana-pollo-bbq-16/p?skuId=352,https://papajohns.vteximg.com.br/arquivos/ids/159183-800-800/HAWAIANA-POLLO-BBQ.jpg.jpg?v=639100734508100000,,Papa Johns,16,Pizzas > Pizzas prearmadas > Pizzas Insignia,"Food, Beverages & Tobacco > Food Items"
353,Pizza Hawaiana Pollo BBQ - Personal Masa-tradicional Borde-tradicional Salsa-Pizza,"4, 8, 10 o 12 porciones. Todos son números de la suerte porque vas a disfrutar la Pizza Hawaiana Pollo BBQ , con tocineta, cebolla y salsa BBQ como base que llenan el corazón.",in stock,new,40500 COP,,https://www.papajohns.com.co/hawaiana-pollo-bbq-16/p?skuId=353,https://papajohns.vteximg.com.br/arquivos/ids/159184-800-800/HAWAIANA-POLLO-BBQ.jpg.jpg?v=639100734508430000,,Papa Johns,16,Pizzas > Pizzas prearmadas > Pizzas Insignia,"Food, Beverages & Tobacco > Food Items"
354,Pizza Hawaiana Pollo BBQ - Personal Masa-tradicional Borde-tradicional Salsa-Ranch,"4, 8, 10 o 12 porciones. Todos son números de la suerte porque vas a disfrutar la Pizza Hawaiana Pollo BBQ , con tocineta, cebolla y salsa BBQ como base que llenan el corazón.",in stock,new,40500 COP,,https://www.papajohns.com.co/hawaiana-pollo-bbq-16/p?skuId=354,https://papajohns.vteximg.com.br/arquivos/ids/159185-800-800/HAWAIANA-POLLO-BBQ.jpg.jpg?v=639100734508570000,,Papa Johns,16,Pizzas > Pizzas prearmadas > Pizzas Insignia,"Food, Beverages & Tobacco > Food Items"
356,Pizza Hawaiana Pollo BBQ - Mediana Masa-radicional Borde-tradicional Salsa-BBQ,"4, 8, 10 o 12 porciones. Todos son números de la suerte porque vas a disfrutar la Pizza Hawaiana Pollo BBQ , con tocineta, cebolla y salsa BBQ como base que llenan el corazón.",in stock,new,53500 COP,,https://www.papajohns.com.co/hawaiana-pollo-bbq-16/p?skuId=356,https://papajohns.vteximg.com.br/arquivos/ids/159187-800-800/HAWAIANA-POLLO-BBQ.jpg.jpg?v=639100734509030000,,Papa Johns,16,Pizzas > Pizzas prearmadas > Pizzas Insignia,"Food, Beverages & Tobacco > Food Items"
358,Pizza Hawaiana Pollo BBQ - Mediana Masa-tradicional Borde-tradicional Salsa-Ranch,"4, 8, 10 o 12 porciones. Todos son números de la suerte porque vas a disfrutar la Pizza Hawaiana Pollo BBQ , con tocineta, cebolla y salsa BBQ como base que llenan el corazón.",in stock,new,53500 COP,,https://www.papajohns.com.co/hawaiana-pollo-bbq-16/p?skuId=358,https://papajohns.vteximg.com.br/arquivos/ids/159189-800-800/HAWAIANA-POLLO-BBQ.jpg.jpg?v=639100734509370000,,Papa Johns,16,Pizzas > Pizzas prearmadas > Pizzas Insignia,"Food, Beverages & Tobacco > Food Items"
361,Pizza Hawaiana Pollo BBQ - Familiar Masa-tradicional Borde-tradicional Salsa-Pizza,"4, 8, 10 o 12 porciones. Todos son números de la suerte porque vas a disfrutar la Pizza Hawaiana Pollo BBQ , con tocineta, cebolla y salsa BBQ como base que llenan el corazón.",in stock,new,63500 COP,,https://www.papajohns.com.co/hawaiana-pollo-bbq-16/p?skuId=361,https://papajohns.vteximg.com.br/arquivos/ids/159191-800-800/HAWAIANA-POLLO-BBQ.jpg.jpg?v=639100734510000000,,Papa Johns,16,Pizzas > Pizzas prearmadas > Pizzas Insignia,"Food, Beverages & Tobacco > Food Items"
362,Pizza Hawaiana Pollo BBQ - Familiar Masa-tradicional Borde-tradicional Salsa-Ranch,"4, 8, 10 o 12 porciones. Todos son números de la suerte porque vas a disfrutar la Pizza Hawaiana Pollo BBQ , con tocineta, cebolla y salsa BBQ como base que llenan el corazón.",in stock,new,63500 COP,,https://www.papajohns.com.co/hawaiana-pollo-bbq-16/p?skuId=362,https://papajohns.vteximg.com.br/arquivos/ids/159192-800-800/HAWAIANA-POLLO-BBQ.jpg.jpg?v=639100734510470000,,Papa Johns,16,Pizzas > Pizzas prearmadas > Pizzas Insignia,"Food, Beverages & Tobacco > Food Items"
364,Pizza Hawaiana Pollo BBQ - Familiar Masa-tradicional Borde-queso Salsa-BBQ,"4, 8, 10 o 12 porciones. Todos son números de la suerte porque vas a disfrutar la Pizza Hawaiana Pollo BBQ , con tocineta, cebolla y salsa BBQ como base que llenan el corazón.",in stock,new,77900 COP,,https://www.papajohns.com.co/hawaiana-pollo-bbq-16/p?skuId=364,https://papajohns.vteximg.com.br/arquivos/ids/159194-800-800/HAWAIANA-POLLO-BBQ.jpg.jpg?v=639100734510930000,,Papa Johns,16,Pizzas > Pizzas prearmadas > Pizzas Insignia,"Food, Beverages & Tobacco > Food Items"
365,Pizza Hawaiana Pollo BBQ - Familiar Masa-tradicional Borde-queso Salsa-Pizza,"4, 8, 10 o 12 porciones. Todos son números de la suerte porque vas a disfrutar la Pizza Hawaiana Pollo BBQ , con tocineta, cebolla y salsa BBQ como base que llenan el corazón.",in stock,new,77900 COP,,https://www.papajohns.com.co/hawaiana-pollo-bbq-16/p?skuId=365,https://papajohns.vteximg.com.br/arquivos/ids/159195-800-800/HAWAIANA-POLLO-BBQ.jpg.jpg?v=639100734511530000,,Papa Johns,16,Pizzas > Pizzas prearmadas > Pizzas Insignia,"Food, Beverages & Tobacco > Food Items"
366,Pizza Hawaiana Pollo BBQ - Familiar Masa-tradicional Borde-queso Salsa-Ranch,"4, 8, 10 o 12 porciones. Todos son números de la suerte porque vas a disfrutar la Pizza Hawaiana Pollo BBQ , con tocineta, cebolla y salsa BBQ como base que llenan el corazón.",in stock,new,77900 COP,,https://www.papajohns.com.co/hawaiana-pollo-bbq-16/p?skuId=366,https://papajohns.vteximg.com.br/arquivos/ids/159196-800-800/HAWAIANA-POLLO-BBQ.jpg.jpg?v=639100734512000000,,Papa Johns,16,Pizzas > Pizzas prearmadas > Pizzas Insignia,"Food, Beverages & Tobacco > Food Items"
372,Pizza Hawaiana Pollo BBQ - Mega familar Masa-tradicional Borde-tradicional Salsa-BBQ,"4, 8, 10 o 12 porciones. Todos son números de la suerte porque vas a disfrutar la Pizza Hawaiana Pollo BBQ , con tocineta, cebolla y salsa BBQ como base que llenan el corazón.",in stock,new,75500 COP,,https://www.papajohns.com.co/hawaiana-pollo-bbq-16/p?skuId=372,https://papajohns.vteximg.com.br/arquivos/ids/159202-800-800/HAWAIANA-POLLO-BBQ.jpg.jpg?v=639100734513900000,,Papa Johns,16,Pizzas > Pizzas prearmadas > Pizzas Insignia,"Food, Beverages & Tobacco > Food Items"
373,Pizza Hawaiana Pollo BBQ - Mega familar Masa-tradicional Borde-tradicional Salsa-Pizza,"4, 8, 10 o 12 porciones. Todos son números de la suerte porque vas a disfrutar la Pizza Hawaiana Pollo BBQ , con tocineta, cebolla y salsa BBQ como base que llenan el corazón.",in stock,new,75500 COP,,https://www.papajohns.com.co/hawaiana-pollo-bbq-16/p?skuId=373,https://papajohns.vteximg.com.br/arquivos/ids/159203-800-800/HAWAIANA-POLLO-BBQ.jpg.jpg?v=639100734514200000,,Papa Johns,16,Pizzas > Pizzas prearmadas > Pizzas Insignia,"Food, Beverages & Tobacco > Food Items"
374,Pizza Hawaiana Pollo BBQ - Mega familar Masa-tradicional Borde-tradicional Salsa-Ranch,"4, 8, 10 o 12 porciones. Todos son números de la suerte porque vas a disfrutar la Pizza Hawaiana Pollo BBQ , con tocineta, cebolla y salsa BBQ como base que llenan el corazón.",in stock,new,75500 COP,,https://www.papajohns.com.co/hawaiana-pollo-bbq-16/p?skuId=374,https://papajohns.vteximg.com.br/arquivos/ids/159204-800-800/HAWAIANA-POLLO-BBQ.jpg.jpg?v=639100734514370000,,Papa Johns,16,Pizzas > Pizzas prearmadas > Pizzas Insignia,"Food, Beverages & Tobacco > Food Items"
1617,Pizza Hawaiana Pollo BBQ - Personal Masa-tradicional Borde-tradicional Salsa-BBQ,"4, 8, 10 o 12 porciones. Todos son números de la suerte porque vas a disfrutar la Pizza Hawaiana Pollo BBQ , con tocineta, cebolla y salsa BBQ como base que llenan el corazón.",in stock,new,36300 COP,,https://www.papajohns.com.co/hawaiana-pollo-bbq-16/p?skuId=1617,https://papajohns.vteximg.com.br/arquivos/ids/159206-800-800/HAWAIANA-POLLO-BBQ.jpg.jpg?v=639100734514670000,,Papa Johns,16,Pizzas > Pizzas prearmadas > Pizzas Insignia,"Food, Beverages & Tobacco > Food Items"
1618,Pizza Hawaiana Pollo BBQ - Personal Masa-tradicional Borde-tradicional Salsa-Pizza,"4, 8, 10 o 12 porciones. Todos son números de la suerte porque vas a disfrutar la Pizza Hawaiana Pollo BBQ , con tocineta, cebolla y salsa BBQ como base que llenan el corazón.",in stock,new,36300 COP,,https://www.papajohns.com.co/hawaiana-pollo-bbq-16/p?skuId=1618,https://papajohns.vteximg.com.br/arquivos/ids/159207-800-800/HAWAIANA-POLLO-BBQ.jpg.jpg?v=639100734515000000,,Papa Johns,16,Pizzas > Pizzas prearmadas > Pizzas Insignia,"Food, Beverages & Tobacco > Food Items"
1619,Pizza Hawaiana Pollo BBQ - Personal Masa-tradicional Borde-tradicional Salsa-Ranch,"4, 8, 10 o 12 porciones. Todos son números de la suerte porque vas a disfrutar la Pizza Hawaiana Pollo BBQ , con tocineta, cebolla y salsa BBQ como base que llenan el corazón.",in stock,new,36300 COP,,https://www.papajohns.com.co/hawaiana-pollo-bbq-16/p?skuId=1619,https://papajohns.vteximg.com.br/arquivos/ids/159208-800-800/HAWAIANA-POLLO-BBQ.jpg.jpg?v=639100734515130000,,Papa Johns,16,Pizzas > Pizzas prearmadas > Pizzas Insignia,"Food, Beverages & Tobacco > Food Items"
1620,Pizza Hawaiana Pollo BBQ - Mediana Masa-radicional Borde-tradicional Salsa-BBQ,"4, 8, 10 o 12 porciones. Todos son números de la suerte porque vas a disfrutar la Pizza Hawaiana Pollo BBQ , con tocineta, cebolla y salsa BBQ como base que llenan el corazón.",in stock,new,49300 COP,,https://www.papajohns.com.co/hawaiana-pollo-bbq-16/p?skuId=1620,https://papajohns.vteximg.com.br/arquivos/ids/159209-800-800/HAWAIANA-POLLO-BBQ.jpg.jpg?v=639100734515470000,,Papa Johns,16,Pizzas > Pizzas prearmadas > Pizzas Insignia,"Food, Beverages & Tobacco > Food Items"
1622,Pizza Hawaiana Pollo BBQ - Mediana Masa-tradicional Borde-tradicional Salsa-Ranch,"4, 8, 10 o 12 porciones. Todos son números de la suerte porque vas a disfrutar la Pizza Hawaiana Pollo BBQ , con tocineta, cebolla y salsa BBQ como base que llenan el corazón.",in stock,new,49300 COP,,https://www.papajohns.com.co/hawaiana-pollo-bbq-16/p?skuId=1622,https://papajohns.vteximg.com.br/arquivos/ids/159211-800-800/HAWAIANA-POLLO-BBQ.jpg.jpg?v=639100734515770000,,Papa Johns,16,Pizzas > Pizzas prearmadas > Pizzas Insignia,"Food, Beverages & Tobacco > Food Items"
1624,Pizza Hawaiana Pollo BBQ - Familiar Masa-tradicional Borde-tradicional Salsa-Pizza,"4, 8, 10 o 12 porciones. Todos son números de la suerte porque vas a disfrutar la Pizza Hawaiana Pollo BBQ , con tocineta, cebolla y salsa BBQ como base que llenan el corazón.",in stock,new,59300 COP,,https://www.papajohns.com.co/hawaiana-pollo-bbq-16/p?skuId=1624,https://papajohns.vteximg.com.br/arquivos/ids/159213-800-800/HAWAIANA-POLLO-BBQ.jpg.jpg?v=639100734516400000,,Papa Johns,16,Pizzas > Pizzas prearmadas > Pizzas Insignia,"Food, Beverages & Tobacco > Food Items"
1625,Pizza Hawaiana Pollo BBQ - Familiar Masa-tradicional Borde-tradicional Salsa-Ranch,"4, 8, 10 o 12 porciones. Todos son números de la suerte porque vas a disfrutar la Pizza Hawaiana Pollo BBQ , con tocineta, cebolla y salsa BBQ como base que llenan el corazón.",in stock,new,59300 COP,,https://www.papajohns.com.co/hawaiana-pollo-bbq-16/p?skuId=1625,https://papajohns.vteximg.com.br/arquivos/ids/159214-800-800/HAWAIANA-POLLO-BBQ.jpg.jpg?v=639100734516700000,,Papa Johns,16,Pizzas > Pizzas prearmadas > Pizzas Insignia,"Food, Beverages & Tobacco > Food Items"
1626,Pizza Hawaiana Pollo BBQ - Familiar Masa-tradicional Borde-queso Salsa-BBQ,"4, 8, 10 o 12 porciones. Todos son números de la suerte porque vas a disfrutar la Pizza Hawaiana Pollo BBQ , con tocineta, cebolla y salsa BBQ como base que llenan el corazón.",in stock,new,72200 COP,,https://www.papajohns.com.co/hawaiana-pollo-bbq-16/p?skuId=1626,https://papajohns.vteximg.com.br/arquivos/ids/159215-800-800/HAWAIANA-POLLO-BBQ.jpg.jpg?v=639100734517170000,,Papa Johns,16,Pizzas > Pizzas prearmadas > Pizzas Insignia,"Food, Beverages & Tobacco > Food Items"
1627,Pizza Hawaiana Pollo BBQ - Familiar Masa-tradicional Borde-queso Salsa-Pizza,"4, 8, 10 o 12 porciones. Todos son números de la suerte porque vas a disfrutar la Pizza Hawaiana Pollo BBQ , con tocineta, cebolla y salsa BBQ como base que llenan el corazón.",in stock,new,72200 COP,,https://www.papajohns.com.co/hawaiana-pollo-bbq-16/p?skuId=1627,https://papajohns.vteximg.com.br/arquivos/ids/159216-800-800/HAWAIANA-POLLO-BBQ.jpg.jpg?v=639100734517500000,,Papa Johns,16,Pizzas > Pizzas prearmadas > Pizzas Insignia,"Food, Beverages & Tobacco > Food Items"
1628,Pizza Hawaiana Pollo BBQ - Familiar Masa-tradicional Borde-queso Salsa-Ranch,"4, 8, 10 o 12 porciones. Todos son números de la suerte porque vas a disfrutar la Pizza Hawaiana Pollo BBQ , con tocineta, cebolla y salsa BBQ como base que llenan el corazón.",in stock,new,72200 COP,,https://www.papajohns.com.co/hawaiana-pollo-bbq-16/p?skuId=1628,https://papajohns.vteximg.com.br/arquivos/ids/159217-800-800/HAWAIANA-POLLO-BBQ.jpg.jpg?v=639100734517800000,,Papa Johns,16,Pizzas > Pizzas prearmadas > Pizzas Insignia,"Food, Beverages & Tobacco > Food Items"
1629,Pizza Hawaiana Pollo BBQ - Mega familar Masa-tradicional Borde-tradicional Salsa-BBQ,"4, 8, 10 o 12 porciones. Todos son números de la suerte porque vas a disfrutar la Pizza Hawaiana Pollo BBQ , con tocineta, cebolla y salsa BBQ como base que llenan el corazón.",in stock,new,71300 COP,,https://www.papajohns.com.co/hawaiana-pollo-bbq-16/p?skuId=1629,https://papajohns.vteximg.com.br/arquivos/ids/159218-800-800/HAWAIANA-POLLO-BBQ.jpg.jpg?v=639100734517970000,,Papa Johns,16,Pizzas > Pizzas prearmadas > Pizzas Insignia,"Food, Beverages & Tobacco > Food Items"
1630,Pizza Hawaiana Pollo BBQ - Mega familar Masa-tradicional Borde-tradicional Salsa-Pizza,"4, 8, 10 o 12 porciones. Todos son números de la suerte porque vas a disfrutar la Pizza Hawaiana Pollo BBQ , con tocineta, cebolla y salsa BBQ como base que llenan el corazón.",in stock,new,71300 COP,,https://www.papajohns.com.co/hawaiana-pollo-bbq-16/p?skuId=1630,https://papajohns.vteximg.com.br/arquivos/ids/159219-800-800/HAWAIANA-POLLO-BBQ.jpg.jpg?v=639100734518430000,,Papa Johns,16,Pizzas > Pizzas prearmadas > Pizzas Insignia,"Food, Beverages & Tobacco > Food Items"
1631,Pizza Hawaiana Pollo BBQ - Mega familar Masa-tradicional Borde-tradicional Salsa-Ranch,"4, 8, 10 o 12 porciones. Todos son números de la suerte porque vas a disfrutar la Pizza Hawaiana Pollo BBQ , con tocineta, cebolla y salsa BBQ como base que llenan el corazón.",in stock,new,71300 COP,,https://www.papajohns.com.co/hawaiana-pollo-bbq-16/p?skuId=1631,https://papajohns.vteximg.com.br/arquivos/ids/159220-800-800/HAWAIANA-POLLO-BBQ.jpg.jpg?v=639100734518930000,,Papa Johns,16,Pizzas > Pizzas prearmadas > Pizzas Insignia,"Food, Beverages & Tobacco > Food Items"
288,Pizza de Carnes - Familiar Masa-tradicional Borde-tradicional Salsa-Pizza,"La cita perfecta con los sabores emocionantes es con nuestra Pizza de Carnes. Deja que la salchicha de cerdo, tocineta, jamón y pepperoni te conquisten.",in stock,new,67500 COP,,https://www.papajohns.com.co/carnes-13/p?skuId=288,https://papajohns.vteximg.com.br/arquivos/ids/158354-800-800/CARNES.jpg.jpg?v=639008869451230000,,Papa Johns,13,Pizzas > Pizzas prearmadas > Pizzas Insignia,"Food, Beverages & Tobacco > Food Items"
1578,Pizza de Carnes - Familiar Masa-tradicional Borde-tradicional Salsa-Pizza,"La cita perfecta con los sabores emocionantes es con nuestra Pizza de Carnes. Deja que la salchicha de cerdo, tocineta, jamón y pepperoni te conquisten.",in stock,new,63300 COP,,https://www.papajohns.com.co/carnes-13/p?skuId=1578,https://papajohns.vteximg.com.br/arquivos/ids/158987-800-800/CARNES.jpg.jpg?v=639100702988770000,,Papa Johns,13,Pizzas > Pizzas prearmadas > Pizzas Insignia,"Food, Beverages & Tobacco > Food Items"
284,Pizza de Carnes - Mediana Masa-tradicional Borde-tradicional Salsa-Pizza,"La cita perfecta con los sabores emocionantes es con nuestra Pizza de Carnes. Deja que la salchicha de cerdo, tocineta, jamón y pepperoni te conquisten.",in stock,new,57500 COP,,https://www.papajohns.com.co/carnes-13/p?skuId=284,https://papajohns.vteximg.com.br/arquivos/ids/158968-800-800/CARNES.jpg.jpg?v=639100702984370000,,Papa Johns,13,Pizzas > Pizzas prearmadas > Pizzas Insignia,"Food, Beverages & Tobacco > Food Items"
1575,Pizza de Carnes - Mediana Masa-tradicional Borde-tradicional Salsa-Pizza,"La cita perfecta con los sabores emocionantes es con nuestra Pizza de Carnes. Deja que la salchicha de cerdo, tocineta, jamón y pepperoni te conquisten.",in stock,new,53300 COP,,https://www.papajohns.com.co/carnes-13/p?skuId=1575,https://papajohns.vteximg.com.br/arquivos/ids/158991-800-800/CARNES.jpg.jpg?v=639100702989870000,,Papa Johns,13,Pizzas > Pizzas prearmadas > Pizzas Insignia,"Food, Beverages & Tobacco > Food Items"
1963,Pizza de Carnes - Mediana Masa-tradicional Borde-queso Salsa-Pizza,"La cita perfecta con los sabores emocionantes es con nuestra Pizza de Carnes. Deja que la salchicha de cerdo, tocineta, jamón y pepperoni te conquisten.",in stock,new,71700 COP,,https://www.papajohns.com.co/carnes-13/p?skuId=1963,https://papajohns.vteximg.com.br/arquivos/ids/158958-800-800/CARNES.jpg.jpg?v=639100702981870000,,Papa Johns,13,Pizzas > Pizzas prearmadas > Pizzas Insignia,"Food, Beverages & Tobacco > Food Items"
1964,Pizza de Carnes - Mediana Masa-tradicional Borde-queso Salsa-BBQ,"La cita perfecta con los sabores emocionantes es con nuestra Pizza de Carnes. Deja que la salchicha de cerdo, tocineta, jamón y pepperoni te conquisten.",in stock,new,71700 COP,,https://www.papajohns.com.co/carnes-13/p?skuId=1964,https://papajohns.vteximg.com.br/arquivos/ids/158959-800-800/CARNES.jpg.jpg?v=639100702982200000,,Papa Johns,13,Pizzas > Pizzas prearmadas > Pizzas Insignia,"Food, Beverages & Tobacco > Food Items"
1965,Pizza de Carnes - Mediana Masa-tradicional Borde-queso Salsa-Ranch,"La cita perfecta con los sabores emocionantes es con nuestra Pizza de Carnes. Deja que la salchicha de cerdo, tocineta, jamón y pepperoni te conquisten.",in stock,new,71700 COP,,https://www.papajohns.com.co/carnes-13/p?skuId=1965,https://papajohns.vteximg.com.br/arquivos/ids/158960-800-800/CARNES.jpg.jpg?v=639100702982500000,,Papa Johns,13,Pizzas > Pizzas prearmadas > Pizzas Insignia,"Food, Beverages & Tobacco > Food Items"
1966,Pizza de Carnes - Mediana Masa-tradicional Borde-queso Salsa-Pizza,"La cita perfecta con los sabores emocionantes es con nuestra Pizza de Carnes. Deja que la salchicha de cerdo, tocineta, jamón y pepperoni te conquisten.",in stock,new,66200 COP,,https://www.papajohns.com.co/carnes-13/p?skuId=1966,https://papajohns.vteximg.com.br/arquivos/ids/158961-800-800/CARNES.jpg.jpg?v=639100702982500000,,Papa Johns,13,Pizzas > Pizzas prearmadas > Pizzas Insignia,"Food, Beverages & Tobacco > Food Items"
1967,Pizza de Carnes - Mediana Masa-tradicional Borde-queso Salsa-BBQ,"La cita perfecta con los sabores emocionantes es con nuestra Pizza de Carnes. Deja que la salchicha de cerdo, tocineta, jamón y pepperoni te conquisten.",in stock,new,66200 COP,,https://www.papajohns.com.co/carnes-13/p?skuId=1967,https://papajohns.vteximg.com.br/arquivos/ids/158962-800-800/CARNES.jpg.jpg?v=639100702982670000,,Papa Johns,13,Pizzas > Pizzas prearmadas > Pizzas Insignia,"Food, Beverages & Tobacco > Food Items"
1968,Pizza de Carnes - Mediana Masa-tradicional Borde-queso Salsa-Ranch,"La cita perfecta con los sabores emocionantes es con nuestra Pizza de Carnes. Deja que la salchicha de cerdo, tocineta, jamón y pepperoni te conquisten.",in stock,new,66200 COP,,https://www.papajohns.com.co/carnes-13/p?skuId=1968,https://papajohns.vteximg.com.br/arquivos/ids/158963-800-800/CARNES.jpg.jpg?v=639100702982800000,,Papa Johns,13,Pizzas > Pizzas prearmadas > Pizzas Insignia,"Food, Beverages & Tobacco > Food Items"
280,Pizza de Carnes - Personal Masa-tradicional Borde-tradicional Salsa-Pizza,"La cita perfecta con los sabores emocionantes es con nuestra Pizza de Carnes. Deja que la salchicha de cerdo, tocineta, jamón y pepperoni te conquisten.",in stock,new,44500 COP,,https://www.papajohns.com.co/carnes-13/p?skuId=280,https://papajohns.vteximg.com.br/arquivos/ids/158964-800-800/CARNES.jpg.jpg?v=639100702982970000,,Papa Johns,13,Pizzas > Pizzas prearmadas > Pizzas Insignia,"Food, Beverages & Tobacco > Food Items"
281,Pizza de Carnes - Personal Masa-tradicional Borde-tradicional Salsa-BBQ,"La cita perfecta con los sabores emocionantes es con nuestra Pizza de Carnes. Deja que la salchicha de cerdo, tocineta, jamón y pepperoni te conquisten.",in stock,new,44500 COP,,https://www.papajohns.com.co/carnes-13/p?skuId=281,https://papajohns.vteximg.com.br/arquivos/ids/158965-800-800/CARNES.jpg.jpg?v=639100702983270000,,Papa Johns,13,Pizzas > Pizzas prearmadas > Pizzas Insignia,"Food, Beverages & Tobacco > Food Items"
282,Pizza de Carnes - Personal Masa-tradicional Borde-tradicional Salsa-Ranch,"La cita perfecta con los sabores emocionantes es con nuestra Pizza de Carnes. Deja que la salchicha de cerdo, tocineta, jamón y pepperoni te conquisten.",in stock,new,44500 COP,,https://www.papajohns.com.co/carnes-13/p?skuId=282,https://papajohns.vteximg.com.br/arquivos/ids/158966-800-800/CARNES.jpg.jpg?v=639100702983600000,,Papa Johns,13,Pizzas > Pizzas prearmadas > Pizzas Insignia,"Food, Beverages & Tobacco > Food Items"
285,Pizza de Carnes - Mediana Masa-radicional Borde-tradicional Salsa-BBQ,"La cita perfecta con los sabores emocionantes es con nuestra Pizza de Carnes. Deja que la salchicha de cerdo, tocineta, jamón y pepperoni te conquisten.",in stock,new,57500 COP,,https://www.papajohns.com.co/carnes-13/p?skuId=285,https://papajohns.vteximg.com.br/arquivos/ids/158969-800-800/CARNES.jpg.jpg?v=639100702984700000,,Papa Johns,13,Pizzas > Pizzas prearmadas > Pizzas Insignia,"Food, Beverages & Tobacco > Food Items"
286,Pizza de Carnes - Mediana Masa-tradicional Borde-tradicional Salsa-Ranch,"La cita perfecta con los sabores emocionantes es con nuestra Pizza de Carnes. Deja que la salchicha de cerdo, tocineta, jamón y pepperoni te conquisten.",in stock,new,57500 COP,,https://www.papajohns.com.co/carnes-13/p?skuId=286,https://papajohns.vteximg.com.br/arquivos/ids/158970-800-800/CARNES.jpg.jpg?v=639100702984830000,,Papa Johns,13,Pizzas > Pizzas prearmadas > Pizzas Insignia,"Food, Beverages & Tobacco > Food Items"
289,Pizza de Carnes - Familiar Masa-tradicional Borde-tradicional Salsa-BBQ,"La cita perfecta con los sabores emocionantes es con nuestra Pizza de Carnes. Deja que la salchicha de cerdo, tocineta, jamón y pepperoni te conquisten.",in stock,new,67500 COP,,https://www.papajohns.com.co/carnes-13/p?skuId=289,https://papajohns.vteximg.com.br/arquivos/ids/158972-800-800/CARNES.jpg.jpg?v=639100702985470000,,Papa Johns,13,Pizzas > Pizzas prearmadas > Pizzas Insignia,"Food, Beverages & Tobacco > Food Items"
290,Pizza de Carnes - Familiar Masa-tradicional Borde-tradicional Salsa-Ranch,"La cita perfecta con los sabores emocionantes es con nuestra Pizza de Carnes. Deja que la salchicha de cerdo, tocineta, jamón y pepperoni te conquisten.",in stock,new,67500 COP,,https://www.papajohns.com.co/carnes-13/p?skuId=290,https://papajohns.vteximg.com.br/arquivos/ids/158973-800-800/CARNES.jpg.jpg?v=639100702985600000,,Papa Johns,13,Pizzas > Pizzas prearmadas > Pizzas Insignia,"Food, Beverages & Tobacco > Food Items"
292,Pizza de Carnes - Familiar Masa-tradicional Borde-queso Salsa-Pizza,"La cita perfecta con los sabores emocionantes es con nuestra Pizza de Carnes. Deja que la salchicha de cerdo, tocineta, jamón y pepperoni te conquisten.",in stock,new,81900 COP,,https://www.papajohns.com.co/carnes-13/p?skuId=292,https://papajohns.vteximg.com.br/arquivos/ids/158975-800-800/CARNES.jpg.jpg?v=639100702986130000,,Papa Johns,13,Pizzas > Pizzas prearmadas > Pizzas Insignia,"Food, Beverages & Tobacco > Food Items"
293,Pizza de Carnes - Familiar Masa-tradicional Borde-queso Salsa-BBQ,"La cita perfecta con los sabores emocionantes es con nuestra Pizza de Carnes. Deja que la salchicha de cerdo, tocineta, jamón y pepperoni te conquisten.",in stock,new,81900 COP,,https://www.papajohns.com.co/carnes-13/p?skuId=293,https://papajohns.vteximg.com.br/arquivos/ids/158976-800-800/CARNES.jpg.jpg?v=639100702986430000,,Papa Johns,13,Pizzas > Pizzas prearmadas > Pizzas Insignia,"Food, Beverages & Tobacco > Food Items"
294,Pizza de Carnes - Familiar Masa-tradicional Borde-queso Salsa-Ranch,"La cita perfecta con los sabores emocionantes es con nuestra Pizza de Carnes. Deja que la salchicha de cerdo, tocineta, jamón y pepperoni te conquisten.",in stock,new,81900 COP,,https://www.papajohns.com.co/carnes-13/p?skuId=294,https://papajohns.vteximg.com.br/arquivos/ids/158977-800-800/CARNES.jpg.jpg?v=639100702986600000,,Papa Johns,13,Pizzas > Pizzas prearmadas > Pizzas Insignia,"Food, Beverages & Tobacco > Food Items"
300,Pizza de Carnes - Mega familar Masa-tradicional Borde-tradicional Salsa-Pizza,"La cita perfecta con los sabores emocionantes es con nuestra Pizza de Carnes. Deja que la salchicha de cerdo, tocineta, jamón y pepperoni te conquisten.",in stock,new,79500 COP,,https://www.papajohns.com.co/carnes-13/p?skuId=300,https://papajohns.vteximg.com.br/arquivos/ids/158983-800-800/CARNES.jpg.jpg?v=639100702987870000,,Papa Johns,13,Pizzas > Pizzas prearmadas > Pizzas Insignia,"Food, Beverages & Tobacco > Food Items"
301,Pizza de Carnes - Mega familar Masa-tradicional Borde-tradicional Salsa-BBQ,"La cita perfecta con los sabores emocionantes es con nuestra Pizza de Carnes. Deja que la salchicha de cerdo, tocineta, jamón y pepperoni te conquisten.",in stock,new,79500 COP,,https://www.papajohns.com.co/carnes-13/p?skuId=301,https://papajohns.vteximg.com.br/arquivos/ids/158984-800-800/CARNES.jpg.jpg?v=639100702988030000,,Papa Johns,13,Pizzas > Pizzas prearmadas > Pizzas Insignia,"Food, Beverages & Tobacco > Food Items"
302,Pizza de Carnes - Mega familar Masa-tradicional Borde-tradicional Salsa-Ranch,"La cita perfecta con los sabores emocionantes es con nuestra Pizza de Carnes. Deja que la salchicha de cerdo, tocineta, jamón y pepperoni te conquisten.",in stock,new,79500 COP,,https://www.papajohns.com.co/carnes-13/p?skuId=302,https://papajohns.vteximg.com.br/arquivos/ids/158985-800-800/CARNES.jpg.jpg?v=639100702988330000,,Papa Johns,13,Pizzas > Pizzas prearmadas > Pizzas Insignia,"Food, Beverages & Tobacco > Food Items"
1572,Pizza de Carnes - Personal Masa-tradicional Borde-tradicional Salsa-Pizza,"La cita perfecta con los sabores emocionantes es con nuestra Pizza de Carnes. Deja que la salchicha de cerdo, tocineta, jamón y pepperoni te conquisten.",in stock,new,40300 COP,,https://www.papajohns.com.co/carnes-13/p?skuId=1572,https://papajohns.vteximg.com.br/arquivos/ids/158988-800-800/CARNES.jpg.jpg?v=639100702989070000,,Papa Johns,13,Pizzas > Pizzas prearmadas > Pizzas Insignia,"Food, Beverages & Tobacco > Food Items"
1573,Pizza de Carnes - Personal Masa-tradicional Borde-tradicional Salsa-BBQ,"La cita perfecta con los sabores emocionantes es con nuestra Pizza de Carnes. Deja que la salchicha de cerdo, tocineta, jamón y pepperoni te conquisten.",in stock,new,40300 COP,,https://www.papajohns.com.co/carnes-13/p?skuId=1573,https://papajohns.vteximg.com.br/arquivos/ids/158989-800-800/CARNES.jpg.jpg?v=639100702989230000,,Papa Johns,13,Pizzas > Pizzas prearmadas > Pizzas Insignia,"Food, Beverages & Tobacco > Food Items"
1574,Pizza de Carnes - Personal Masa-tradicional Borde-tradicional Salsa-Ranch,"La cita perfecta con los sabores emocionantes es con nuestra Pizza de Carnes. Deja que la salchicha de cerdo, tocineta, jamón y pepperoni te conquisten.",in stock,new,40300 COP,,https://www.papajohns.com.co/carnes-13/p?skuId=1574,https://papajohns.vteximg.com.br/arquivos/ids/158990-800-800/CARNES.jpg.jpg?v=639100702989530000,,Papa Johns,13,Pizzas > Pizzas prearmadas > Pizzas Insignia,"Food, Beverages & Tobacco > Food Items"
1576,Pizza de Carnes - Mediana Masa-radicional Borde-tradicional Salsa-BBQ,"La cita perfecta con los sabores emocionantes es con nuestra Pizza de Carnes. Deja que la salchicha de cerdo, tocineta, jamón y pepperoni te conquisten.",in stock,new,53300 COP,,https://www.papajohns.com.co/carnes-13/p?skuId=1576,https://papajohns.vteximg.com.br/arquivos/ids/158992-800-800/CARNES.jpg.jpg?v=639100702990170000,,Papa Johns,13,Pizzas > Pizzas prearmadas > Pizzas Insignia,"Food, Beverages & Tobacco > Food Items"
1577,Pizza de Carnes - Mediana Masa-tradicional Borde-tradicional Salsa-Ranch,"La cita perfecta con los sabores emocionantes es con nuestra Pizza de Carnes. Deja que la salchicha de cerdo, tocineta, jamón y pepperoni te conquisten.",in stock,new,53300 COP,,https://www.papajohns.com.co/carnes-13/p?skuId=1577,https://papajohns.vteximg.com.br/arquivos/ids/158993-800-800/CARNES.jpg.jpg?v=639100702990330000,,Papa Johns,13,Pizzas > Pizzas prearmadas > Pizzas Insignia,"Food, Beverages & Tobacco > Food Items"
1579,Pizza de Carnes - Familiar Masa-tradicional Borde-tradicional Salsa-BBQ,"La cita perfecta con los sabores emocionantes es con nuestra Pizza de Carnes. Deja que la salchicha de cerdo, tocineta, jamón y pepperoni te conquisten.",in stock,new,63300 COP,,https://www.papajohns.com.co/carnes-13/p?skuId=1579,https://papajohns.vteximg.com.br/arquivos/ids/158994-800-800/CARNES.jpg.jpg?v=639100702990630000,,Papa Johns,13,Pizzas > Pizzas prearmadas > Pizzas Insignia,"Food, Beverages & Tobacco > Food Items"
1580,Pizza de Carnes - Familiar Masa-tradicional Borde-tradicional Salsa-Ranch,"La cita perfecta con los sabores emocionantes es con nuestra Pizza de Carnes. Deja que la salchicha de cerdo, tocineta, jamón y pepperoni te conquisten.",in stock,new,63300 COP,,https://www.papajohns.com.co/carnes-13/p?skuId=1580,https://papajohns.vteximg.com.br/arquivos/ids/158995-800-800/CARNES.jpg.jpg?v=639100702990930000,,Papa Johns,13,Pizzas > Pizzas prearmadas > Pizzas Insignia,"Food, Beverages & Tobacco > Food Items"
1581,Pizza de Carnes - Familiar Masa-tradicional Borde-queso Salsa-Pizza,"La cita perfecta con los sabores emocionantes es con nuestra Pizza de Carnes. Deja que la salchicha de cerdo, tocineta, jamón y pepperoni te conquisten.",in stock,new,76200 COP,,https://www.papajohns.com.co/carnes-13/p?skuId=1581,https://papajohns.vteximg.com.br/arquivos/ids/158996-800-800/CARNES.jpg.jpg?v=639100702991100000,,Papa Johns,13,Pizzas > Pizzas prearmadas > Pizzas Insignia,"Food, Beverages & Tobacco > Food Items"
1582,Pizza de Carnes - Familiar Masa-tradicional Borde-queso Salsa-BBQ,"La cita perfecta con los sabores emocionantes es con nuestra Pizza de Carnes. Deja que la salchicha de cerdo, tocineta, jamón y pepperoni te conquisten.",in stock,new,76200 COP,,https://www.papajohns.com.co/carnes-13/p?skuId=1582,https://papajohns.vteximg.com.br/arquivos/ids/158997-800-800/CARNES.jpg.jpg?v=639100702991400000,,Papa Johns,13,Pizzas > Pizzas prearmadas > Pizzas Insignia,"Food, Beverages & Tobacco > Food Items"
1583,Pizza de Carnes - Familiar Masa-tradicional Borde-queso Salsa-Ranch,"La cita perfecta con los sabores emocionantes es con nuestra Pizza de Carnes. Deja que la salchicha de cerdo, tocineta, jamón y pepperoni te conquisten.",in stock,new,76200 COP,,https://www.papajohns.com.co/carnes-13/p?skuId=1583,https://papajohns.vteximg.com.br/arquivos/ids/158998-800-800/CARNES.jpg.jpg?v=639100702991730000,,Papa Johns,13,Pizzas > Pizzas prearmadas > Pizzas Insignia,"Food, Beverages & Tobacco > Food Items"
1584,Pizza de Carnes - Mega familar Masa-tradicional Borde-tradicional Salsa-Pizza,"La cita perfecta con los sabores emocionantes es con nuestra Pizza de Carnes. Deja que la salchicha de cerdo, tocineta, jamón y pepperoni te conquisten.",in stock,new,75300 COP,,https://www.papajohns.com.co/carnes-13/p?skuId=1584,https://papajohns.vteximg.com.br/arquivos/ids/158999-800-800/CARNES.jpg.jpg?v=639100702991900000,,Papa Johns,13,Pizzas > Pizzas prearmadas > Pizzas Insignia,"Food, Beverages & Tobacco > Food Items"
1585,Pizza de Carnes - Mega familar Masa-tradicional Borde-tradicional Salsa-BBQ,"La cita perfecta con los sabores emocionantes es con nuestra Pizza de Carnes. Deja que la salchicha de cerdo, tocineta, jamón y pepperoni te conquisten.",in stock,new,75300 COP,,https://www.papajohns.com.co/carnes-13/p?skuId=1585,https://papajohns.vteximg.com.br/arquivos/ids/159000-800-800/CARNES.jpg.jpg?v=639100702992030000,,Papa Johns,13,Pizzas > Pizzas prearmadas > Pizzas Insignia,"Food, Beverages & Tobacco > Food Items"
1586,Pizza de Carnes - Mega familar Masa-tradicional Borde-tradicional Salsa-Ranch,"La cita perfecta con los sabores emocionantes es con nuestra Pizza de Carnes. Deja que la salchicha de cerdo, tocineta, jamón y pepperoni te conquisten.",in stock,new,75300 COP,,https://www.papajohns.com.co/carnes-13/p?skuId=1586,https://papajohns.vteximg.com.br/arquivos/ids/159001-800-800/CARNES.jpg.jpg?v=639100702992200000,,Papa Johns,13,Pizzas > Pizzas prearmadas > Pizzas Insignia,"Food, Beverages & Tobacco > Food Items"
216,Pizza Italiana - Familiar Masa-tradicional Borde-tradicional Salsa-Pizza,"Pepperoni, salchicha italiana, aceitunas negras, champiñones y orégano. Sin dudas nuestras Pizza Italiana rinden tributo a una tradición que se disfruta. ¡Ordena la tuya!",in stock,new,61500 COP,,https://www.papajohns.com.co/italiana-10/p?skuId=216,https://papajohns.vteximg.com.br/arquivos/ids/158231-800-800/ITALIANA.jpg.jpg?v=639008856824370000,,Papa Johns,10,Pizzas > Pizzas prearmadas > Pizzas Insignia,"Food, Beverages & Tobacco > Food Items"
1533,Pizza Italiana - Familiar Masa-tradicional Borde-tradicional Salsa-Pizza,"Pepperoni, salchicha italiana, aceitunas negras, champiñones y orégano. Sin dudas nuestras Pizza Italiana rinden tributo a una tradición que se disfruta. ¡Ordena la tuya!",in stock,new,57300 COP,,https://www.papajohns.com.co/italiana-10/p?skuId=1533,https://papajohns.vteximg.com.br/arquivos/ids/159256-800-800/ITALIANA.jpg.jpg?v=639100741826500000,,Papa Johns,10,Pizzas > Pizzas prearmadas > Pizzas Insignia,"Food, Beverages & Tobacco > Food Items"
212,Pizza Italiana - Mediana Masa-tradicional Borde-tradicional Salsa-Pizza,"Pepperoni, salchicha italiana, aceitunas negras, champiñones y orégano. Sin dudas nuestras Pizza Italiana rinden tributo a una tradición que se disfruta. ¡Ordena la tuya!",in stock,new,50500 COP,,https://www.papajohns.com.co/italiana-10/p?skuId=212,https://papajohns.vteximg.com.br/arquivos/ids/159231-800-800/ITALIANA.jpg.jpg?v=639100741821770000,,Papa Johns,10,Pizzas > Pizzas prearmadas > Pizzas Insignia,"Food, Beverages & Tobacco > Food Items"
1530,Pizza Italiana - Mediana Masa-tradicional Borde-tradicional Salsa-Pizza,"Pepperoni, salchicha italiana, aceitunas negras, champiñones y orégano. Sin dudas nuestras Pizza Italiana rinden tributo a una tradición que se disfruta. ¡Ordena la tuya!",in stock,new,46300 COP,,https://www.papajohns.com.co/italiana-10/p?skuId=1530,https://papajohns.vteximg.com.br/arquivos/ids/159253-800-800/ITALIANA.jpg.jpg?v=639100741825930000,,Papa Johns,10,Pizzas > Pizzas prearmadas > Pizzas Insignia,"Food, Beverages & Tobacco > Food Items"
1933,Pizza Italiana - Mediana Masa-tradicional Borde-queso Salsa-Pizza,"Pepperoni, salchicha italiana, aceitunas negras, champiñones y orégano. Sin dudas nuestras Pizza Italiana rinden tributo a una tradición que se disfruta. ¡Ordena la tuya!",in stock,new,64700 COP,,https://www.papajohns.com.co/italiana-10/p?skuId=1933,https://papajohns.vteximg.com.br/arquivos/ids/159221-800-800/ITALIANA.jpg.jpg?v=639100741820200000,,Papa Johns,10,Pizzas > Pizzas prearmadas > Pizzas Insignia,"Food, Beverages & Tobacco > Food Items"
1934,Pizza Italiana - Mediana Masa-tradicional Borde-queso Salsa-BBQ,"Pepperoni, salchicha italiana, aceitunas negras, champiñones y orégano. Sin dudas nuestras Pizza Italiana rinden tributo a una tradición que se disfruta. ¡Ordena la tuya!",in stock,new,64700 COP,,https://www.papajohns.com.co/italiana-10/p?skuId=1934,https://papajohns.vteximg.com.br/arquivos/ids/159222-800-800/ITALIANA.jpg.jpg?v=639100741820500000,,Papa Johns,10,Pizzas > Pizzas prearmadas > Pizzas Insignia,"Food, Beverages & Tobacco > Food Items"
1935,Pizza Italiana - Mediana Masa-tradicional Borde-queso Salsa-Ranch,"Pepperoni, salchicha italiana, aceitunas negras, champiñones y orégano. Sin dudas nuestras Pizza Italiana rinden tributo a una tradición que se disfruta. ¡Ordena la tuya!",in stock,new,64700 COP,,https://www.papajohns.com.co/italiana-10/p?skuId=1935,https://papajohns.vteximg.com.br/arquivos/ids/159223-800-800/ITALIANA.jpg.jpg?v=639100741820500000,,Papa Johns,10,Pizzas > Pizzas prearmadas > Pizzas Insignia,"Food, Beverages & Tobacco > Food Items"
1936,Pizza Italiana - Mediana Masa-tradicional Borde-queso Salsa-Pizza,"Pepperoni, salchicha italiana, aceitunas negras, champiñones y orégano. Sin dudas nuestras Pizza Italiana rinden tributo a una tradición que se disfruta. ¡Ordena la tuya!",in stock,new,59200 COP,,https://www.papajohns.com.co/italiana-10/p?skuId=1936,https://papajohns.vteximg.com.br/arquivos/ids/159224-800-800/ITALIANA.jpg.jpg?v=639100741820670000,,Papa Johns,10,Pizzas > Pizzas prearmadas > Pizzas Insignia,"Food, Beverages & Tobacco > Food Items"
1937,Pizza Italiana - Mediana Masa-tradicional Borde-queso Salsa-BBQ,"Pepperoni, salchicha italiana, aceitunas negras, champiñones y orégano. Sin dudas nuestras Pizza Italiana rinden tributo a una tradición que se disfruta. ¡Ordena la tuya!",in stock,new,59200 COP,,https://www.papajohns.com.co/italiana-10/p?skuId=1937,https://papajohns.vteximg.com.br/arquivos/ids/159225-800-800/ITALIANA.jpg.jpg?v=639100741820670000,,Papa Johns,10,Pizzas > Pizzas prearmadas > Pizzas Insignia,"Food, Beverages & Tobacco > Food Items"
1938,Pizza Italiana - Mediana Masa-tradicional Borde-queso Salsa-Ranch,"Pepperoni, salchicha italiana, aceitunas negras, champiñones y orégano. Sin dudas nuestras Pizza Italiana rinden tributo a una tradición que se disfruta. ¡Ordena la tuya!",in stock,new,59200 COP,,https://www.papajohns.com.co/italiana-10/p?skuId=1938,https://papajohns.vteximg.com.br/arquivos/ids/159226-800-800/ITALIANA.jpg.jpg?v=639100741820800000,,Papa Johns,10,Pizzas > Pizzas prearmadas > Pizzas Insignia,"Food, Beverages & Tobacco > Food Items"
208,Pizza Italiana - Personal Masa-tradicional Borde-tradicional Salsa-Pizza,"Pepperoni, salchicha italiana, aceitunas negras, champiñones y orégano. Sin dudas nuestras Pizza Italiana rinden tributo a una tradición que se disfruta. ¡Ordena la tuya!",in stock,new,36500 COP,,https://www.papajohns.com.co/italiana-10/p?skuId=208,https://papajohns.vteximg.com.br/arquivos/ids/159227-800-800/ITALIANA.jpg.jpg?v=639100741820970000,,Papa Johns,10,Pizzas > Pizzas prearmadas > Pizzas Insignia,"Food, Beverages & Tobacco > Food Items"
209,Pizza Italiana - Personal Masa-tradicional Borde-tradicional Salsa-BBQ,"Pepperoni, salchicha italiana, aceitunas negras, champiñones y orégano. Sin dudas nuestras Pizza Italiana rinden tributo a una tradición que se disfruta. ¡Ordena la tuya!",in stock,new,36500 COP,,https://www.papajohns.com.co/italiana-10/p?skuId=209,https://papajohns.vteximg.com.br/arquivos/ids/159228-800-800/ITALIANA.jpg.jpg?v=639100741821130000,,Papa Johns,10,Pizzas > Pizzas prearmadas > Pizzas Insignia,"Food, Beverages & Tobacco > Food Items"
210,Pizza Italiana - Personal Masa-tradicional Borde-tradicional Salsa-Ranch,"Pepperoni, salchicha italiana, aceitunas negras, champiñones y orégano. Sin dudas nuestras Pizza Italiana rinden tributo a una tradición que se disfruta. ¡Ordena la tuya!",in stock,new,36500 COP,,https://www.papajohns.com.co/italiana-10/p?skuId=210,https://papajohns.vteximg.com.br/arquivos/ids/159229-800-800/ITALIANA.jpg.jpg?v=639100741821430000,,Papa Johns,10,Pizzas > Pizzas prearmadas > Pizzas Insignia,"Food, Beverages & Tobacco > Food Items"
213,Pizza Italiana - Mediana Masa-radicional Borde-tradicional Salsa-BBQ,"Pepperoni, salchicha italiana, aceitunas negras, champiñones y orégano. Sin dudas nuestras Pizza Italiana rinden tributo a una tradición que se disfruta. ¡Ordena la tuya!",in stock,new,50500 COP,,https://www.papajohns.com.co/italiana-10/p?skuId=213,https://papajohns.vteximg.com.br/arquivos/ids/159232-800-800/ITALIANA.jpg.jpg?v=639100741821900000,,Papa Johns,10,Pizzas > Pizzas prearmadas > Pizzas Insignia,"Food, Beverages & Tobacco > Food Items"
214,Pizza Italiana - Mediana Masa-tradicional Borde-tradicional Salsa-Ranch,"Pepperoni, salchicha italiana, aceitunas negras, champiñones y orégano. Sin dudas nuestras Pizza Italiana rinden tributo a una tradición que se disfruta. ¡Ordena la tuya!",in stock,new,50500 COP,,https://www.papajohns.com.co/italiana-10/p?skuId=214,https://papajohns.vteximg.com.br/arquivos/ids/159233-800-800/ITALIANA.jpg.jpg?v=639100741822200000,,Papa Johns,10,Pizzas > Pizzas prearmadas > Pizzas Insignia,"Food, Beverages & Tobacco > Food Items"
217,Pizza Italiana - Familiar Masa-tradicional Borde-tradicional Salsa-BBQ,"Pepperoni, salchicha italiana, aceitunas negras, champiñones y orégano. Sin dudas nuestras Pizza Italiana rinden tributo a una tradición que se disfruta. ¡Ordena la tuya!",in stock,new,61500 COP,,https://www.papajohns.com.co/italiana-10/p?skuId=217,https://papajohns.vteximg.com.br/arquivos/ids/159235-800-800/ITALIANA.jpg.jpg?v=639100741822570000,,Papa Johns,10,Pizzas > Pizzas prearmadas > Pizzas Insignia,"Food, Beverages & Tobacco > Food Items"
218,Pizza Italiana - Familiar Masa-tradicional Borde-tradicional Salsa-Ranch,"Pepperoni, salchicha italiana, aceitunas negras, champiñones y orégano. Sin dudas nuestras Pizza Italiana rinden tributo a una tradición que se disfruta. ¡Ordena la tuya!",in stock,new,61500 COP,,https://www.papajohns.com.co/italiana-10/p?skuId=218,https://papajohns.vteximg.com.br/arquivos/ids/159236-800-800/ITALIANA.jpg.jpg?v=639100741822770000,,Papa Johns,10,Pizzas > Pizzas prearmadas > Pizzas Insignia,"Food, Beverages & Tobacco > Food Items"
220,Pizza Italiana - Familiar Masa-tradicional Borde-queso Salsa-Pizza,"Pepperoni, salchicha italiana, aceitunas negras, champiñones y orégano. Sin dudas nuestras Pizza Italiana rinden tributo a una tradición que se disfruta. ¡Ordena la tuya!",in stock,new,75900 COP,,https://www.papajohns.com.co/italiana-10/p?skuId=220,https://papajohns.vteximg.com.br/arquivos/ids/159238-800-800/ITALIANA.jpg.jpg?v=639100741823170000,,Papa Johns,10,Pizzas > Pizzas prearmadas > Pizzas Insignia,"Food, Beverages & Tobacco > Food Items"
221,Pizza Italiana - Familiar Masa-tradicional Borde-queso Salsa-BBQ,"Pepperoni, salchicha italiana, aceitunas negras, champiñones y orégano. Sin dudas nuestras Pizza Italiana rinden tributo a una tradición que se disfruta. ¡Ordena la tuya!",in stock,new,75900 COP,,https://www.papajohns.com.co/italiana-10/p?skuId=221,https://papajohns.vteximg.com.br/arquivos/ids/159239-800-800/ITALIANA.jpg.jpg?v=639100741823400000,,Papa Johns,10,Pizzas > Pizzas prearmadas > Pizzas Insignia,"Food, Beverages & Tobacco > Food Items"
222,Pizza Italiana - Familiar Masa-tradicional Borde-queso Salsa-Ranch,"Pepperoni, salchicha italiana, aceitunas negras, champiñones y orégano. Sin dudas nuestras Pizza Italiana rinden tributo a una tradición que se disfruta. ¡Ordena la tuya!",in stock,new,75900 COP,,https://www.papajohns.com.co/italiana-10/p?skuId=222,https://papajohns.vteximg.com.br/arquivos/ids/159240-800-800/ITALIANA.jpg.jpg?v=639100741823600000,,Papa Johns,10,Pizzas > Pizzas prearmadas > Pizzas Insignia,"Food, Beverages & Tobacco > Food Items"
228,Pizza Italiana - Mega familar Masa-tradicional Borde-tradicional Salsa-Pizza,"Pepperoni, salchicha italiana, aceitunas negras, champiñones y orégano. Sin dudas nuestras Pizza Italiana rinden tributo a una tradición que se disfruta. ¡Ordena la tuya!",in stock,new,70500 COP,,https://www.papajohns.com.co/italiana-10/p?skuId=228,https://papajohns.vteximg.com.br/arquivos/ids/159246-800-800/ITALIANA.jpg.jpg?v=639100741824570000,,Papa Johns,10,Pizzas > Pizzas prearmadas > Pizzas Insignia,"Food, Beverages & Tobacco > Food Items"
229,Pizza Italiana - Mega familar Masa-tradicional Borde-tradicional Salsa-BBQ,"Pepperoni, salchicha italiana, aceitunas negras, champiñones y orégano. Sin dudas nuestras Pizza Italiana rinden tributo a una tradición que se disfruta. ¡Ordena la tuya!",in stock,new,70500 COP,,https://www.papajohns.com.co/italiana-10/p?skuId=229,https://papajohns.vteximg.com.br/arquivos/ids/159247-800-800/ITALIANA.jpg.jpg?v=639100741824730000,,Papa Johns,10,Pizzas > Pizzas prearmadas > Pizzas Insignia,"Food, Beverages & Tobacco > Food Items"
230,Pizza Italiana - Mega familar Masa-tradicional Borde-tradicional Salsa-Ranch,"Pepperoni, salchicha italiana, aceitunas negras, champiñones y orégano. Sin dudas nuestras Pizza Italiana rinden tributo a una tradición que se disfruta. ¡Ordena la tuya!",in stock,new,70500 COP,,https://www.papajohns.com.co/italiana-10/p?skuId=230,https://papajohns.vteximg.com.br/arquivos/ids/159248-800-800/ITALIANA.jpg.jpg?v=639100741825000000,,Papa Johns,10,Pizzas > Pizzas prearmadas > Pizzas Insignia,"Food, Beverages & Tobacco > Food Items"
1527,Pizza Italiana - Personal Masa-tradicional Borde-tradicional Salsa-Pizza,"Pepperoni, salchicha italiana, aceitunas negras, champiñones y orégano. Sin dudas nuestras Pizza Italiana rinden tributo a una tradición que se disfruta. ¡Ordena la tuya!",in stock,new,32300 COP,,https://www.papajohns.com.co/italiana-10/p?skuId=1527,https://papajohns.vteximg.com.br/arquivos/ids/159250-800-800/ITALIANA.jpg.jpg?v=639100741825300000,,Papa Johns,10,Pizzas > Pizzas prearmadas > Pizzas Insignia,"Food, Beverages & Tobacco > Food Items"
1528,Pizza Italiana - Personal Masa-tradicional Borde-tradicional Salsa-BBQ,"Pepperoni, salchicha italiana, aceitunas negras, champiñones y orégano. Sin dudas nuestras Pizza Italiana rinden tributo a una tradición que se disfruta. ¡Ordena la tuya!",in stock,new,32300 COP,,https://www.papajohns.com.co/italiana-10/p?skuId=1528,https://papajohns.vteximg.com.br/arquivos/ids/159251-800-800/ITALIANA.jpg.jpg?v=639100741825470000,,Papa Johns,10,Pizzas > Pizzas prearmadas > Pizzas Insignia,"Food, Beverages & Tobacco > Food Items"
1529,Pizza Italiana - Personal Masa-tradicional Borde-tradicional Salsa-Ranch,"Pepperoni, salchicha italiana, aceitunas negras, champiñones y orégano. Sin dudas nuestras Pizza Italiana rinden tributo a una tradición que se disfruta. ¡Ordena la tuya!",in stock,new,32300 COP,,https://www.papajohns.com.co/italiana-10/p?skuId=1529,https://papajohns.vteximg.com.br/arquivos/ids/159252-800-800/ITALIANA.jpg.jpg?v=639100741825600000,,Papa Johns,10,Pizzas > Pizzas prearmadas > Pizzas Insignia,"Food, Beverages & Tobacco > Food Items"
1531,Pizza Italiana - Mediana Masa-radicional Borde-tradicional Salsa-BBQ,"Pepperoni, salchicha italiana, aceitunas negras, champiñones y orégano. Sin dudas nuestras Pizza Italiana rinden tributo a una tradición que se disfruta. ¡Ordena la tuya!",in stock,new,46300 COP,,https://www.papajohns.com.co/italiana-10/p?skuId=1531,https://papajohns.vteximg.com.br/arquivos/ids/159254-800-800/ITALIANA.jpg.jpg?v=639100741826100000,,Papa Johns,10,Pizzas > Pizzas prearmadas > Pizzas Insignia,"Food, Beverages & Tobacco > Food Items"
1532,Pizza Italiana - Mediana Masa-tradicional Borde-tradicional Salsa-Ranch,"Pepperoni, salchicha italiana, aceitunas negras, champiñones y orégano. Sin dudas nuestras Pizza Italiana rinden tributo a una tradición que se disfruta. ¡Ordena la tuya!",in stock,new,46300 COP,,https://www.papajohns.com.co/italiana-10/p?skuId=1532,https://papajohns.vteximg.com.br/arquivos/ids/159255-800-800/ITALIANA.jpg.jpg?v=639100741826230000,,Papa Johns,10,Pizzas > Pizzas prearmadas > Pizzas Insignia,"Food, Beverages & Tobacco > Food Items"
1534,Pizza Italiana - Familiar Masa-tradicional Borde-tradicional Salsa-BBQ,"Pepperoni, salchicha italiana, aceitunas negras, champiñones y orégano. Sin dudas nuestras Pizza Italiana rinden tributo a una tradición que se disfruta. ¡Ordena la tuya!",in stock,new,57300 COP,,https://www.papajohns.com.co/italiana-10/p?skuId=1534,https://papajohns.vteximg.com.br/arquivos/ids/159257-800-800/ITALIANA.jpg.jpg?v=639100741826670000,,Papa Johns,10,Pizzas > Pizzas prearmadas > Pizzas Insignia,"Food, Beverages & Tobacco > Food Items"
1535,Pizza Italiana - Familiar Masa-tradicional Borde-tradicional Salsa-Ranch,"Pepperoni, salchicha italiana, aceitunas negras, champiñones y orégano. Sin dudas nuestras Pizza Italiana rinden tributo a una tradición que se disfruta. ¡Ordena la tuya!",in stock,new,57300 COP,,https://www.papajohns.com.co/italiana-10/p?skuId=1535,https://papajohns.vteximg.com.br/arquivos/ids/159258-800-800/ITALIANA.jpg.jpg?v=639100741826830000,,Papa Johns,10,Pizzas > Pizzas prearmadas > Pizzas Insignia,"Food, Beverages & Tobacco > Food Items"
1536,Pizza Italiana - Familiar Masa-tradicional Borde-queso Salsa-Pizza,"Pepperoni, salchicha italiana, aceitunas negras, champiñones y orégano. Sin dudas nuestras Pizza Italiana rinden tributo a una tradición que se disfruta. ¡Ordena la tuya!",in stock,new,70200 COP,,https://www.papajohns.com.co/italiana-10/p?skuId=1536,https://papajohns.vteximg.com.br/arquivos/ids/159259-800-800/ITALIANA.jpg.jpg?v=639100741826970000,,Papa Johns,10,Pizzas > Pizzas prearmadas > Pizzas Insignia,"Food, Beverages & Tobacco > Food Items"
1537,Pizza Italiana - Familiar Masa-tradicional Borde-queso Salsa-BBQ,"Pepperoni, salchicha italiana, aceitunas negras, champiñones y orégano. Sin dudas nuestras Pizza Italiana rinden tributo a una tradición que se disfruta. ¡Ordena la tuya!",in stock,new,70200 COP,,https://www.papajohns.com.co/italiana-10/p?skuId=1537,https://papajohns.vteximg.com.br/arquivos/ids/159260-800-800/ITALIANA.jpg.jpg?v=639100741827300000,,Papa Johns,10,Pizzas > Pizzas prearmadas > Pizzas Insignia,"Food, Beverages & Tobacco > Food Items"
1538,Pizza Italiana - Familiar Masa-tradicional Borde-queso Salsa-Ranch,"Pepperoni, salchicha italiana, aceitunas negras, champiñones y orégano. Sin dudas nuestras Pizza Italiana rinden tributo a una tradición que se disfruta. ¡Ordena la tuya!",in stock,new,70200 COP,,https://www.papajohns.com.co/italiana-10/p?skuId=1538,https://papajohns.vteximg.com.br/arquivos/ids/159261-800-800/ITALIANA.jpg.jpg?v=639100741827430000,,Papa Johns,10,Pizzas > Pizzas prearmadas > Pizzas Insignia,"Food, Beverages & Tobacco > Food Items"
1539,Pizza Italiana - Mega familar Masa-tradicional Borde-tradicional Salsa-Pizza,"Pepperoni, salchicha italiana, aceitunas negras, champiñones y orégano. Sin dudas nuestras Pizza Italiana rinden tributo a una tradición que se disfruta. ¡Ordena la tuya!",in stock,new,66300 COP,,https://www.papajohns.com.co/italiana-10/p?skuId=1539,https://papajohns.vteximg.com.br/arquivos/ids/159262-800-800/ITALIANA.jpg.jpg?v=639100741827600000,,Papa Johns,10,Pizzas > Pizzas prearmadas > Pizzas Insignia,"Food, Beverages & Tobacco > Food Items"
1540,Pizza Italiana - Mega familar Masa-tradicional Borde-tradicional Salsa-BBQ,"Pepperoni, salchicha italiana, aceitunas negras, champiñones y orégano. Sin dudas nuestras Pizza Italiana rinden tributo a una tradición que se disfruta. ¡Ordena la tuya!",in stock,new,66300 COP,,https://www.papajohns.com.co/italiana-10/p?skuId=1540,https://papajohns.vteximg.com.br/arquivos/ids/159263-800-800/ITALIANA.jpg.jpg?v=639100741827770000,,Papa Johns,10,Pizzas > Pizzas prearmadas > Pizzas Insignia,"Food, Beverages & Tobacco > Food Items"
1541,Pizza Italiana - Mega familar Masa-tradicional Borde-tradicional Salsa-Ranch,"Pepperoni, salchicha italiana, aceitunas negras, champiñones y orégano. Sin dudas nuestras Pizza Italiana rinden tributo a una tradición que se disfruta. ¡Ordena la tuya!",in stock,new,66300 COP,,https://www.papajohns.com.co/italiana-10/p?skuId=1541,https://papajohns.vteximg.com.br/arquivos/ids/159264-800-800/ITALIANA.jpg.jpg?v=639100741827900000,,Papa Johns,10,Pizzas > Pizzas prearmadas > Pizzas Insignia,"Food, Beverages & Tobacco > Food Items"
144,Pizza Pomodoro - Familiar Masa-tradicional Borde-tradicional Salsa-Pizza,De tradicional el nombre; pero nuestras Pizza Pomodoro son más de lo que te imaginas: tomates y orégano en perfecta armonía. ¿Las conoces?,in stock,new,55500 COP,,https://www.papajohns.com.co/pomodoro-7/p?skuId=144,https://papajohns.vteximg.com.br/arquivos/ids/158118-800-800/POMODORO.jpg.jpg?v=639008835662170000,,Papa Johns,7,Pizzas > Pizzas prearmadas > Pizzas Favoritas,"Food, Beverages & Tobacco > Food Items"
1488,Pizza Pomodoro - Familiar Masa-tradicional Borde-tradicional Salsa-Pizza,De tradicional el nombre; pero nuestras Pizza Pomodoro son más de lo que te imaginas: tomates y orégano en perfecta armonía. ¿Las conoces?,in stock,new,52300 COP,,https://www.papajohns.com.co/pomodoro-7/p?skuId=1488,https://papajohns.vteximg.com.br/arquivos/ids/159343-800-800/POMODORO.jpg.jpg?v=639101315890730000,,Papa Johns,7,Pizzas > Pizzas prearmadas > Pizzas Favoritas,"Food, Beverages & Tobacco > Food Items"
140,Pizza Pomodoro - Mediana Masa-tradicional Borde-tradicional Salsa-Pizza,De tradicional el nombre; pero nuestras Pizza Pomodoro son más de lo que te imaginas: tomates y orégano en perfecta armonía. ¿Las conoces?,in stock,new,46500 COP,,https://www.papajohns.com.co/pomodoro-7/p?skuId=140,https://papajohns.vteximg.com.br/arquivos/ids/159318-800-800/POMODORO.jpg.jpg?v=639101315886370000,,Papa Johns,7,Pizzas > Pizzas prearmadas > Pizzas Favoritas,"Food, Beverages & Tobacco > Food Items"
1485,Pizza Pomodoro - Mediana Masa-tradicional Borde-tradicional Salsa-Pizza,De tradicional el nombre; pero nuestras Pizza Pomodoro son más de lo que te imaginas: tomates y orégano en perfecta armonía. ¿Las conoces?,in stock,new,43300 COP,,https://www.papajohns.com.co/pomodoro-7/p?skuId=1485,https://papajohns.vteximg.com.br/arquivos/ids/159340-800-800/POMODORO.jpg.jpg?v=639101315890270000,,Papa Johns,7,Pizzas > Pizzas prearmadas > Pizzas Favoritas,"Food, Beverages & Tobacco > Food Items"
1915,Pizza Pomodoro - Mediana Masa-tradicional Borde-queso Salsa-Pizza,De tradicional el nombre; pero nuestras Pizza Pomodoro son más de lo que te imaginas: tomates y orégano en perfecta armonía. ¿Las conoces?,in stock,new,60700 COP,,https://www.papajohns.com.co/pomodoro-7/p?skuId=1915,https://papajohns.vteximg.com.br/arquivos/ids/159309-800-800/POMODORO.jpg.jpg?v=639101315884630000,,Papa Johns,7,Pizzas > Pizzas prearmadas > Pizzas Favoritas,"Food, Beverages & Tobacco > Food Items"
1916,Pizza Pomodoro - Mediana Masa-tradicional Borde-queso Salsa-BBQ,De tradicional el nombre; pero nuestras Pizza Pomodoro son más de lo que te imaginas: tomates y orégano en perfecta armonía. ¿Las conoces?,in stock,new,60700 COP,,https://www.papajohns.com.co/pomodoro-7/p?skuId=1916,https://papajohns.vteximg.com.br/arquivos/ids/159310-800-800/POMODORO.jpg.jpg?v=639101315884800000,,Papa Johns,7,Pizzas > Pizzas prearmadas > Pizzas Favoritas,"Food, Beverages & Tobacco > Food Items"
1917,Pizza Pomodoro - Mediana Masa-tradicional Borde-queso Salsa-Ranch,De tradicional el nombre; pero nuestras Pizza Pomodoro son más de lo que te imaginas: tomates y orégano en perfecta armonía. ¿Las conoces?,in stock,new,60700 COP,,https://www.papajohns.com.co/pomodoro-7/p?skuId=1917,https://papajohns.vteximg.com.br/arquivos/ids/159311-800-800/POMODORO.jpg.jpg?v=639101315885100000,,Papa Johns,7,Pizzas > Pizzas prearmadas > Pizzas Favoritas,"Food, Beverages & Tobacco > Food Items"
1918,Pizza Pomodoro - Mediana Masa-tradicional Borde-queso Salsa-Pizza,De tradicional el nombre; pero nuestras Pizza Pomodoro son más de lo que te imaginas: tomates y orégano en perfecta armonía. ¿Las conoces?,in stock,new,56200 COP,,https://www.papajohns.com.co/pomodoro-7/p?skuId=1918,https://papajohns.vteximg.com.br/arquivos/ids/159312-800-800/POMODORO.jpg.jpg?v=639101315885270000,,Papa Johns,7,Pizzas > Pizzas prearmadas > Pizzas Favoritas,"Food, Beverages & Tobacco > Food Items"
1919,Pizza Pomodoro - Mediana Masa-tradicional Borde-queso Salsa-BBQ,De tradicional el nombre; pero nuestras Pizza Pomodoro son más de lo que te imaginas: tomates y orégano en perfecta armonía. ¿Las conoces?,in stock,new,56200 COP,,https://www.papajohns.com.co/pomodoro-7/p?skuId=1919,https://papajohns.vteximg.com.br/arquivos/ids/159313-800-800/POMODORO.jpg.jpg?v=639101315885430000,,Papa Johns,7,Pizzas > Pizzas prearmadas > Pizzas Favoritas,"Food, Beverages & Tobacco > Food Items"
1920,Pizza Pomodoro - Mediana Masa-tradicional Borde-queso Salsa-Ranch,De tradicional el nombre; pero nuestras Pizza Pomodoro son más de lo que te imaginas: tomates y orégano en perfecta armonía. ¿Las conoces?,in stock,new,56200 COP,,https://www.papajohns.com.co/pomodoro-7/p?skuId=1920,https://papajohns.vteximg.com.br/arquivos/ids/159314-800-800/POMODORO.jpg.jpg?v=639101315885600000,,Papa Johns,7,Pizzas > Pizzas prearmadas > Pizzas Favoritas,"Food, Beverages & Tobacco > Food Items"
137,Pizza Pomodoro - Personal Masa-tradicional Borde-tradicional Salsa-Pizza,De tradicional el nombre; pero nuestras Pizza Pomodoro son más de lo que te imaginas: tomates y orégano en perfecta armonía. ¿Las conoces?,in stock,new,34500 COP,,https://www.papajohns.com.co/pomodoro-7/p?skuId=137,https://papajohns.vteximg.com.br/arquivos/ids/159315-800-800/POMODORO.jpg.jpg?v=639101315885730000,,Papa Johns,7,Pizzas > Pizzas prearmadas > Pizzas Favoritas,"Food, Beverages & Tobacco > Food Items"
138,Pizza Pomodoro - Personal Masa-tradicional Borde-tradicional Salsa-BBQ,De tradicional el nombre; pero nuestras Pizza Pomodoro son más de lo que te imaginas: tomates y orégano en perfecta armonía. ¿Las conoces?,in stock,new,34500 COP,,https://www.papajohns.com.co/pomodoro-7/p?skuId=138,https://papajohns.vteximg.com.br/arquivos/ids/159316-800-800/POMODORO.jpg.jpg?v=639101315886070000,,Papa Johns,7,Pizzas > Pizzas prearmadas > Pizzas Favoritas,"Food, Beverages & Tobacco > Food Items"
139,Pizza Pomodoro - Personal Masa-tradicional Borde-tradicional Salsa-Ranch,De tradicional el nombre; pero nuestras Pizza Pomodoro son más de lo que te imaginas: tomates y orégano en perfecta armonía. ¿Las conoces?,in stock,new,34500 COP,,https://www.papajohns.com.co/pomodoro-7/p?skuId=139,https://papajohns.vteximg.com.br/arquivos/ids/159317-800-800/POMODORO.jpg.jpg?v=639101315886200000,,Papa Johns,7,Pizzas > Pizzas prearmadas > Pizzas Favoritas,"Food, Beverages & Tobacco > Food Items"
141,Pizza Pomodoro - Mediana Masa-radicional Borde-tradicional Salsa-BBQ,De tradicional el nombre; pero nuestras Pizza Pomodoro son más de lo que te imaginas: tomates y orégano en perfecta armonía. ¿Las conoces?,in stock,new,46500 COP,,https://www.papajohns.com.co/pomodoro-7/p?skuId=141,https://papajohns.vteximg.com.br/arquivos/ids/159319-800-800/POMODORO.jpg.jpg?v=639101315886530000,,Papa Johns,7,Pizzas > Pizzas prearmadas > Pizzas Favoritas,"Food, Beverages & Tobacco > Food Items"
142,Pizza Pomodoro - Mediana Masa-tradicional Borde-tradicional Salsa-Ranch,De tradicional el nombre; pero nuestras Pizza Pomodoro son más de lo que te imaginas: tomates y orégano en perfecta armonía. ¿Las conoces?,in stock,new,46500 COP,,https://www.papajohns.com.co/pomodoro-7/p?skuId=142,https://papajohns.vteximg.com.br/arquivos/ids/159320-800-800/POMODORO.jpg.jpg?v=639101315886700000,,Papa Johns,7,Pizzas > Pizzas prearmadas > Pizzas Favoritas,"Food, Beverages & Tobacco > Food Items"
145,Pizza Pomodoro - Familiar Masa-tradicional Borde-tradicional Salsa-BBQ,De tradicional el nombre; pero nuestras Pizza Pomodoro son más de lo que te imaginas: tomates y orégano en perfecta armonía. ¿Las conoces?,in stock,new,55500 COP,,https://www.papajohns.com.co/pomodoro-7/p?skuId=145,https://papajohns.vteximg.com.br/arquivos/ids/159322-800-800/POMODORO.jpg.jpg?v=639101315887130000,,Papa Johns,7,Pizzas > Pizzas prearmadas > Pizzas Favoritas,"Food, Beverages & Tobacco > Food Items"
146,Pizza Pomodoro - Familiar Masa-tradicional Borde-tradicional Salsa-Ranch,De tradicional el nombre; pero nuestras Pizza Pomodoro son más de lo que te imaginas: tomates y orégano en perfecta armonía. ¿Las conoces?,in stock,new,55500 COP,,https://www.papajohns.com.co/pomodoro-7/p?skuId=146,https://papajohns.vteximg.com.br/arquivos/ids/159323-800-800/POMODORO.jpg.jpg?v=639101315887300000,,Papa Johns,7,Pizzas > Pizzas prearmadas > Pizzas Favoritas,"Food, Beverages & Tobacco > Food Items"
148,Pizza Pomodoro - Familiar Masa-tradicional Borde-queso Salsa-Pizza,De tradicional el nombre; pero nuestras Pizza Pomodoro son más de lo que te imaginas: tomates y orégano en perfecta armonía. ¿Las conoces?,in stock,new,69900 COP,,https://www.papajohns.com.co/pomodoro-7/p?skuId=148,https://papajohns.vteximg.com.br/arquivos/ids/159325-800-800/POMODORO.jpg.jpg?v=639101315887600000,,Papa Johns,7,Pizzas > Pizzas prearmadas > Pizzas Favoritas,"Food, Beverages & Tobacco > Food Items"
149,Pizza Pomodoro - Familiar Masa-tradicional Borde-queso Salsa-BBQ,De tradicional el nombre; pero nuestras Pizza Pomodoro son más de lo que te imaginas: tomates y orégano en perfecta armonía. ¿Las conoces?,in stock,new,69900 COP,,https://www.papajohns.com.co/pomodoro-7/p?skuId=149,https://papajohns.vteximg.com.br/arquivos/ids/159326-800-800/POMODORO.jpg.jpg?v=639101315887770000,,Papa Johns,7,Pizzas > Pizzas prearmadas > Pizzas Favoritas,"Food, Beverages & Tobacco > Food Items"
150,Pizza Pomodoro - Familiar Masa-tradicional Borde-queso Salsa-Ranch,De tradicional el nombre; pero nuestras Pizza Pomodoro son más de lo que te imaginas: tomates y orégano en perfecta armonía. ¿Las conoces?,in stock,new,69900 COP,,https://www.papajohns.com.co/pomodoro-7/p?skuId=150,https://papajohns.vteximg.com.br/arquivos/ids/159327-800-800/POMODORO.jpg.jpg?v=639101315887930000,,Papa Johns,7,Pizzas > Pizzas prearmadas > Pizzas Favoritas,"Food, Beverages & Tobacco > Food Items"
156,Pizza Pomodoro - Mega familar Masa-tradicional Borde-tradicional Salsa-Pizza,De tradicional el nombre; pero nuestras Pizza Pomodoro son más de lo que te imaginas: tomates y orégano en perfecta armonía. ¿Las conoces?,in stock,new,66500 COP,,https://www.papajohns.com.co/pomodoro-7/p?skuId=156,https://papajohns.vteximg.com.br/arquivos/ids/159333-800-800/POMODORO.jpg.jpg?v=639101315889030000,,Papa Johns,7,Pizzas > Pizzas prearmadas > Pizzas Favoritas,"Food, Beverages & Tobacco > Food Items"
157,Pizza Pomodoro - Mega familar Masa-tradicional Borde-tradicional Salsa-BBQ,De tradicional el nombre; pero nuestras Pizza Pomodoro son más de lo que te imaginas: tomates y orégano en perfecta armonía. ¿Las conoces?,in stock,new,66500 COP,,https://www.papajohns.com.co/pomodoro-7/p?skuId=157,https://papajohns.vteximg.com.br/arquivos/ids/159334-800-800/POMODORO.jpg.jpg?v=639101315889200000,,Papa Johns,7,Pizzas > Pizzas prearmadas > Pizzas Favoritas,"Food, Beverages & Tobacco > Food Items"
158,Pizza Pomodoro - Mega familar Masa-tradicional Borde-tradicional Salsa-Ranch,De tradicional el nombre; pero nuestras Pizza Pomodoro son más de lo que te imaginas: tomates y orégano en perfecta armonía. ¿Las conoces?,in stock,new,66500 COP,,https://www.papajohns.com.co/pomodoro-7/p?skuId=158,https://papajohns.vteximg.com.br/arquivos/ids/159335-800-800/POMODORO.jpg.jpg?v=639101315889330000,,Papa Johns,7,Pizzas > Pizzas prearmadas > Pizzas Favoritas,"Food, Beverages & Tobacco > Food Items"
1482,Pizza Pomodoro - Personal Masa-tradicional Borde-tradicional Salsa-Pizza,De tradicional el nombre; pero nuestras Pizza Pomodoro son más de lo que te imaginas: tomates y orégano en perfecta armonía. ¿Las conoces?,in stock,new,31300 COP,,https://www.papajohns.com.co/pomodoro-7/p?skuId=1482,https://papajohns.vteximg.com.br/arquivos/ids/159337-800-800/POMODORO.jpg.jpg?v=639101315889630000,,Papa Johns,7,Pizzas > Pizzas prearmadas > Pizzas Favoritas,"Food, Beverages & Tobacco > Food Items"
1483,Pizza Pomodoro - Personal Masa-tradicional Borde-tradicional Salsa-BBQ,De tradicional el nombre; pero nuestras Pizza Pomodoro son más de lo que te imaginas: tomates y orégano en perfecta armonía. ¿Las conoces?,in stock,new,31300 COP,,https://www.papajohns.com.co/pomodoro-7/p?skuId=1483,https://papajohns.vteximg.com.br/arquivos/ids/159338-800-800/POMODORO.jpg.jpg?v=639101315889800000,,Papa Johns,7,Pizzas > Pizzas prearmadas > Pizzas Favoritas,"Food, Beverages & Tobacco > Food Items"
1484,Pizza Pomodoro - Personal Masa-tradicional Borde-tradicional Salsa-Ranch,De tradicional el nombre; pero nuestras Pizza Pomodoro son más de lo que te imaginas: tomates y orégano en perfecta armonía. ¿Las conoces?,in stock,new,31300 COP,,https://www.papajohns.com.co/pomodoro-7/p?skuId=1484,https://papajohns.vteximg.com.br/arquivos/ids/159339-800-800/POMODORO.jpg.jpg?v=639101315890100000,,Papa Johns,7,Pizzas > Pizzas prearmadas > Pizzas Favoritas,"Food, Beverages & Tobacco > Food Items"
1486,Pizza Pomodoro - Mediana Masa-radicional Borde-tradicional Salsa-BBQ,De tradicional el nombre; pero nuestras Pizza Pomodoro son más de lo que te imaginas: tomates y orégano en perfecta armonía. ¿Las conoces?,in stock,new,43300 COP,,https://www.papajohns.com.co/pomodoro-7/p?skuId=1486,https://papajohns.vteximg.com.br/arquivos/ids/159341-800-800/POMODORO.jpg.jpg?v=639101315890430000,,Papa Johns,7,Pizzas > Pizzas prearmadas > Pizzas Favoritas,"Food, Beverages & Tobacco > Food Items"
1487,Pizza Pomodoro - Mediana Masa-tradicional Borde-tradicional Salsa-Ranch,De tradicional el nombre; pero nuestras Pizza Pomodoro son más de lo que te imaginas: tomates y orégano en perfecta armonía. ¿Las conoces?,in stock,new,43300 COP,,https://www.papajohns.com.co/pomodoro-7/p?skuId=1487,https://papajohns.vteximg.com.br/arquivos/ids/159342-800-800/POMODORO.jpg.jpg?v=639101315890600000,,Papa Johns,7,Pizzas > Pizzas prearmadas > Pizzas Favoritas,"Food, Beverages & Tobacco > Food Items"
1489,Pizza Pomodoro - Familiar Masa-tradicional Borde-tradicional Salsa-BBQ,De tradicional el nombre; pero nuestras Pizza Pomodoro son más de lo que te imaginas: tomates y orégano en perfecta armonía. ¿Las conoces?,in stock,new,52300 COP,,https://www.papajohns.com.co/pomodoro-7/p?skuId=1489,https://papajohns.vteximg.com.br/arquivos/ids/159344-800-800/POMODORO.jpg.jpg?v=639101315890900000,,Papa Johns,7,Pizzas > Pizzas prearmadas > Pizzas Favoritas,"Food, Beverages & Tobacco > Food Items"
1490,Pizza Pomodoro - Familiar Masa-tradicional Borde-tradicional Salsa-Ranch,De tradicional el nombre; pero nuestras Pizza Pomodoro son más de lo que te imaginas: tomates y orégano en perfecta armonía. ¿Las conoces?,in stock,new,52300 COP,,https://www.papajohns.com.co/pomodoro-7/p?skuId=1490,https://papajohns.vteximg.com.br/arquivos/ids/159345-800-800/POMODORO.jpg.jpg?v=639101315891200000,,Papa Johns,7,Pizzas > Pizzas prearmadas > Pizzas Favoritas,"Food, Beverages & Tobacco > Food Items"
1491,Pizza Pomodoro - Familiar Masa-tradicional Borde-queso Salsa-Pizza,De tradicional el nombre; pero nuestras Pizza Pomodoro son más de lo que te imaginas: tomates y orégano en perfecta armonía. ¿Las conoces?,in stock,new,65200 COP,,https://www.papajohns.com.co/pomodoro-7/p?skuId=1491,https://papajohns.vteximg.com.br/arquivos/ids/159346-800-800/POMODORO.jpg.jpg?v=639101315891370000,,Papa Johns,7,Pizzas > Pizzas prearmadas > Pizzas Favoritas,"Food, Beverages & Tobacco > Food Items"
1492,Pizza Pomodoro - Familiar Masa-tradicional Borde-queso Salsa-BBQ,De tradicional el nombre; pero nuestras Pizza Pomodoro son más de lo que te imaginas: tomates y orégano en perfecta armonía. ¿Las conoces?,in stock,new,65200 COP,,https://www.papajohns.com.co/pomodoro-7/p?skuId=1492,https://papajohns.vteximg.com.br/arquivos/ids/159347-800-800/POMODORO.jpg.jpg?v=639101315891530000,,Papa Johns,7,Pizzas > Pizzas prearmadas > Pizzas Favoritas,"Food, Beverages & Tobacco > Food Items"
1493,Pizza Pomodoro - Familiar Masa-tradicional Borde-queso Salsa-Ranch,De tradicional el nombre; pero nuestras Pizza Pomodoro son más de lo que te imaginas: tomates y orégano en perfecta armonía. ¿Las conoces?,in stock,new,65200 COP,,https://www.papajohns.com.co/pomodoro-7/p?skuId=1493,https://papajohns.vteximg.com.br/arquivos/ids/159348-800-800/POMODORO.jpg.jpg?v=639101315891700000,,Papa Johns,7,Pizzas > Pizzas prearmadas > Pizzas Favoritas,"Food, Beverages & Tobacco > Food Items"
1494,Pizza Pomodoro - Mega familar Masa-tradicional Borde-tradicional Salsa-Pizza,De tradicional el nombre; pero nuestras Pizza Pomodoro son más de lo que te imaginas: tomates y orégano en perfecta armonía. ¿Las conoces?,in stock,new,63300 COP,,https://www.papajohns.com.co/pomodoro-7/p?skuId=1494,https://papajohns.vteximg.com.br/arquivos/ids/159349-800-800/POMODORO.jpg.jpg?v=639101315891830000,,Papa Johns,7,Pizzas > Pizzas prearmadas > Pizzas Favoritas,"Food, Beverages & Tobacco > Food Items"
1495,Pizza Pomodoro - Mega familar Masa-tradicional Borde-tradicional Salsa-BBQ,De tradicional el nombre; pero nuestras Pizza Pomodoro son más de lo que te imaginas: tomates y orégano en perfecta armonía. ¿Las conoces?,in stock,new,63300 COP,,https://www.papajohns.com.co/pomodoro-7/p?skuId=1495,https://papajohns.vteximg.com.br/arquivos/ids/159350-800-800/POMODORO.jpg.jpg?v=639101315892130000,,Papa Johns,7,Pizzas > Pizzas prearmadas > Pizzas Favoritas,"Food, Beverages & Tobacco > Food Items"
1496,Pizza Pomodoro - Mega familar Masa-tradicional Borde-tradicional Salsa-Ranch,De tradicional el nombre; pero nuestras Pizza Pomodoro son más de lo que te imaginas: tomates y orégano en perfecta armonía. ¿Las conoces?,in stock,new,63300 COP,,https://www.papajohns.com.co/pomodoro-7/p?skuId=1496,https://papajohns.vteximg.com.br/arquivos/ids/159351-800-800/POMODORO.jpg.jpg?v=639101315892300000,,Papa Johns,7,Pizzas > Pizzas prearmadas > Pizzas Favoritas,"Food, Beverages & Tobacco > Food Items"
1975,Pizza por mitades - Mediana Masa-tradicional Borde-queso Salsa-Pizza,Arma tu pizza por mitades con los ingredientes que mas te gusten,in stock,new,14400 COP,,https://www.papajohns.com.co/pizza-por-mitades-1/p?skuId=1975,https://papajohns.vteximg.com.br/arquivos/ids/159352-800-800/Mediana-2-categorias-1200X628.jpg?v=639101318541770000,,Papa Johns,1,Pizzas > Pizzas por mitades,"Food, Beverages & Tobacco > Food Items"
1976,Pizza por mitades - Mediana Masa-tradicional Borde-queso Salsa-BBQ,Arma tu pizza por mitades con los ingredientes que mas te gusten,in stock,new,14400 COP,,https://www.papajohns.com.co/pizza-por-mitades-1/p?skuId=1976,https://papajohns.vteximg.com.br/arquivos/ids/159353-800-800/Mediana-2-categorias-1200X628.jpg?v=639101318542100000,,Papa Johns,1,Pizzas > Pizzas por mitades,"Food, Beverages & Tobacco > Food Items"
1977,Pizza por mitades - Mediana Masa-tradicional Borde-queso Salsa-Ranch,Arma tu pizza por mitades con los ingredientes que mas te gusten,in stock,new,14400 COP,,https://www.papajohns.com.co/pizza-por-mitades-1/p?skuId=1977,https://papajohns.vteximg.com.br/arquivos/ids/159354-800-800/Mediana-2-categorias-1200X628.jpg?v=639101318542230000,,Papa Johns,1,Pizzas > Pizzas por mitades,"Food, Beverages & Tobacco > Food Items"
1978,Pizza por mitades - Mediana Masa-tradicional Borde-queso Salsa-Pizza,Arma tu pizza por mitades con los ingredientes que mas te gusten,in stock,new,12900 COP,,https://www.papajohns.com.co/pizza-por-mitades-1/p?skuId=1978,https://papajohns.vteximg.com.br/arquivos/ids/159355-800-800/Mediana-2-categorias-1200X628.jpg?v=639101318542570000,,Papa Johns,1,Pizzas > Pizzas por mitades,"Food, Beverages & Tobacco > Food Items"
1979,Pizza por mitades - Mediana Masa-tradicional Borde-queso Salsa-BBQ,Arma tu pizza por mitades con los ingredientes que mas te gusten,in stock,new,12900 COP,,https://www.papajohns.com.co/pizza-por-mitades-1/p?skuId=1979,https://papajohns.vteximg.com.br/arquivos/ids/159356-800-800/Mediana-2-categorias-1200X628.jpg?v=639101318542700000,,Papa Johns,1,Pizzas > Pizzas por mitades,"Food, Beverages & Tobacco > Food Items"
1980,Pizza por mitades - Mediana Masa-tradicional Borde-queso Salsa-Ranch,Arma tu pizza por mitades con los ingredientes que mas te gusten,in stock,new,12900 COP,,https://www.papajohns.com.co/pizza-por-mitades-1/p?skuId=1980,https://papajohns.vteximg.com.br/arquivos/ids/159357-800-800/Mediana-2-categorias-1200X628.jpg?v=639101318542870000,,Papa Johns,1,Pizzas > Pizzas por mitades,"Food, Beverages & Tobacco > Food Items"
9,Pizza por mitades - Familiar Masa-tradicional Borde-queso Salsa-Pizza,Arma tu pizza por mitades con los ingredientes que mas te gusten,in stock,new,14400 COP,,https://www.papajohns.com.co/pizza-por-mitades-1/p?skuId=9,https://papajohns.vteximg.com.br/arquivos/ids/159365-800-800/Mediana-2-categorias-1200X628.jpg?v=639101318544270000,,Papa Johns,1,Pizzas > Pizzas por mitades,"Food, Beverages & Tobacco > Food Items"
10,Pizza por mitades - Familiar Masa-tradicional Borde-queso Salsa-BBQ,Arma tu pizza por mitades con los ingredientes que mas te gusten,in stock,new,14400 COP,,https://www.papajohns.com.co/pizza-por-mitades-1/p?skuId=10,https://papajohns.vteximg.com.br/arquivos/ids/159366-800-800/Mediana-2-categorias-1200X628.jpg?v=639101318544430000,,Papa Johns,1,Pizzas > Pizzas por mitades,"Food, Beverages & Tobacco > Food Items"
11,Pizza por mitades - Familiar Masa-tradicional Borde-queso Salsa-Ranch,Arma tu pizza por mitades con los ingredientes que mas te gusten,in stock,new,14400 COP,,https://www.papajohns.com.co/pizza-por-mitades-1/p?skuId=11,https://papajohns.vteximg.com.br/arquivos/ids/159367-800-800/Mediana-2-categorias-1200X628.jpg?v=639101318544600000,,Papa Johns,1,Pizzas > Pizzas por mitades,"Food, Beverages & Tobacco > Food Items"
1416,Pizza por mitades - Familiar Masa-tradicional Borde-queso Salsa-Pizza,Arma tu pizza por mitades con los ingredientes que mas te gusten,in stock,new,12900 COP,,https://www.papajohns.com.co/pizza-por-mitades-1/p?skuId=1416,https://papajohns.vteximg.com.br/arquivos/ids/159383-800-800/Mediana-2-categorias-1200X628.jpg?v=639101318547500000,,Papa Johns,1,Pizzas > Pizzas por mitades,"Food, Beverages & Tobacco > Food Items"
1417,Pizza por mitades - Familiar Masa-tradicional Borde-queso Salsa-BBQ,Arma tu pizza por mitades con los ingredientes que mas te gusten,in stock,new,12900 COP,,https://www.papajohns.com.co/pizza-por-mitades-1/p?skuId=1417,https://papajohns.vteximg.com.br/arquivos/ids/159384-800-800/Mediana-2-categorias-1200X628.jpg?v=639101318547670000,,Papa Johns,1,Pizzas > Pizzas por mitades,"Food, Beverages & Tobacco > Food Items"
1418,Pizza por mitades - Familiar Masa-tradicional Borde-queso Salsa-Ranch,Arma tu pizza por mitades con los ingredientes que mas te gusten,in stock,new,12900 COP,,https://www.papajohns.com.co/pizza-por-mitades-1/p?skuId=1418,https://papajohns.vteximg.com.br/arquivos/ids/159385-800-800/Mediana-2-categorias-1200X628.jpg?v=639101318547800000,,Papa Johns,1,Pizzas > Pizzas por mitades,"Food, Beverages & Tobacco > Food Items"
1866,Combo Pasta Jamón especial,"Pasta corta con Jamón y tocineta , queso mozzarella, con mezcla de salsa de ajo y bechamel con especias. Acompañada de dos knots de pan recién horneados. Con una bebida de coca cola de 400ml",in stock,new,33900 COP,,https://www.papajohns.com.co/combo-pasta-jamon-especial-239/p?skuId=1866,https://papajohns.vteximg.com.br/arquivos/ids/158849-800-800/COMBO-PASTA-JAMON-ESPECIAL-VTEX.jpg?v=639051824601000000,,Papa Johns,239,Lasagnas y Pastas > Combo Lasagnas y Pastas,"Food, Beverages & Tobacco > Food Items"
1392,Combo Sandwich Pizza Pollo BBQ,"Un Sandwich Pizza Pollo BBQ dividida en dos pedazos, acompañada de una gaseosa de 400 ml.",in stock,new,28900 COP,,https://www.papajohns.com.co/combo-sandwich-pizza-pollo-bbq-202/p?skuId=1392,https://papajohns.vteximg.com.br/arquivos/ids/159656-800-800/Combo SW pollo BBQ VTEX actualizado MAR 26.jpg?v=639105753359800000,,Papa Johns,202,Sandwich Pizza > Combo Sandwich Pizza,"Food, Beverages & Tobacco > Food Items"
1382,Combo Lasagna Pollo Champiñon,"Una lasaña irresistible con el toque perfecto: Pollo, champiñones y Coca-Cola para completar tu comida con el mejor sabor. ¡Disfrútala hoy mismo!",in stock,new,38900 COP,,https://www.papajohns.com.co/combo-lasagna-pollo-champinon-193/p?skuId=1382,https://papajohns.vteximg.com.br/arquivos/ids/159630-800-800/Combo LASAGNA pollo VTEX actualizado MAR 26.jpg?v=639105744395900000,,Papa Johns,193,Lasagnas y Pastas > Combo Lasagnas y Pastas,"Food, Beverages & Tobacco > Food Items"
1340,Lasagna The works,"Disfruta una irresistible lasaña con salsa pizza y bechamel, acompañada de pepperoni, salchicha italiana, jamón canadiense, cebolla, champiñones, pimentón verde y aceitunas negras. Incluye dos knots de pan recién horneados. ¡Ordénala ahora y saborea la combinación perfecta!",in stock,new,37500 COP,,https://www.papajohns.com.co/lasagna-182/p?skuId=1340,https://papajohns.vteximg.com.br/arquivos/ids/157837-800-800/THE-WORKS.jpg.jpg?v=639008980302300000,,Papa Johns,182,Lasagnas y Pastas,"Food, Beverages & Tobacco > Food Items"
1805,Lasagna The works,"Disfruta una irresistible lasaña con salsa pizza y bechamel, acompañada de pepperoni, salchicha italiana, jamón canadiense, cebolla, champiñones, pimentón verde y aceitunas negras. Incluye dos knots de pan recién horneados. ¡Ordénala ahora y saborea la combinación perfecta!",in stock,new,34400 COP,,https://www.papajohns.com.co/lasagna-182/p?skuId=1805,https://papajohns.vteximg.com.br/arquivos/ids/158778-800-800/THE-WORKS.jpg.jpg?v=639008980304330000,,Papa Johns,182,Lasagnas y Pastas,"Food, Beverages & Tobacco > Food Items"
1318,Pizza de Pepperoni - Mediana Masa-tradicional Borde-tradicional Salsa-Pizza,"Tenemos muchas razones para que pidas ya muchas Pizza de Pepperoni: exceso de ingredientes, recogida en tienda o domicilio rápido.",in stock,new,37040 COP,,https://www.papajohns.com.co/pizza-de-pepperoni-black-week-177/p?skuId=1318,https://papajohns.vteximg.com.br/arquivos/ids/159838-800-800/peperoni.png?v=639207908899700000,,Papa Johns,177,Pizzas > Pizzas prearmadas > Martes de Pizza,"Food, Beverages & Tobacco > Food Items"
1319,Pizza de Pepperoni - Mediana Masa-tradicional Borde-tradicional Salsa-BBQ,"Tenemos muchas razones para que pidas ya muchas Pizza de Pepperoni: exceso de ingredientes, recogida en tienda o domicilio rápido.",in stock,new,37040 COP,,https://www.papajohns.com.co/pizza-de-pepperoni-black-week-177/p?skuId=1319,https://papajohns.vteximg.com.br/arquivos/ids/159839-800-800/peperoni.png?v=639207908900500000,,Papa Johns,177,Pizzas > Pizzas prearmadas > Martes de Pizza,"Food, Beverages & Tobacco > Food Items"
1320,Pizza de Pepperoni - Mediana Masa-tradicional Borde-tradicional Salsa-Ranch,"Tenemos muchas razones para que pidas ya muchas Pizza de Pepperoni: exceso de ingredientes, recogida en tienda o domicilio rápido.",in stock,new,37040 COP,,https://www.papajohns.com.co/pizza-de-pepperoni-black-week-177/p?skuId=1320,https://papajohns.vteximg.com.br/arquivos/ids/159840-800-800/peperoni.png?v=639207908900800000,,Papa Johns,177,Pizzas > Pizzas prearmadas > Martes de Pizza,"Food, Beverages & Tobacco > Food Items"
1321,Pizza de Pepperoni - Familiar Masa-tradicional Borde-tradicional Salsa-Pizza,"Tenemos muchas razones para que pidas ya muchas Pizza de Pepperoni: exceso de ingredientes, recogida en tienda o domicilio rápido.",in stock,new,44240 COP,,https://www.papajohns.com.co/pizza-de-pepperoni-black-week-177/p?skuId=1321,https://papajohns.vteximg.com.br/arquivos/ids/159841-800-800/peperoni.png?v=639207908900970000,,Papa Johns,177,Pizzas > Pizzas prearmadas > Martes de Pizza,"Food, Beverages & Tobacco > Food Items"
1322,Pizza de Pepperoni - Familiar Masa-tradicional Borde-tradicional Salsa-BBQ,"Tenemos muchas razones para que pidas ya muchas Pizza de Pepperoni: exceso de ingredientes, recogida en tienda o domicilio rápido.",in stock,new,44240 COP,,https://www.papajohns.com.co/pizza-de-pepperoni-black-week-177/p?skuId=1322,https://papajohns.vteximg.com.br/arquivos/ids/159842-800-800/peperoni.png?v=639207908901270000,,Papa Johns,177,Pizzas > Pizzas prearmadas > Martes de Pizza,"Food, Beverages & Tobacco > Food Items"
1323,Pizza de Pepperoni - Familiar Masa-tradicional Borde-tradicional Salsa-Ranch,"Tenemos muchas razones para que pidas ya muchas Pizza de Pepperoni: exceso de ingredientes, recogida en tienda o domicilio rápido.",in stock,new,44240 COP,,https://www.papajohns.com.co/pizza-de-pepperoni-black-week-177/p?skuId=1323,https://papajohns.vteximg.com.br/arquivos/ids/157419-800-800/peperoni.png?v=638681361458670000,,Papa Johns,177,Pizzas > Pizzas prearmadas > Martes de Pizza,"Food, Beverages & Tobacco > Food Items"
2071,Pizza de Pepperoni - Mediana Masa-tradicional Borde-queso Salsa-Pizza,"Tenemos muchas razones para que pidas ya muchas Pizza de Pepperoni: exceso de ingredientes, recogida en tienda o domicilio rápido.",in stock,new,47840 COP,,https://www.papajohns.com.co/pizza-de-pepperoni-black-week-177/p?skuId=2071,https://papajohns.vteximg.com.br/arquivos/ids/159843-800-800/peperoni.png?v=639207908901730000,,Papa Johns,177,Pizzas > Pizzas prearmadas > Martes de Pizza,"Food, Beverages & Tobacco > Food Items"
2072,Pizza de Pepperoni - Mediana Masa-tradicional Borde-queso Salsa-BBQ,"Tenemos muchas razones para que pidas ya muchas Pizza de Pepperoni: exceso de ingredientes, recogida en tienda o domicilio rápido.",in stock,new,47840 COP,,https://www.papajohns.com.co/pizza-de-pepperoni-black-week-177/p?skuId=2072,https://papajohns.vteximg.com.br/arquivos/ids/159844-800-800/peperoni.png?v=639207908901900000,,Papa Johns,177,Pizzas > Pizzas prearmadas > Martes de Pizza,"Food, Beverages & Tobacco > Food Items"
2073,Pizza de Pepperoni - Mediana Masa-tradicional Borde-queso Salsa-Ranch,"Tenemos muchas razones para que pidas ya muchas Pizza de Pepperoni: exceso de ingredientes, recogida en tienda o domicilio rápido.",in stock,new,47840 COP,,https://www.papajohns.com.co/pizza-de-pepperoni-black-week-177/p?skuId=2073,https://papajohns.vteximg.com.br/arquivos/ids/159845-800-800/peperoni.png?v=639207908902070000,,Papa Johns,177,Pizzas > Pizzas prearmadas > Martes de Pizza,"Food, Beverages & Tobacco > Food Items"
2074,Pizza de Pepperoni - Familiar Masa-tradicional Borde-queso Salsa-Pizza,"Tenemos muchas razones para que pidas ya muchas Pizza de Pepperoni: exceso de ingredientes, recogida en tienda o domicilio rápido.",in stock,new,53040 COP,,https://www.papajohns.com.co/pizza-de-pepperoni-black-week-177/p?skuId=2074,https://papajohns.vteximg.com.br/arquivos/ids/159846-800-800/peperoni.png?v=639207908902200000,,Papa Johns,177,Pizzas > Pizzas prearmadas > Martes de Pizza,"Food, Beverages & Tobacco > Food Items"
2075,Pizza de Pepperoni - Familiar Masa-tradicional Borde-queso Salsa-BBQ,"Tenemos muchas razones para que pidas ya muchas Pizza de Pepperoni: exceso de ingredientes, recogida en tienda o domicilio rápido.",in stock,new,53040 COP,,https://www.papajohns.com.co/pizza-de-pepperoni-black-week-177/p?skuId=2075,https://papajohns.vteximg.com.br/arquivos/ids/159847-800-800/peperoni.png?v=639207908902370000,,Papa Johns,177,Pizzas > Pizzas prearmadas > Martes de Pizza,"Food, Beverages & Tobacco > Food Items"
2076,Pizza de Pepperoni - Familiar Masa-tradicional Borde-queso Salsa-Ranch,"Tenemos muchas razones para que pidas ya muchas Pizza de Pepperoni: exceso de ingredientes, recogida en tienda o domicilio rápido.",in stock,new,53040 COP,,https://www.papajohns.com.co/pizza-de-pepperoni-black-week-177/p?skuId=2076,https://papajohns.vteximg.com.br/arquivos/ids/159848-800-800/peperoni.png?v=639207908902530000,,Papa Johns,177,Pizzas > Pizzas prearmadas > Martes de Pizza,"Food, Beverages & Tobacco > Food Items"
1261,Combo #1 - Mediana Masa-tradicional Borde-tradicional Salsa-Pizza,"¡Acéptalo! Todo lo que quieres es nuestro Combo Pizza #1 con Garlic Knots , tiene los ingredientes que te gustan y sabores únicos.",in stock,new,63900 COP,,https://www.papajohns.com.co/combo-1-157/p?skuId=1261,https://papajohns.vteximg.com.br/arquivos/ids/159774-800-800/Combo--1-VTEX-actualizado-MAR-26.jpg?v=639207784611430000,,Papa Johns,157,Pizzas > Promociones,"Food, Beverages & Tobacco > Food Items"
1262,Combo #1 - Mediana Masa-tradicional Borde-tradicional Salsa-BBQ,"¡Acéptalo! Todo lo que quieres es nuestro Combo Pizza #1 con Garlic Knots , tiene los ingredientes que te gustan y sabores únicos.",in stock,new,63900 COP,,https://www.papajohns.com.co/combo-1-157/p?skuId=1262,https://papajohns.vteximg.com.br/arquivos/ids/159775-800-800/Combo--1-VTEX-actualizado-MAR-26.jpg?v=639207784611900000,,Papa Johns,157,Pizzas > Promociones,"Food, Beverages & Tobacco > Food Items"
1263,Combo #1 - Mediana Masa-tradicional Borde-tradicional Salsa-Ranch,"¡Acéptalo! Todo lo que quieres es nuestro Combo Pizza #1 con Garlic Knots , tiene los ingredientes que te gustan y sabores únicos.",in stock,new,63900 COP,,https://www.papajohns.com.co/combo-1-157/p?skuId=1263,https://papajohns.vteximg.com.br/arquivos/ids/159615-800-800/Combo--1-VTEX-actualizado-MAR-26.jpg?v=639105739792770000,,Papa Johns,157,Pizzas > Promociones,"Food, Beverages & Tobacco > Food Items"
2021,Combo #1 - Mediana Masa-tradicional Borde-queso Salsa-Pizza,"¡Acéptalo! Todo lo que quieres es nuestro Combo Pizza #1 con Garlic Knots , tiene los ingredientes que te gustan y sabores únicos.",in stock,new,78300 COP,,https://www.papajohns.com.co/combo-1-157/p?skuId=2021,https://papajohns.vteximg.com.br/arquivos/ids/159776-800-800/Combo--1-VTEX-actualizado-MAR-26.jpg?v=639207784614400000,,Papa Johns,157,Pizzas > Promociones,"Food, Beverages & Tobacco > Food Items"
2022,Combo #1 - Mediana Masa-tradicional Borde-queso Salsa-BBQ,"¡Acéptalo! Todo lo que quieres es nuestro Combo Pizza #1 con Garlic Knots , tiene los ingredientes que te gustan y sabores únicos.",in stock,new,78300 COP,,https://www.papajohns.com.co/combo-1-157/p?skuId=2022,https://papajohns.vteximg.com.br/arquivos/ids/159777-800-800/Combo--1-VTEX-actualizado-MAR-26.jpg?v=639207784614630000,,Papa Johns,157,Pizzas > Promociones,"Food, Beverages & Tobacco > Food Items"
2023,Combo #1 - Mediana Masa-tradicional Borde-queso Salsa-Ranch,"¡Acéptalo! Todo lo que quieres es nuestro Combo Pizza #1 con Garlic Knots , tiene los ingredientes que te gustan y sabores únicos.",in stock,new,78300 COP,,https://www.papajohns.com.co/combo-1-157/p?skuId=2023,https://papajohns.vteximg.com.br/arquivos/ids/159778-800-800/Combo--1-VTEX-actualizado-MAR-26.jpg?v=639207784614800000,,Papa Johns,157,Pizzas > Promociones,"Food, Beverages & Tobacco > Food Items"
1114,Pizza Masa Delgada Jamón Maíz - Familiar Masa-delgada Borde-tradicional Salsa-Pizza,Pizza Masa Delgada con Jamón y maíz **No incluye mantequilla de ajo ni sazonadores**,in stock,new,42500 COP,,https://www.papajohns.com.co/favorita-jamon-maiz-atc-137/p?skuId=1114,https://papajohns.vteximg.com.br/arquivos/ids/158632-800-800/03-Pizza-PlanA-Jamon-Maiz-v5--1-.png?v=639008924227600000,,Papa Johns,137,Pizzas > Pizzas prearmadas > Pizzas Favoritas,"Food, Beverages & Tobacco > Food Items"
1113,Pizza Masa Delgada Jamón Maíz - Mediana Masa-delgada Borde-tradicional Salsa-Pizza,Pizza Masa Delgada con Jamón y maíz **No incluye mantequilla de ajo ni sazonadores**,in stock,new,39500 COP,,https://www.papajohns.com.co/favorita-jamon-maiz-atc-137/p?skuId=1113,https://papajohns.vteximg.com.br/arquivos/ids/157158-800-800/03-Pizza-PlanA-Jamon-Maiz-v5--1-.png?v=638966201597900000,,Papa Johns,137,Pizzas > Pizzas prearmadas > Pizzas Favoritas,"Food, Beverages & Tobacco > Food Items"
1841,Pizza Masa Delgada Jamón Maíz - Familiar Masa-delgada Borde-tradicional Salsa-Pizza,Pizza Masa Delgada con Jamón y maíz **No incluye mantequilla de ajo ni sazonadores**,in stock,new,39900 COP,,https://www.papajohns.com.co/favorita-jamon-maiz-atc-137/p?skuId=1841,https://papajohns.vteximg.com.br/arquivos/ids/158634-800-800/03-Pizza-PlanA-Jamon-Maiz-v5--1-.png?v=639008924227770000,,Papa Johns,137,Pizzas > Pizzas prearmadas > Pizzas Favoritas,"Food, Beverages & Tobacco > Food Items"
1840,Pizza Masa Delgada Jamón Maíz - Mediana Masa-delgada Borde-tradicional Salsa-Pizza,Pizza Masa Delgada con Jamón y maíz **No incluye mantequilla de ajo ni sazonadores**,in stock,new,36900 COP,,https://www.papajohns.com.co/favorita-jamon-maiz-atc-137/p?skuId=1840,https://papajohns.vteximg.com.br/arquivos/ids/158633-800-800/03-Pizza-PlanA-Jamon-Maiz-v5--1-.png?v=639008924227600000,,Papa Johns,137,Pizzas > Pizzas prearmadas > Pizzas Favoritas,"Food, Beverages & Tobacco > Food Items"
587,Cerveza Aguila Lata 330 ml - Cerveza Águila 330 ml,Cerveza Aguila Lata 330 mL,in stock,new,9500 COP,,https://www.papajohns.com.co/cerveza-aguila-lt-330-ml-63/p?skuId=587,https://papajohns.vteximg.com.br/arquivos/ids/157117-800-800/AGUILA.jpg?v=638194357830200000,,Papa Johns,63,Bebidas > Cervezas,"Food, Beverages & Tobacco > Beverages"
1691,Cerveza Aguila Lata 330 ml - Cerveza Águila 330 ml,Cerveza Aguila Lata 330 mL,in stock,new,8800 COP,,https://www.papajohns.com.co/cerveza-aguila-lt-330-ml-63/p?skuId=1691,https://papajohns.vteximg.com.br/arquivos/ids/158620-800-800/AGUILA.jpg?v=639008918529600000,,Papa Johns,63,Bebidas > Cervezas,"Food, Beverages & Tobacco > Beverages"
585,Kola Roman 400 ml,Acompaña tu Papa Johns con tu bebida favorita,in stock,new,6900 COP,,https://www.papajohns.com.co/kola-roman-400-ml-62/p?skuId=585,https://papajohns.vteximg.com.br/arquivos/ids/159946-800-800/7702609006508_0.jpg?v=639255978124570000,,Papa Johns,62,Bebidas > Gaseosas,"Food, Beverages & Tobacco > Beverages"
1690,Kola Roman 400 ml,Acompaña tu Papa Johns con tu bebida favorita,in stock,new,6400 COP,,https://www.papajohns.com.co/kola-roman-400-ml-62/p?skuId=1690,https://papajohns.vteximg.com.br/arquivos/ids/159947-800-800/7702609006508_0.jpg?v=639255978305030000,,Papa Johns,62,Bebidas > Gaseosas,"Food, Beverages & Tobacco > Beverages"
565,Fuze Tea 400 ml - Fuze Tea Limón 400ml,"Disfrútalo en 4 deliciosos sabores: Limón, Mango Manzanilla, Manzana Limonaria y Durazno.",in stock,new,7000 COP,,https://www.papajohns.com.co/fuze-tea-400-ml-54/p?skuId=565,https://papajohns.vteximg.com.br/arquivos/ids/159948-800-800/7702535014240_0.jpg?v=639255980659770000,,Papa Johns,54,Bebidas > Aguas y Fuze Tea,"Food, Beverages & Tobacco > Beverages"
566,Fuze Tea 400 ml - Fuze Tea Mango Manzanilla 400ml,"Disfrútalo en 4 deliciosos sabores: Limón, Mango Manzanilla, Manzana Limonaria y Durazno.",in stock,new,7000 COP,,https://www.papajohns.com.co/fuze-tea-400-ml-54/p?skuId=566,https://papajohns.vteximg.com.br/arquivos/ids/159950-800-800/7702535018651_0.jpg?v=639255981286230000,,Papa Johns,54,Bebidas > Aguas y Fuze Tea,"Food, Beverages & Tobacco > Beverages"
567,Fuze Tea 400 ml - Fuze Tea Manzana Limonaria 400ml,"Disfrútalo en 4 deliciosos sabores: Limón, Mango Manzanilla, Manzana Limonaria y Durazno.",in stock,new,7000 COP,,https://www.papajohns.com.co/fuze-tea-400-ml-54/p?skuId=567,https://papajohns.vteximg.com.br/arquivos/ids/159952-800-800/7702535016688_0.jpg?v=639255982897170000,,Papa Johns,54,Bebidas > Aguas y Fuze Tea,"Food, Beverages & Tobacco > Beverages"
568,Fuze Tea 400 ml - Fuze Tea Durazno 400ml,"Disfrútalo en 4 deliciosos sabores: Limón, Mango Manzanilla, Manzana Limonaria y Durazno.",in stock,new,7000 COP,,https://www.papajohns.com.co/fuze-tea-400-ml-54/p?skuId=568,https://papajohns.vteximg.com.br/arquivos/ids/159954-800-800/7702535014233_0.jpg?v=639255983505900000,,Papa Johns,54,Bebidas > Aguas y Fuze Tea,"Food, Beverages & Tobacco > Beverages"
1678,Fuze Tea 400 ml - Fuze Tea Limón 400ml,"Disfrútalo en 4 deliciosos sabores: Limón, Mango Manzanilla, Manzana Limonaria y Durazno.",in stock,new,6500 COP,,https://www.papajohns.com.co/fuze-tea-400-ml-54/p?skuId=1678,https://papajohns.vteximg.com.br/arquivos/ids/159949-800-800/7702535014240_0.jpg?v=639255980814900000,,Papa Johns,54,Bebidas > Aguas y Fuze Tea,"Food, Beverages & Tobacco > Beverages"
1679,Fuze Tea 400 ml - Fuze Tea Mango Manzanilla 400ml,"Disfrútalo en 4 deliciosos sabores: Limón, Mango Manzanilla, Manzana Limonaria y Durazno.",in stock,new,6500 COP,,https://www.papajohns.com.co/fuze-tea-400-ml-54/p?skuId=1679,https://papajohns.vteximg.com.br/arquivos/ids/159951-800-800/7702535018651_0.jpg?v=639255981440330000,,Papa Johns,54,Bebidas > Aguas y Fuze Tea,"Food, Beverages & Tobacco > Beverages"
1680,Fuze Tea 400 ml - Fuze Tea Manzana Limonaria 400ml,"Disfrútalo en 4 deliciosos sabores: Limón, Mango Manzanilla, Manzana Limonaria y Durazno.",in stock,new,6500 COP,,https://www.papajohns.com.co/fuze-tea-400-ml-54/p?skuId=1680,https://papajohns.vteximg.com.br/arquivos/ids/159953-800-800/7702535016688_0.jpg?v=639255983043170000,,Papa Johns,54,Bebidas > Aguas y Fuze Tea,"Food, Beverages & Tobacco > Beverages"
1681,Fuze Tea 400 ml - Fuze Tea Durazno 400ml,"Disfrútalo en 4 deliciosos sabores: Limón, Mango Manzanilla, Manzana Limonaria y Durazno.",in stock,new,6500 COP,,https://www.papajohns.com.co/fuze-tea-400-ml-54/p?skuId=1681,https://papajohns.vteximg.com.br/arquivos/ids/159955-800-800/7702535014233_0.jpg?v=639255983661900000,,Papa Johns,54,Bebidas > Aguas y Fuze Tea,"Food, Beverages & Tobacco > Beverages"
559,Galletas Chips de Chocolate - Galleta chips chocolate,"Galletas Chips de Chocolate . Con solo leer su nombre tu antojo se despierta, ¡cálmalo con una orden que incluya muchas! Están listas en minutos.",in stock,new,36800 COP,,https://www.papajohns.com.co/galleta-chips-chocolate-49/p?skuId=559,https://papajohns.vteximg.com.br/arquivos/ids/157491-800-800/MEGA-COOKIE.jpg.jpg?v=639008904017700000,,Papa Johns,49,Postres,"Food, Beverages & Tobacco > Food Items"
1672,Galletas Chips de Chocolate - Galleta chips chocolate,"Galletas Chips de Chocolate . Con solo leer su nombre tu antojo se despierta, ¡cálmalo con una orden que incluya muchas! Están listas en minutos.",in stock,new,34800 COP,,https://www.papajohns.com.co/galleta-chips-chocolate-49/p?skuId=1672,https://papajohns.vteximg.com.br/arquivos/ids/158593-800-800/MEGA-COOKIE.jpg.jpg?v=639008904018500000,,Papa Johns,49,Postres,"Food, Beverages & Tobacco > Food Items"
558,Pie de arequipe y guayaba - Guayaba Queso,"Una de las mejores cosas que hacemos en la vida está aquí, es la Pie de arequipe y guayaba . Te encantará un montón.",in stock,new,26900 COP,,https://www.papajohns.com.co/pie-de-arequipe-y-guayaba-48/p?skuId=558,https://papajohns.vteximg.com.br/arquivos/ids/158610-800-800/PIE-DE-AREQUIPE---GUAYABA.jpg.jpg?v=639008914521600000,,Papa Johns,48,Postres > Pie Arequipe,"Food, Beverages & Tobacco > Food Items"
1671,Pie de arequipe y guayaba - Guayaba Queso,"Una de las mejores cosas que hacemos en la vida está aquí, es la Pie de arequipe y guayaba . Te encantará un montón.",in stock,new,23800 COP,,https://www.papajohns.com.co/pie-de-arequipe-y-guayaba-48/p?skuId=1671,https://papajohns.vteximg.com.br/arquivos/ids/158612-800-800/PIE-DE-AREQUIPE---GUAYABA.jpg.jpg?v=639008914523570000,,Papa Johns,48,Postres > Pie Arequipe,"Food, Beverages & Tobacco > Food Items"
