id,title,description,link,image_link,additional_image_link,price,sale_price,availability,condition,brand,item_group_id,product_type,google_product_category
91,Nutrecat Gourmet atun camaron Hum 85g,"Alimento completo 100% natural, elaborado sin subproductos animales, para gatitos destetados a partir de los 2 meses de edad y gatos adultos de todas las razas y tamaños. Nutrecat Gourmet, posee el más exquisito sabor y una textura de trocitos de Atún con Camarón o Pargo, que le aporta al gato todo lo que necesita para mantener su vitalidad. Su contenido calórico está balanceado para aportar una cantidad suficiente de energía a la vez que contribuye a que el gato mantenga su peso ideal. La fórmula fue diseñada para favorecer la salud del sistema urinario, dado que reduce la concentración de minerales que pueden favorecer la formación de cálculos urinarios. Posee una textura de trocitos de Atún con Camarón o Pargo, aportándole al gato adulto todo lo que necesita para mantener su vitalidad y brindándole al mismo tiempo, los nutrientes específicos necesarios para el mantenimiento y renovación de un manto saludable. Este producto viene en una presentación de 85g y es ideal para todas las razas y edades.",https://www.plazacampo.com/nutrecat-gourmet-atun-camaron-hum24x85g-1-jpg/p?skuId=91,https://b2csolla.vteximg.com.br/arquivos/ids/4381809-1000-1500/Nutrecat-Gourmet-atun-camaron-Hum-85g.jpg?v=639222374342100000,https://b2csolla.vteximg.com.br/arquivos/ids/4381985-1000-1500/Nutrecat-Gourmet-atun-camaron-Hum-85g.jpg?v=639222374343800000,5400 COP,,in stock,new,Nutrecat,91,Gatos > Nutrecat > Alimento húmedo,Animals & Pet Supplies > Pet Supplies > Cat Supplies
90,Nutrecat Gourmet atun y pargo Hum 85g,"Alimento completo 100% natural, elaborado sin subproductos animales, para gatitos destetados a partir de los 2 meses de edad y gatos adultos de todas las razas y tamaños. Nutrecat Gourmet, posee el más exquisito sabor y una textura de trocitos de Atún con Camarón o Pargo, que le aporta al gato todo lo que necesita para mantener su vitalidad. Su contenido calórico está balanceado para aportar una cantidad suficiente de energía a la vez que contribuye a que el gato mantenga su peso ideal. La fórmula fue diseñada para favorecer la salud del sistema urinario, dado que reduce la concentración de minerales que pueden favorecer la formación de cálculos urinarios. Posee una textura de trocitos de Atún con Camarón o Pargo, aportándole al gato adulto todo lo que necesita para mantener su vitalidad y brindándole al mismo tiempo, los nutrientes específicos necesarios para el mantenimiento y renovación de un manto saludable. Este producto viene en una presentación de 85g y es ideal para todas las razas y edades.",https://www.plazacampo.com/nutrecat-gourmet-atun-y-pargo-hum-24x85g-1-jpg/p?skuId=90,https://b2csolla.vteximg.com.br/arquivos/ids/4381806-1000-1500/Nutrecat-Gourmet-atun-y-pargo-Hum-85g.jpg?v=639123770850600000,https://b2csolla.vteximg.com.br/arquivos/ids/4381982-1000-1500/Nutrecat-Gourmet-atun-y-pargo-Hum-85g.jpg?v=639123851966630000,5400 COP,,in stock,new,Nutrecat,90,Gatos > Nutrecat > Alimento húmedo,Animals & Pet Supplies > Pet Supplies > Cat Supplies
36815,Lucky Cuidado Articular 8Kg,"Lucky Cuidado Articular es una fórmula avanzada diseñada para proteger, fortalecer y mantener saludables las articulaciones de tu mascota, especialmente en etapas adultas o con alta actividad física. Elaborado con salmón y huevo, fuentes naturales de proteínas de alto valor biológico que nutren los músculos y tendones, ayudando a conservar la fuerza y agilidad. Su contenido de triptófano contribuye a reducir el dolor articular y mejorar el bienestar general. Además, está enriquecido con colágeno hidrolizado, glucosamina y condroitina, ingredientes esenciales que preservan la estructura de las articulaciones, promueven la regeneración del cartílago y previenen el desgaste provocado por la edad o el ejercicio intenso. Con Lucky Cuidado Articular, cada paso de tu mascota será más fuerte, ágil y sin dolor. Porque su bienestar comienza desde adentro.",https://www.plazacampo.com/lucky-cuidado-articular-ext-8-kg-1/p?skuId=36815,https://b2csolla.vteximg.com.br/arquivos/ids/4379280-1000-1500/Lucky-Cuidado-Articular-8Kg.webp?v=639255937642900000,"https://b2csolla.vteximg.com.br/arquivos/ids/4379283-1000-1500/Lucky-Cuidado-Articular-8Kg.webp?v=639255937644800000,https://b2csolla.vteximg.com.br/arquivos/ids/4379284-1000-1500/Lucky-Cuidado-Articular-8Kg.webp?v=639255937646000000,https://b2csolla.vteximg.com.br/arquivos/ids/4379278-1000-1500/Lucky-Cuidado-Articular-8Kg.webp?v=639255937647400000",135200 COP,,in stock,new,Lucky Perros,346,Perros > Lucky Perros > Senior,Animals & Pet Supplies > Pet Supplies > Dog Supplies
36795,Lucky Hipoalergénico 2Kg,"Nutrición High Premium Natural para Piel Sensible y Digestión Delicada. Lucky Hipoalergénico es un alimento high premium de alta tolerancia, diseñado para gatos con alergias, piel sensible o intolerancias alimentarias, ofreciendo protección desde el interior con ingredientes altamente funcionales. Beneficios funcionales: Con hígado de pollo hidrolizado, proteína de absorción superior. Con algas y linaza, fuente natural de Omega 3. Única fuente de proteína, ideal para dietas de exclusión. Ayuda a disminuir la picazón, fortalecer la piel y mejorar el pelaje. Ideal para: gatos con sensibilidad cutánea, digestiva o alergias alimentarias.",https://www.plazacampo.com/lucky-hipoalergenico-ext-8x2kg-1/p?skuId=36795,https://b2csolla.vteximg.com.br/arquivos/ids/4380860-1000-1500/Lucky-Hipoalergenico-2Kg.jpg?v=639243756601400000,"https://b2csolla.vteximg.com.br/arquivos/ids/4380861-1000-1500/Lucky-Hipoalergenico-2Kg.jpg?v=639243756596030000,https://b2csolla.vteximg.com.br/arquivos/ids/4380859-1000-1500/Lucky-Hipoalergenico-2Kg.jpg?v=639243756598000000,https://b2csolla.vteximg.com.br/arquivos/ids/4380858-1000-1500/Lucky-Hipoalergenico-2Kg.jpg?v=639243756599700000",49600 COP,,in stock,new,Lucky Gatos,352,Gatos > Lucky Gatos > Hipoalergénico,Animals & Pet Supplies > Pet Supplies > Cat Supplies
36814,Lucky Cuidado Articular 2Kg,"Lucky Cuidado Articular es una fórmula avanzada diseñada para proteger, fortalecer y mantener saludables las articulaciones de tu mascota, especialmente en etapas adultas o con alta actividad física. Elaborado con salmón y huevo, fuentes naturales de proteínas de alto valor biológico que nutren los músculos y tendones, ayudando a conservar la fuerza y agilidad. Su contenido de triptófano contribuye a reducir el dolor articular y mejorar el bienestar general. Además, está enriquecido con colágeno hidrolizado, glucosamina y condroitina, ingredientes esenciales que preservan la estructura de las articulaciones, promueven la regeneración del cartílago y previenen el desgaste provocado por la edad o el ejercicio intenso. Con Lucky Cuidado Articular, cada paso de tu mascota será más fuerte, ágil y sin dolor. Porque su bienestar comienza desde adentro.",https://www.plazacampo.com/lucky-cuidado-articular-ext-2-kg-1/p?skuId=36814,https://b2csolla.vteximg.com.br/arquivos/ids/4379282-1000-1500/Lucky-Cuidado-Articular-2Kg.webp?v=639255937638470000,"https://b2csolla.vteximg.com.br/arquivos/ids/4379279-1000-1500/Lucky-Cuidado-Articular-2Kg.webp?v=639255937640300000,https://b2csolla.vteximg.com.br/arquivos/ids/4379281-1000-1500/Lucky-Cuidado-Articular-2Kg.webp?v=639255937643170000,https://b2csolla.vteximg.com.br/arquivos/ids/4379275-1000-1500/Lucky-Cuidado-Articular-2Kg.webp?v=639255937644700000",36800 COP,,in stock,new,Lucky Perros,345,Perros > Lucky Perros > Senior,Animals & Pet Supplies > Pet Supplies > Dog Supplies
36812,Lucky Control Peso 8Kg,"Lucky Control de Peso es un alimento premium formulado para ayudar a tu mascota a mantener un peso ideal sin sacrificar sabor ni nutrición. Su fórmula contiene un contenido reducido de grasa y calorías, ideal para perros con tendencia al sobrepeso o esterilizados. Enriquecido con L-carnitina, favorece la quema natural de grasa y su conversión en energía, mientras que su alto contenido de fibra ayuda a prolongar la sensación de saciedad y controlar el apetito. Además, su fuente de proteína de alta calidad proveniente del salmón contribuye a mantener una masa muscular firme y saludable, apoyando al mismo tiempo el control del peso corporal. Ideal para: mascotas que necesitan controlar su peso de forma saludable, manteniendo fuerza, energía y bienestar diario. Con Lucky Control de Peso, tu mascota disfruta de una alimentación balanceada, sabrosa y funcional para cuidar su figura y su salud.",https://www.plazacampo.com/lucky-control-peso-ext-8-kg-1/p?skuId=36812,https://b2csolla.vteximg.com.br/arquivos/ids/4379128-1000-1500/Lucky-Control-Peso-8Kg.webp?v=639258841615200000,"https://b2csolla.vteximg.com.br/arquivos/ids/4382277-1000-1500/Lucky-Control-Peso-8Kg.webp?v=639259309561000000,https://b2csolla.vteximg.com.br/arquivos/ids/4379129-1000-1500/Lucky-Control-Peso-8Kg.webp?v=639259309562300000,https://b2csolla.vteximg.com.br/arquivos/ids/4379127-1000-1500/Lucky-Control-Peso-8Kg.webp?v=639259309565130000",123500 COP,,in stock,new,Lucky Perros,343,Perros > Lucky Perros > Adultos,Animals & Pet Supplies > Pet Supplies > Dog Supplies
36808,Lucky Cuidado Digestivo 2Kg,"Lucky Digestive Care ofrece una nutrición avanzada diseñada para mantener una digestión equilibrada y un sistema intestinal saludable. Su fórmula combina una mezcla de probióticos y prebióticos que fortalecen la flora intestinal y mejoran la absorción de nutrientes, promoviendo el bienestar digestivo desde adentro. Enriquecido con fibra natural, salmón e hígado hidrolizado, este alimento garantiza una digestibilidad superior, una fácil asimilación y un sabor irresistible que tu mascota amará. Además, ayuda a controlar alteraciones digestivas de origen inmunológico (alergias alimentarias) o no inmunológico (intolerancias), reduciendo la inflamación del tracto gastrointestinal y los síntomas asociados. Ideal para: perros y gatos con digestión sensible o con antecedentes de problemas gastrointestinales, que necesitan una alimentación completa, equilibrada y de alta calidad.",https://www.plazacampo.com/lucky-cuidado-digestivo-ext-2-kg-1/p?skuId=36808,https://b2csolla.vteximg.com.br/arquivos/ids/4379350-1000-1500/Lucky-Cuidado-Digestivo-2Kg.webp?v=639255937615000000,"https://b2csolla.vteximg.com.br/arquivos/ids/4379349-1000-1500/Lucky-Cuidado-Digestivo-2Kg.webp?v=639255937616700000,https://b2csolla.vteximg.com.br/arquivos/ids/4379347-1000-1500/Lucky-Cuidado-Digestivo-2Kg.webp?v=639255937618600000,https://b2csolla.vteximg.com.br/arquivos/ids/4379348-1000-1500/Lucky-Cuidado-Digestivo-2Kg.webp?v=639255937619800000",37700 COP,,in stock,new,Lucky Perros,341,Perros > Lucky Perros > Adultos,Animals & Pet Supplies > Pet Supplies > Dog Supplies
36806,Lucky Cuidado Piel 8Kg,"Lucky Cuidado de la Piel es un alimento hipoalergénico especialmente formulado para perros y gatos con piel sensible o alergias alimentarias. Su fórmula contiene proteína 100% hidrolizada, una fuente pura de proteína hipoalergénica que reduce las reacciones adversas y mejora la digestión. Además, es libre de gluten (Gluten Free) y está enriquecido con biotina, que fortalece el pelaje, previene la caída del pelo y favorece una piel más sana, hidratada y brillante. Ideal para: perros y gatos que requieren una alimentación segura, digestiva y nutritiva, con el propósito de cuidar su piel, su pelaje y su bienestar diario.",https://www.plazacampo.com/lucky-cuidado-piel-ext-8-kg-1/p?skuId=36806,https://b2csolla.vteximg.com.br/arquivos/ids/4382267-1000-1500/Lucky-Cuidado-Piel-8Kg.webp?v=639256249975200000,"https://b2csolla.vteximg.com.br/arquivos/ids/4382269-1000-1500/Lucky-Cuidado-Piel-8Kg.webp?v=639256249965230000,https://b2csolla.vteximg.com.br/arquivos/ids/4379343-1000-1500/Lucky-Cuidado-Piel-8Kg.webp?v=639256249967300000,https://b2csolla.vteximg.com.br/arquivos/ids/4379345-1000-1500/Lucky-Cuidado-Piel-8Kg.webp?v=639256249968730000",131500 COP,,in stock,new,Lucky Perros,340,Perros > Lucky Perros > Adultos,Animals & Pet Supplies > Pet Supplies > Dog Supplies
40025,Trocitos de Carne Brangus,"El snack high premium para tu perro con proteína proveniente de carne Brangus. Es un snack altamente nutritivo y adecuado para perros de todas las razas y etapas de vida. Con ingredientes naturales y sin saborizantes artificiales. Contiene probióticos que mejoran la salud intestinal de tu perro. Bajo en grasas lo que lo convierte en una opción equilibrada para mantener un peso adecuado en perros. Con carne Brangus, el sabor y el olor que les encanta para premiar y consentir a tu perro.",https://www.plazacampo.com/trocitos-de-carne-brangus-1/p?skuId=40025,https://b2csolla.vteximg.com.br/arquivos/ids/4380124-1000-1500/Trocitos-de-Carne-Brangus.jpg?v=639227557035630000,"https://b2csolla.vteximg.com.br/arquivos/ids/4380123-1000-1500/Trocitos-de-Carne-Brangus.jpg?v=639227652091100000,https://b2csolla.vteximg.com.br/arquivos/ids/4380125-1000-1500/Trocitos-de-Carne-Brangus.jpg?v=639227652092670000,https://b2csolla.vteximg.com.br/arquivos/ids/4380121-1000-1500/Trocitos-de-Carne-Brangus.jpg?v=639227652095170000",12200 COP,,in stock,new,Lucky Perros,294,Perros > Lucky Perros > Snacks,Animals & Pet Supplies > Pet Supplies > Dog Supplies
40080,Camiseta Polo Blanca Solla Hombre,"Esta camiseta tipo polo marca Solla. Está hecha en tela piqué, reconocida por su textura fresca, su resistencia y su comodidad durante todo el día. Su diseño incorpora el logo bordado de Solla al frente, un detalle que le da identidad sin perder sobriedad.",https://www.plazacampo.com/camiseta-polo-blanca-solla-hombre-1/p?skuId=40080,https://b2csolla.vteximg.com.br/arquivos/ids/4379199-1000-1500/Camiseta-Polo-Blanca-Solla-Hombre.jpg?v=639117145106430000,https://b2csolla.vteximg.com.br/arquivos/ids/4379197-1000-1500/Camiseta-Polo-Blanca-Solla-Hombre.jpg?v=639117145104400000,80580 COP,,in stock,new,Solla,284,Moda Solla > Camisetas y Polos > Polo Hombre,Apparel & Accessories > Clothing
40081,Camiseta Polo Blanca Solla Hombre,"Esta camiseta tipo polo marca Solla. Está hecha en tela piqué, reconocida por su textura fresca, su resistencia y su comodidad durante todo el día. Su diseño incorpora el logo bordado de Solla al frente, un detalle que le da identidad sin perder sobriedad.",https://www.plazacampo.com/camiseta-polo-blanca-solla-hombre-1/p?skuId=40081,https://b2csolla.vteximg.com.br/arquivos/ids/4379201-1000-1500/Camiseta-Polo-Blanca-Solla-Hombre.jpg?v=639059724565100000,https://b2csolla.vteximg.com.br/arquivos/ids/4379202-1000-1500/Camiseta-Polo-Blanca-Solla-Hombre.jpg?v=639059724562300000,80580 COP,,in stock,new,Solla,284,Moda Solla > Camisetas y Polos > Polo Hombre,Apparel & Accessories > Clothing
40082,Camiseta Polo Blanca Solla Hombre,"Esta camiseta tipo polo marca Solla. Está hecha en tela piqué, reconocida por su textura fresca, su resistencia y su comodidad durante todo el día. Su diseño incorpora el logo bordado de Solla al frente, un detalle que le da identidad sin perder sobriedad.",https://www.plazacampo.com/camiseta-polo-blanca-solla-hombre-1/p?skuId=40082,https://b2csolla.vteximg.com.br/arquivos/ids/4379206-1000-1500/Camiseta-Polo-Blanca-Solla-Hombre.jpg?v=639064908730070000,https://b2csolla.vteximg.com.br/arquivos/ids/4379205-1000-1500/Camiseta-Polo-Blanca-Solla-Hombre.jpg?v=639064908728200000,80580 COP,,in stock,new,Solla,284,Moda Solla > Camisetas y Polos > Polo Hombre,Apparel & Accessories > Clothing
40083,Camiseta Polo Blanca Solla Hombre,"Esta camiseta tipo polo marca Solla. Está hecha en tela piqué, reconocida por su textura fresca, su resistencia y su comodidad durante todo el día. Su diseño incorpora el logo bordado de Solla al frente, un detalle que le da identidad sin perder sobriedad.",https://www.plazacampo.com/camiseta-polo-blanca-solla-hombre-1/p?skuId=40083,https://b2csolla.vteximg.com.br/arquivos/ids/4379207-1000-1500/Camiseta-Polo-Blanca-Solla-Hombre.jpg?v=639218916877670000,https://b2csolla.vteximg.com.br/arquivos/ids/4379210-1000-1500/Camiseta-Polo-Blanca-Solla-Hombre.jpg?v=639218916875470000,80580 COP,,in stock,new,Solla,284,Moda Solla > Camisetas y Polos > Polo Hombre,Apparel & Accessories > Clothing
40084,Camiseta Polo Blanca Solla Hombre,"Esta camiseta tipo polo marca Solla. Está hecha en tela piqué, reconocida por su textura fresca, su resistencia y su comodidad durante todo el día. Su diseño incorpora el logo bordado de Solla al frente, un detalle que le da identidad sin perder sobriedad.",https://www.plazacampo.com/camiseta-polo-blanca-solla-hombre-1/p?skuId=40084,https://b2csolla.vteximg.com.br/arquivos/ids/4379213-1000-1500/Camiseta-Polo-Blanca-Solla-Hombre.jpg?v=638990605325000000,https://b2csolla.vteximg.com.br/arquivos/ids/4379214-1000-1500/Camiseta-Polo-Blanca-Solla-Hombre.jpg?v=638990605327030000,80580 COP,,in stock,new,Solla,284,Moda Solla > Camisetas y Polos > Polo Hombre,Apparel & Accessories > Clothing
109,Conejos Pel AGR 1 kg,"Agrinal Conejos es un alimento completo para gazapos destetos y conejos adultos tanto en levante, cria y ceba.",https://www.plazacampo.com/conejos-pel-agr-20-x-1-kg-1-jpg/p?skuId=109,https://b2csolla.vteximg.com.br/arquivos/ids/4380034-1000-1500/Conejos-Pel-AGR-1-kg.jpg?v=639070959090430000,https://b2csolla.vteximg.com.br/arquivos/ids/4380032-1000-1500/Conejos-Pel-AGR-1-kg.jpg?v=639070959088700000,2200 COP,,in stock,new,Agrinal,109,Conejos > Agrinal > Producción,Animals & Pet Supplies > Pet Supplies > Small Animal Supplies
107,Campeon Galletas 400g,"Galleta con probiótico que contribuyen al mejoramiento del sistema inmune del caballo y mejoran la absorción de nutrientes. Práctico empaque con tapa, y con un tamaño adecuado para facilitar su manejo.",https://www.plazacampo.com/campeon-galletas-12x400g-1-jpg/p?skuId=107,https://b2csolla.vteximg.com.br/arquivos/ids/4380074-1000-1500/Campeon-Galletas-400g.jpg?v=639123771334830000,https://b2csolla.vteximg.com.br/arquivos/ids/4380076-1000-1500/Campeon-Galletas-400g.jpg?v=639123771333130000,18800 COP,,in stock,new,Solla,107,Equinos > Solla > Mantenimiento,Business & Industrial > Agriculture > Animal Husbandry
89,Nutrecat arena olor refill 5 Kg,"Producto a base de Bentonita natural, inerte y granulada con alta capacidad de retención de humedad y olores, de aplicación en arenas sanitarias para gatos. Nutrecat arena, es fabricado con materiales naturales que garantizan la inocuidad y salud de los gatos. Controla los olores propios de los desechos felinos mejorando el medioambiente de los hogares con mascotas.",https://www.plazacampo.com/nutrecat-arena-olor-refill-4x5-kg-1-jpg/p?skuId=89,https://b2csolla.vteximg.com.br/arquivos/ids/4380803-1000-1500/Nutrecat-arena-olor-refill-5-Kg.jpg?v=639253477607270000,"https://b2csolla.vteximg.com.br/arquivos/ids/4380804-1000-1500/Nutrecat-arena-olor-refill-5-Kg.jpg?v=639253653694130000,https://b2csolla.vteximg.com.br/arquivos/ids/4380401-1000-1500/Nutrecat-arena-olor-refill-5-Kg.jpg?v=639253653695870000,https://b2csolla.vteximg.com.br/arquivos/ids/4380405-1000-1500/Nutrecat-arena-olor-refill-5-Kg.jpg?v=639253653697800000",21200 COP,,in stock,new,Nutrecat,89,Gatos > Nutrecat > Aseo,Animals & Pet Supplies > Pet Supplies > Cat Supplies
72,Nutrecan Pate Sabor Pollo Hum 300 gr,"Alimento húmedo, completo y balanceado para perros de todas las razas y edades, calidad humana, de rico sabor y alto valor nutricional. Rica combinación de Carne con Verduras, y Quinua. La Quinua, es el pseudocereal, más completo de la naturaleza, ya que contiene todos los aminoácidos esenciales para el perro, es rica en vitaminas, minerales y baja en grasa. Ayuda a mejorar el consumo de alimento, especialmente, en las Razas pequeñas, renuentes al consumo de alimentos secos. Productos suaves y blandos, ideales para perros en desarrollo y para los de la tercera edad.",https://www.plazacampo.com/nutrecan-pate-sabor-pollo-hum-24x300-gr-1-jpg/p?skuId=72,https://b2csolla.vteximg.com.br/arquivos/ids/4380169-1000-1500/Nutrecan-Pate-Sabor-Pollo-Hum-300-gr.jpg?v=639123771389770000,,13100 COP,,in stock,new,Nutrecan,72,Perros > Nutrecan > Alimento húmedo,Animals & Pet Supplies > Pet Supplies > Dog Supplies
71,Nutrecan Pate Sabor Carne Hum 300 gr,"Alimento húmedo, completo y balanceado para perros de todas las razas y edades, calidad humana, de rico sabor y alto valor nutricional. Rica combinación de Carne con Verduras, y Quinua. La Quinua, es el pseudocereal, más completo de la naturaleza, ya que contiene todos los aminoácidos esenciales para el perro, es rica en vitaminas, minerales y baja en grasa. Ayuda a mejorar el consumo de alimento, especialmente, en las Razas pequeñas, renuentes al consumo de alimentos secos. Productos suaves y blandos, ideales para perros en desarrollo y para los de la tercera edad.",https://www.plazacampo.com/nutrecan-pate-sabor-carne-hum-24x300-gr-1-jpg/p?skuId=71,https://b2csolla.vteximg.com.br/arquivos/ids/4380265-1000-1500/Nutrecan-Pate-Sabor-Carne-Hum-300-gr.jpg?v=639123770970070000,,13100 COP,,in stock,new,Nutrecan,71,Perros > Nutrecan > Alimento húmedo,Animals & Pet Supplies > Pet Supplies > Dog Supplies
56,Lucky Adultos Raza Mediana Ext 8 Kg,Alimento completo extruido para perros adultos de razas medianas.,https://www.plazacampo.com/lucky-adultos-raza-mediana-ext-8kg-1/p?skuId=56,https://b2csolla.vteximg.com.br/arquivos/ids/4381798-1000-1500/Lucky-Adultos-Raza-Mediana-Ext-8-Kg.webp?v=639244837386830000,"https://b2csolla.vteximg.com.br/arquivos/ids/4382137-1000-1500/Lucky-Adultos-Raza-Mediana-Ext-8-Kg.webp?v=639245017896970000,https://b2csolla.vteximg.com.br/arquivos/ids/4381974-1000-1500/Lucky-Adultos-Raza-Mediana-Ext-8-Kg.webp?v=639245017898470000,https://b2csolla.vteximg.com.br/arquivos/ids/4381006-1000-1500/Lucky-Adultos-Raza-Mediana-Ext-8-Kg.webp?v=639245017900100000",111700 COP,,in stock,new,Lucky Perros,56,Perros > Lucky Perros > Adultos,Animals & Pet Supplies > Pet Supplies > Dog Supplies
36791,Lucky Cuidado Urinario 2Kg,"Nutrición High Premium para la Salud Urinaria Lucky Cuidado Urinario es una fórmula natural high premium diseñada para proteger el sistema urinario del gato, reducir infecciones y prevenir la formación de cálculos. *Este producto puede usarse en gatos cachorros y adultos* Beneficios clave: Arándanos naturales como apoyo clínico para la salud urinaria. pH urinario controlado y balanceado. Bajo contenido de magnesio para ayudar a prevenir cálculos. Soporte nutricional continuo para riñones y vejiga. Ideal para: gatos con tendencia a problemas urinarios o como cuidado preventivo diario.",https://www.plazacampo.com/lucky-cuidado-urinario-ext-8x2kg-1/p?skuId=36791,https://b2csolla.vteximg.com.br/arquivos/ids/4380847-1000-1500/Lucky-Cuidado-Urinario-2Kg.jpg?v=639185221584430000,"https://b2csolla.vteximg.com.br/arquivos/ids/4380844-1000-1500/Lucky-Cuidado-Urinario-2Kg.jpg?v=639185401124670000,https://b2csolla.vteximg.com.br/arquivos/ids/4380846-1000-1500/Lucky-Cuidado-Urinario-2Kg.jpg?v=639185401126700000,https://b2csolla.vteximg.com.br/arquivos/ids/4380845-1000-1500/Lucky-Cuidado-Urinario-2Kg.jpg?v=639185401128770000",44300 COP,,in stock,new,Lucky Gatos,349,Gatos > Lucky Gatos > Cuidado Urinario,Animals & Pet Supplies > Pet Supplies > Cat Supplies
36811,Lucky Control Peso 2Kg,"Lucky Control de Peso es un alimento premium formulado para ayudar a tu mascota a mantener un peso ideal sin sacrificar sabor ni nutrición. Su fórmula contiene un contenido reducido de grasa y calorías, ideal para perros con tendencia al sobrepeso o esterilizados. Enriquecido con L-carnitina, favorece la quema natural de grasa y su conversión en energía, mientras que su alto contenido de fibra ayuda a prolongar la sensación de saciedad y controlar el apetito. Además, su fuente de proteína de alta calidad proveniente del salmón contribuye a mantener una masa muscular firme y saludable, apoyando al mismo tiempo el control del peso corporal. Ideal para: mascotas que necesitan controlar su peso de forma saludable, manteniendo fuerza, energía y bienestar diario. Con Lucky Control de Peso, tu mascota disfruta de una alimentación balanceada, sabrosa y funcional para cuidar su figura y su salud.",https://www.plazacampo.com/lucky-control-peso-ext-2-kg-1/p?skuId=36811,https://b2csolla.vteximg.com.br/arquivos/ids/4379356-1000-1500/Lucky-Control-Peso-2Kg.webp?v=639255937623800000,"https://b2csolla.vteximg.com.br/arquivos/ids/4379357-1000-1500/Lucky-Control-Peso-2Kg.webp?v=639255937625670000,https://b2csolla.vteximg.com.br/arquivos/ids/4379355-1000-1500/Lucky-Control-Peso-2Kg.webp?v=639255937627170000,https://b2csolla.vteximg.com.br/arquivos/ids/4379358-1000-1500/Lucky-Control-Peso-2Kg.webp?v=639255937628870000",32600 COP,,in stock,new,Lucky Perros,344,Perros > Lucky Perros > Adultos,Animals & Pet Supplies > Pet Supplies > Dog Supplies
36809,Lucky Cuidado Digestivo 8Kg,"Lucky Digestive Care ofrece una nutrición avanzada diseñada para mantener una digestión equilibrada y un sistema intestinal saludable. Su fórmula combina una mezcla de probióticos y prebióticos que fortalecen la flora intestinal y mejoran la absorción de nutrientes, promoviendo el bienestar digestivo desde adentro. Enriquecido con fibra natural, salmón e hígado hidrolizado, este alimento garantiza una digestibilidad superior, una fácil asimilación y un sabor irresistible que tu mascota amará. Además, ayuda a controlar alteraciones digestivas de origen inmunológico (alergias alimentarias) o no inmunológico (intolerancias), reduciendo la inflamación del tracto gastrointestinal y los síntomas asociados. Ideal para: perros y gatos con digestión sensible o con antecedentes de problemas gastrointestinales, que necesitan una alimentación completa, equilibrada y de alta calidad.",https://www.plazacampo.com/lucky-cuidado-digestivo-ext-8-kg-1/p?skuId=36809,https://b2csolla.vteximg.com.br/arquivos/ids/4379352-1000-1500/Lucky-Cuidado-Digestivo-8Kg.webp?v=639255937619100000,"https://b2csolla.vteximg.com.br/arquivos/ids/4379353-1000-1500/Lucky-Cuidado-Digestivo-8Kg.webp?v=639255937620600000,https://b2csolla.vteximg.com.br/arquivos/ids/4379354-1000-1500/Lucky-Cuidado-Digestivo-8Kg.webp?v=639255937622000000,https://b2csolla.vteximg.com.br/arquivos/ids/4379351-1000-1500/Lucky-Cuidado-Digestivo-8Kg.webp?v=639255937623200000",138900 COP,,in stock,new,Lucky Perros,342,Perros > Lucky Perros > Adultos,Animals & Pet Supplies > Pet Supplies > Dog Supplies
36805,Lucky Cuidado Piel 2Kg,"Lucky Cuidado de la Piel es un alimento hipoalergénico especialmente formulado para perros y gatos con piel sensible o alergias alimentarias. Su fórmula contiene proteína 100% hidrolizada, una fuente pura de proteína hipoalergénica que reduce las reacciones adversas y mejora la digestión. Además, es libre de gluten (Gluten Free) y está enriquecido con biotina, que fortalece el pelaje, previene la caída del pelo y favorece una piel más sana, hidratada y brillante. Ideal para: perros y gatos que requieren una alimentación segura, digestiva y nutritiva, con el propósito de cuidar su piel, su pelaje y su bienestar diario.",https://www.plazacampo.com/lucky-cuidado-piel-ext-2-kg-1/p?skuId=36805,https://b2csolla.vteximg.com.br/arquivos/ids/4379341-1000-1500/Lucky-Cuidado-Piel-2Kg.webp?v=639255937682400000,"https://b2csolla.vteximg.com.br/arquivos/ids/4379340-1000-1500/Lucky-Cuidado-Piel-2Kg.webp?v=639255937683630000,https://b2csolla.vteximg.com.br/arquivos/ids/4379342-1000-1500/Lucky-Cuidado-Piel-2Kg.webp?v=639255937685330000,https://b2csolla.vteximg.com.br/arquivos/ids/4379339-1000-1500/Lucky-Cuidado-Piel-2Kg.webp?v=639255937686870000",35800 COP,,in stock,new,Lucky Perros,339,Perros > Lucky Perros > Adultos,Animals & Pet Supplies > Pet Supplies > Dog Supplies
36803,Lucky Desarrollo Cognitivo 4Kg,"Alimento formulado para favorecer el desarrollo del cerebro y el sistema nervioso de tu mascota. Su fórmula contiene Omega 3 (DHA) proveniente de algas, que estimula el aprendizaje, la memoria y la concentración, además de arginina, un aminoácido esencial para el desarrollo cerebral. La combinación de salmón y huevo aporta proteínas de alta calidad que promueven un crecimiento saludable, con un sabor irresistible que encantará a tu mascota. Ideal para: mascotas en etapa de crecimiento que necesitan una nutrición completa y balanceada para fortalecer su cuerpo y mente.",https://www.plazacampo.com/lucky-desarrollo-cognitivo-ext-4-kg-1/p?skuId=36803,https://b2csolla.vteximg.com.br/arquivos/ids/4377641-1000-1500/Lucky-Desarrollo-Cognitivo-4Kg.webp?v=639255937678130000,"https://b2csolla.vteximg.com.br/arquivos/ids/4377639-1000-1500/Lucky-Desarrollo-Cognitivo-4Kg.webp?v=639255937679370000,https://b2csolla.vteximg.com.br/arquivos/ids/4377636-1000-1500/Lucky-Desarrollo-Cognitivo-4Kg.webp?v=639255937680770000,https://b2csolla.vteximg.com.br/arquivos/ids/4377643-1000-1500/Lucky-Desarrollo-Cognitivo-4Kg.webp?v=639255937681870000",70800 COP,,in stock,new,Lucky Perros,338,Perros > Lucky Perros > Cachorros,Animals & Pet Supplies > Pet Supplies > Dog Supplies
36867,Nutrecan Salmon Y Queso Madurado 25 kg,"Nutrecan con salmón y queso madurado: es una fórmula especialmente diseñada para perros adultos mayores o con menor nivel de actividad, que necesitan mantener su fuerza muscular y vitalidad sin un exceso de grasa. Su combinación de ingredientes premium favorece el equilibrio entre energía, salud ósea y bienestar general",https://www.plazacampo.com/nutrecan-con-salmon-y-queso-madurado-ext-25kg-1/p?skuId=36867,https://b2csolla.vteximg.com.br/arquivos/ids/4379994-1000-1500/Nutrecan-Salmon-Y-Queso-Madurado-25-kg.jpg?v=639234253550100000,"https://b2csolla.vteximg.com.br/arquivos/ids/4381830-1000-1500/Nutrecan-Salmon-Y-Queso-Madurado-25-kg.jpg?v=639234469780670000,https://b2csolla.vteximg.com.br/arquivos/ids/4379996-1000-1500/Nutrecan-Salmon-Y-Queso-Madurado-25-kg.jpg?v=639234469782100000,https://b2csolla.vteximg.com.br/arquivos/ids/4380006-1000-1500/Nutrecan-Salmon-Y-Queso-Madurado-25-kg.jpg?v=639234469784230000",308000 COP,,in stock,new,Nutrecan,320,Perros > Nutrecan > Senior,Animals & Pet Supplies > Pet Supplies > Dog Supplies
36852,Nutrecan Pavo 16 kg,"Nutrecan con pavo: es una fórmula premium especialmente diseñada para perros con sensibilidad digestiva o de la piel. Elaborado con pavo como fuente principal de proteína, es ideal para reducir el riesgo de alergias alimentarias y promover una digestión suave y equilibrada.",https://www.plazacampo.com/nutrecan-con-pavo-ext-16kg-1/p?skuId=36852,https://b2csolla.vteximg.com.br/arquivos/ids/4380832-1000-1500/Nutrecan-Pavo-16-kg.jpg?v=639250022031000000,"https://b2csolla.vteximg.com.br/arquivos/ids/4380642-1000-1500/Nutrecan-Pavo-16-kg.jpg?v=639250201712000000,https://b2csolla.vteximg.com.br/arquivos/ids/4380635-1000-1500/Nutrecan-Pavo-16-kg.jpg?v=639250201714030000,https://b2csolla.vteximg.com.br/arquivos/ids/4380646-1000-1500/Nutrecan-Pavo-16-kg.jpg?v=639250201715700000",176900 COP,,in stock,new,Nutrecan,312,Perros > Nutrecan > Adultos,Animals & Pet Supplies > Pet Supplies > Dog Supplies
36827,Nutrecat con Salmón Ext 8 kg,"El salmón es un alimento altamente nutritivo que aporta a tu gato proteínas de fácil digestión y ácidos grasos omega-3, esenciales para mantenerlo sano, activo y con un pelaje brillante. NutreCat con Salmón potencia estos beneficios al combinar vitaminas, minerales y fibra que apoyan su salud integral. ¿Por qué el salmón es ideal para tu gato? - Proteínas de alta digestibilidad: ayudan a mantener la masa muscular y reducen la carga digestiva. - Ácidos grasos omega-3: promueven una piel sana, un pelaje brillante y apoyan la salud cardiovascular. - Bienestar general: fortalecen el sistema inmunológico y favorecen un equilibrio digestivo. Beneficios de NutreCat con Salmón: - Digestión saludable: proteína ligera y omega-3 que mantienen la flora intestinal equilibrada. - Corazón fuerte y sano: los omega-3 ayudan a una buena circulación y a controlar los niveles de lípidos en la sangre. - Natural y seguro: libre de colorantes y sabores artificiales. Dale a tu gato adulto todo el sabor del mar y una nutrición completa con NutreCat con Salmón.",https://www.plazacampo.com/nutrecat-con-salmon-ext-8-kg-1/p?skuId=36827,https://b2csolla.vteximg.com.br/arquivos/ids/4379465-1000-1500/Nutrecat-con-Salmon-Ext-8-kg.jpg?v=639154980651570000,"https://b2csolla.vteximg.com.br/arquivos/ids/4379467-1000-1500/Nutrecat-con-Salmon-Ext-8-kg.jpg?v=639155160567130000,https://b2csolla.vteximg.com.br/arquivos/ids/4379460-1000-1500/Nutrecat-con-Salmon-Ext-8-kg.jpg?v=639155160568700000,https://b2csolla.vteximg.com.br/arquivos/ids/4380684-1000-1500/Nutrecat-con-Salmon-Ext-8-kg.jpg?v=639155160571030000",94900 COP,,in stock,new,Nutrecat,303,Gatos > Nutrecat > Alimento seco,Animals & Pet Supplies > Pet Supplies > Cat Supplies
36826,Nutrecat con Salmón Ext 1.5kg,"El salmón es un alimento altamente nutritivo que aporta a tu gato proteínas de fácil digestión y ácidos grasos omega-3, esenciales para mantenerlo sano, activo y con un pelaje brillante. NutreCat con Salmón potencia estos beneficios al combinar vitaminas, minerales y fibra que apoyan su salud integral. ¿Por qué el salmón es ideal para tu gato? - Proteínas de alta digestibilidad: ayudan a mantener la masa muscular y reducen la carga digestiva. - Ácidos grasos omega-3: promueven una piel sana, un pelaje brillante y apoyan la salud cardiovascular. - Bienestar general: fortalecen el sistema inmunológico y favorecen un equilibrio digestivo. Beneficios de NutreCat con Salmón: - Digestión saludable: proteína ligera y omega-3 que mantienen la flora intestinal equilibrada. - Corazón fuerte y sano: los omega-3 ayudan a una buena circulación y a controlar los niveles de lípidos en la sangre. - Natural y seguro: libre de colorantes y sabores artificiales. Dale a tu gato adulto todo el sabor del mar y una nutrición completa con NutreCat con Salmón.",https://www.plazacampo.com/nutrecat-con-salmon-ext-1-5-kg-1/p?skuId=36826,https://b2csolla.vteximg.com.br/arquivos/ids/4379579-1000-1500/Nutrecat-con-Salmon-Ext-15kg.jpg?v=639226477954670000,"https://b2csolla.vteximg.com.br/arquivos/ids/4379577-1000-1500/Nutrecat-con-Salmon-Ext-15kg.jpg?v=639226693988970000,https://b2csolla.vteximg.com.br/arquivos/ids/4379578-1000-1500/Nutrecat-con-Salmon-Ext-15kg.jpg?v=639226693991600000,https://b2csolla.vteximg.com.br/arquivos/ids/4379572-1000-1500/Nutrecat-con-Salmon-Ext-15kg.jpg?v=639226693994730000",24900 COP,,in stock,new,Nutrecat,302,Gatos > Nutrecat > Alimento seco,Animals & Pet Supplies > Pet Supplies > Cat Supplies
36825,Nutrecat con Salmón Ext 500g,"El salmón es un alimento altamente nutritivo que aporta a tu gato proteínas de fácil digestión y ácidos grasos omega-3, esenciales para mantenerlo sano, activo y con un pelaje brillante. NutreCat con Salmón potencia estos beneficios al combinar vitaminas, minerales y fibra que apoyan su salud integral. ¿Por qué el salmón es ideal para tu gato? - Proteínas de alta digestibilidad: ayudan a mantener la masa muscular y reducen la carga digestiva. - Ácidos grasos omega-3: promueven una piel sana, un pelaje brillante y apoyan la salud cardiovascular. - Bienestar general: fortalecen el sistema inmunológico y favorecen un equilibrio digestivo. Beneficios de NutreCat con Salmón: - Digestión saludable: proteína ligera y omega-3 que mantienen la flora intestinal equilibrada. - Corazón fuerte y sano: los omega-3 ayudan a una buena circulación y a controlar los niveles de lípidos en la sangre. - Natural y seguro: libre de colorantes y sabores artificiales. Dale a tu gato adulto todo el sabor del mar y una nutrición completa con NutreCat con Salmón.",https://www.plazacampo.com/nutrecat-con-salmon-ext-500-g-1/p?skuId=36825,https://b2csolla.vteximg.com.br/arquivos/ids/4381951-1000-1500/Nutrecat-con-Salmon-Ext-500g.jpg?v=639255205568100000,"https://b2csolla.vteximg.com.br/arquivos/ids/4381686-1000-1500/Nutrecat-con-Salmon-Ext-500g.jpg?v=639255385245370000,https://b2csolla.vteximg.com.br/arquivos/ids/4381600-1000-1500/Nutrecat-con-Salmon-Ext-500g.jpg?v=639255385247670000,https://b2csolla.vteximg.com.br/arquivos/ids/4381866-1000-1500/Nutrecat-con-Salmon-Ext-500g.jpg?v=639255385249400000",8500 COP,,in stock,new,Nutrecat,301,Gatos > Nutrecat > Alimento seco,Animals & Pet Supplies > Pet Supplies > Cat Supplies
36821,Nutrecat Tilapia Ext 500g,"La alimentación de los gatos adultos debe ser equilibrada para mantenerlos sanos, activos y con un sistema inmune fuerte. Nutrecat Tilapia combina proteínas de alta calidad, grasas saludables, vitaminas y minerales para cuidar su salud digestiva, muscular e inmunológica. Beneficios principales de Nutrecat Tilapia: Ideal para gatos con sistema digestivo sensible: proteína magra, altamente digestible y rica en aminoácidos que mantienen la salud intestinal y el equilibrio de la microbiota. - Fortalece los músculos: gracias a su aporte de fósforo y potasio, combinado con un bajo nivel de grasas saturadas que proporciona energía limpia. - Natural y seguro: libre de colorantes y sabores artificiales. Con Nutrecat Tilapia, tu gato recibe una nutrición completa, ligera y deliciosa para mantenerse sano y lleno de vitalidad.",https://www.plazacampo.com/nutrecat-tilapia-ext-500g-1/p?skuId=36821,https://b2csolla.vteximg.com.br/arquivos/ids/4379540-1000-1500/Nutrecat-Tilapia-Ext-500g.jpg?v=639251065202070000,"https://b2csolla.vteximg.com.br/arquivos/ids/4379535-1000-1500/Nutrecat-Tilapia-Ext-500g.jpg?v=639251533101700000,https://b2csolla.vteximg.com.br/arquivos/ids/4379543-1000-1500/Nutrecat-Tilapia-Ext-500g.jpg?v=639251533104330000,https://b2csolla.vteximg.com.br/arquivos/ids/4379533-1000-1500/Nutrecat-Tilapia-Ext-500g.jpg?v=639251533106270000",8500 COP,,in stock,new,Nutrecat,298,Gatos > Nutrecat > Alimento seco,Animals & Pet Supplies > Pet Supplies > Cat Supplies
82,Q-ida Cat 8 kg,"Q-ida Cat, es un alimento completo extruido para suministrar a gatos adultos, de acuerdo a la edad del animal, tamaño y actividad. Tiene un rico sabor para agradar a tu gato. La Carne y el Pescado, son una excelente fuente de proteínas de alta calidad y buena digestibilidad, la cual contribuye a desarrollar músculos y huesos fuertes y a proporcionar mayor vitalidad y salud a tu gato. Es un alimento rico en Taurina, aminoácido esencial que ayuda a mantener una correcta visión y función cardíaca.",https://www.plazacampo.com/q-ida-cat-ext-8-kg-1/p?skuId=82,https://b2csolla.vteximg.com.br/arquivos/ids/4382194-1000-1500/Q-ida-Cat-8 kg.jpg?v=639233499871870000,"https://b2csolla.vteximg.com.br/arquivos/ids/4382195-1000-1500/Q-ida-Cat-8 kg.jpg?v=639233499875600000,https://b2csolla.vteximg.com.br/arquivos/ids/4382196-1000-1500/Q-ida-Cat-8 kg.jpg?v=639233499878100000,https://b2csolla.vteximg.com.br/arquivos/ids/4382197-1000-1500/Q-ida-Cat-8 kg.jpg?v=639233499884970000",67700 COP,,in stock,new,Q-ida Cat,82,Gatos > Q-ida Cat > Alimento seco,Animals & Pet Supplies > Pet Supplies > Cat Supplies
73,Nutrecan Galletas 200g,"Nutrecan Galletas, es un snack con sabor a pollo ideal para entrenar a tu mejor amigo o premiarlo. Además de tener una receta completamente balanceada para cuidar la digestión de tu perro, contienen probióticos, carne brangus y son horneadas para mantener todos sus nutrientes. No contienen saborizantes artificiales. Este producto viene en una presentación de 200g y es ideal para todas las razas y edades.",https://www.plazacampo.com/nutrecan-galletas-6dplx6unx200g-1-jpg/p?skuId=73,https://b2csolla.vteximg.com.br/arquivos/ids/4380171-1000-1500/Nutrecan-Galletas-200g.jpg?v=639221690288630000,https://b2csolla.vteximg.com.br/arquivos/ids/4380175-1000-1500/Nutrecan-Galletas-200g.jpg?v=639221690287070000,8300 COP,,in stock,new,Nutrecan,73,Perros > Nutrecan > Snacks,Animals & Pet Supplies > Pet Supplies > Dog Supplies
55,Lucky Adultos Raza Pequeña Ext 4 Kg,Alimento completo extruido para perros adultos de razas miniaturas y pequeñas.,https://www.plazacampo.com/lucky-adultos-raza-peque%C3%B1a-4kg-1/p?skuId=55,https://b2csolla.vteximg.com.br/arquivos/ids/4382143-1000-1500/Lucky-Adultos-Raza-Pequeña-Ext-4-Kg.webp?v=639246745590570000,"https://b2csolla.vteximg.com.br/arquivos/ids/4380043-1000-1500/Lucky-Adultos-Raza-Pequeña-Ext-4-Kg.webp?v=639247213569930000,https://b2csolla.vteximg.com.br/arquivos/ids/4382140-1000-1500/Lucky-Adultos-Raza-Pequeña-Ext-4-Kg.webp?v=639247213572630000,https://b2csolla.vteximg.com.br/arquivos/ids/4380771-1000-1500/Lucky-Adultos-Raza-Pequeña-Ext-4-Kg.webp?v=639247213574230000",63700 COP,,in stock,new,Lucky Perros,55,Perros > Lucky Perros > Adultos,Animals & Pet Supplies > Pet Supplies > Dog Supplies
40,Nutrecan Adultos Raza Mediana y Grande Ext 25 kg,"Si tu perro lleva una vida calmada, requiere poca actividad física y vive en interiores; necesita compuestos nutricionales propios a su estilo de vida, por eso Nutrecan Adultos razas medianas y grandes es su alimento ideal, ya que es muy completo y balanceado. Tiene forma de deliciosas croquetas, cuya fórmula combina una saludable mezcla de nutrientes de alta digestibilidad con un sabor que a tu perro le encantará.La proteína es de alta calidad y alta digestibilidad, importante para el mejor mantenimiento y funcionamiento de los músculos en los perros adultos de todas las razas. El arroz, maíz, gluten de maíz, trigo y aceites vegetales, como principales ingredientes, complementan una dieta balanceada que garantiza el mejor sabor, salud y larga vida a las mascotas. Aceites vegetales y aceite de pescado, fuentes de Omega 6 y 3 , proporcionan una piel sana y garantiza un pelaje brillante, sistema nervioso central activo y buena visión. Ingredientes especiales, como la Yucca schidigera y los Prebióticos, aumentan la digestibilidad y promueven que las mascotas tengan heces sólidas, en menos cantidad y sin olor.",https://www.plazacampo.com/nutrecan-adultos-raza-mediana-y-grande-ext-25kg-1/p?skuId=40,https://b2csolla.vteximg.com.br/arquivos/ids/4380658-1000-1500/Nutrecan-Adultos-Raza-Mediana-y-Grande-Ext-25-kg.webp?v=639254125730470000,"https://b2csolla.vteximg.com.br/arquivos/ids/4380659-1000-1500/Nutrecan-Adultos-Raza-Mediana-y-Grande-Ext-25-kg.webp?v=639254341520700000,https://b2csolla.vteximg.com.br/arquivos/ids/4379325-1000-1500/Nutrecan-Adultos-Raza-Mediana-y-Grande-Ext-25-kg.webp?v=639254341522630000,https://b2csolla.vteximg.com.br/arquivos/ids/4379326-1000-1500/Nutrecan-Adultos-Raza-Mediana-y-Grande-Ext-25-kg.webp?v=639254341524100000",239300 COP,,in stock,new,Nutrecan,40,Perros > Nutrecan > Adultos,Animals & Pet Supplies > Pet Supplies > Dog Supplies
38,Nutrecan Adultos Raza Mediana y Grande Ext 8 kg,"Si tu perro lleva una vida calmada, requiere poca actividad física y vive en interiores; necesita compuestos nutricionales propios a su estilo de vida, por eso Nutrecan Adultos razas medianas y grandes es su alimento ideal, ya que es muy completo y balanceado. Tiene forma de deliciosas croquetas, cuya fórmula combina una saludable mezcla de nutrientes de alta digestibilidad con un sabor que a tu perro le encantará.La proteína es de alta calidad y alta digestibilidad, importante para el mejor mantenimiento y funcionamiento de los músculos en los perros adultos de todas las razas. El arroz, maíz, gluten de maíz, trigo y aceites vegetales, como principales ingredientes, complementan una dieta balanceada que garantiza el mejor sabor, salud y larga vida a las mascotas. Aceites vegetales y aceite de pescado, fuentes de Omega 6 y 3 , proporcionan una piel sana y garantiza un pelaje brillante, sistema nervioso central activo y buena visión. Ingredientes especiales, como la Yucca schidigera y los Prebióticos, aumentan la digestibilidad y promueven que las mascotas tengan heces sólidas, en menos cantidad y sin olor.",https://www.plazacampo.com/nutrecan-adultos-raza-mediana-y-grande-ext-8kg-1/p?skuId=38,https://b2csolla.vteximg.com.br/arquivos/ids/4379323-1000-1500/Nutrecan-Adultos-Raza-Mediana-y-Grande Ext-8-kg.webp?v=639251642937130000,"https://b2csolla.vteximg.com.br/arquivos/ids/4381980-1000-1500/Nutrecan-Adultos-Raza-Mediana-y-Grande Ext-8-kg.webp?v=639251642938470000,https://b2csolla.vteximg.com.br/arquivos/ids/4381804-1000-1500/Nutrecan-Adultos-Raza-Mediana-y-Grande Ext-8-kg.webp?v=639251642939670000,https://b2csolla.vteximg.com.br/arquivos/ids/4381452-1000-1500/Nutrecan-Adultos-Raza-Mediana-y-Grande Ext-8-kg.webp?v=639251642941400000",76600 COP,,in stock,new,Nutrecan,38,Perros > Nutrecan > Adultos,Animals & Pet Supplies > Pet Supplies > Dog Supplies
26,Nutrecan Senior Ext 2 kg,"Cuando tu perro tiene más de 7 años, entra en una nueva etapa de su vida donde sus requerimientos nutricionales también cambian. Por esto debes suministrarle Nutrecan Senior, un alimento 100% completo y balanceado, de alta digestibilidad, que contiene ingredientes naturales que proporcionan una sana y sabrosa nutrición para tu perro, contrarrestando el paso de los años y haciéndolo más fuerte. Es un alimento completo y balanceado de alta digestibilidad, que contiene ingredientes naturales que proporcionan una sana y sabrosa nutrición para tu perro en la tercera edad.",https://www.plazacampo.com/nutrecan-senior-ext-8x2-kg-1-jpg/p?skuId=26,https://b2csolla.vteximg.com.br/arquivos/ids/4379600-1000-1500/Nutrecan-Senior-Ext-2-kg.jpg?v=639252793697100000,https://b2csolla.vteximg.com.br/arquivos/ids/4379603-1000-1500/Nutrecan-Senior-Ext-2-kg.jpg?v=639252793695630000,22800 COP,,in stock,new,Nutrecan,26,Perros > Nutrecan > Senior,Animals & Pet Supplies > Pet Supplies > Dog Supplies
13,Nutrecan Croquetas Adultos Ext 25 kg,"Es un alimento 100% completo y balanceado, que ha sido formulado con ingredientes de alta calidad para mantener en estado óptimo la salud de tu perro adulto. Ayuda a mantener una piel sana, gracias a sus ácidos grasos esenciales Omega 6 y 3, y a la mezcla de vitaminas A y E más Zinc. Los estudios de alimentación animal realizados por Solla S.A. usando los procedimientos de la AAFCO (Association of American Feed Control Officials/Asociación Americana de Organismos de Control Alimentario) garantizan que Nutrecan Croquetas Carne y Pollo, ofrece una nutrición completa y balanceada para perros de todas las razas.",https://www.plazacampo.com/nutrecan-croquetas-adultos-ext-25kg-1/p?skuId=13,https://b2csolla.vteximg.com.br/arquivos/ids/4380718-1000-1500/Nutrecan-Croquetas-Adultos-Ext-25-kg.webp?v=639246349911400000,"https://b2csolla.vteximg.com.br/arquivos/ids/4382058-1000-1500/Nutrecan-Croquetas-Adultos-Ext-25-kg.webp?v=639246515805670000,https://b2csolla.vteximg.com.br/arquivos/ids/4382059-1000-1500/Nutrecan-Croquetas-Adultos-Ext-25-kg.webp?v=639246515807100000,https://b2csolla.vteximg.com.br/arquivos/ids/4379716-1000-1500/Nutrecan-Croquetas-Adultos-Ext-25-kg.webp?v=639246515808530000",155500 COP,,in stock,new,Nutrecan Croquetas,13,Perros > Nutrecan Croquetas > Adultos,Animals & Pet Supplies > Pet Supplies > Dog Supplies
2,Nutrecan Senior Ext 16 kg,"Cuando tu perro tiene más de 7 años, entra en una nueva etapa de su vida donde sus requerimientos nutricionales también cambian. Por esto suministrale Nutrecan Senior, un alimento 100% completo y balanceado, de alta digestibilidad, que contiene ingredientes naturales que proporcionan una sana y sabrosa nutrición para tu perro, contrarrestando el paso de los años y haciéndolo más fuerte. Es un alimento completo y balanceado de alta digestibilidad, que contiene ingredientes naturales que proporcionan una sana y sabrosa nutrición para tu perro en la tercera edad.",https://www.plazacampo.com/nutrecan-senior-ext-16-kg-1-jpg/p?skuId=2,https://b2csolla.vteximg.com.br/arquivos/ids/4379168-1000-1500/Nutrecan-Senior-Ext-16-kg.jpg?v=638990605213570000,https://b2csolla.vteximg.com.br/arquivos/ids/4379170-1000-1500/Nutrecan-Senior-Ext-16-kg.jpg?v=638990605215930000,182400 COP,,in stock,new,Nutrecan,2,Perros > Nutrecan > Senior,Animals & Pet Supplies > Pet Supplies > Dog Supplies
36799,Lucky Castrados 2Kg,"Nutrición High Premium para Control de Peso y Vitalidad Lucky Gatos Castrados es una fórmula natural high premium diseñada para las necesidades de los gatos esterilizados. Ayuda a mantener un peso ideal, una digestión eficiente y una condición corporal óptima, sin perder sabor.*Este producto está recomendado solo para uso en gatos adultos* Beneficios clave: L-carnitina para favorecer la quema natural de grasas. Bajo en calorías y grasa, ideal para el metabolismo del gato castrado. Salmón de alta digestibilidad como fuente superior de proteína y ácidos grasos esenciales. Contribuye a conservar la masa muscular y niveles óptimos de energía. Ideal para: gatos adultos esterilizados que necesitan control de peso con nutrición de alto nivel.",https://www.plazacampo.com/lucky-castrados-ext-8x2kg-1/p?skuId=36799,https://b2csolla.vteximg.com.br/arquivos/ids/4380872-1000-1500/Lucky-Castrados-2Kg.jpg?v=639233604860670000,"https://b2csolla.vteximg.com.br/arquivos/ids/4380871-1000-1500/Lucky-Castrados-2Kg.jpg?v=639233784544270000,https://b2csolla.vteximg.com.br/arquivos/ids/4380873-1000-1500/Lucky-Castrados-2Kg.jpg?v=639233784546900000,https://b2csolla.vteximg.com.br/arquivos/ids/4380870-1000-1500/Lucky-Castrados-2Kg.jpg?v=639233784549400000",45400 COP,,in stock,new,Lucky Gatos,355,Gatos > Lucky Gatos > Castrados,Animals & Pet Supplies > Pet Supplies > Cat Supplies
36798,Lucky Castrados 500g,"Nutrición High Premium para Control de Peso y Vitalidad Lucky Gatos Castrados es una fórmula natural high premium diseñada para las necesidades de los gatos esterilizados. Ayuda a mantener un peso ideal, una digestión eficiente y una condición corporal óptima, sin perder sabor.*Este producto está recomendado solo para uso en gatos adultos* Beneficios clave: L-carnitina para favorecer la quema natural de grasas. Bajo en calorías y grasa, ideal para el metabolismo del gato castrado. Salmón de alta digestibilidad como fuente superior de proteína y ácidos grasos esenciales. Contribuye a conservar la masa muscular y niveles óptimos de energía. Ideal para: gatos adultos esterilizados que necesitan control de peso con nutrición de alto nivel.",https://www.plazacampo.com/lucky-castrados-ext-30x500g-1/p?skuId=36798,https://b2csolla.vteximg.com.br/arquivos/ids/4380866-1000-1500/Lucky-Castrados-500g.jpg?v=639239436831170000,"https://b2csolla.vteximg.com.br/arquivos/ids/4380869-1000-1500/Lucky-Castrados-500g.jpg?v=639239653086800000,https://b2csolla.vteximg.com.br/arquivos/ids/4380868-1000-1500/Lucky-Castrados-500g.jpg?v=639239653090030000,https://b2csolla.vteximg.com.br/arquivos/ids/4380867-1000-1500/Lucky-Castrados-500g.jpg?v=639239653091730000",14800 COP,,in stock,new,Lucky Gatos,354,Gatos > Lucky Gatos > Castrados,Animals & Pet Supplies > Pet Supplies > Cat Supplies
36796,Lucky Hipoalergénico 8Kg,"Nutrición High Premium Natural para Piel Sensible y Digestión Delicada. Lucky Hipoalergénico es un alimento high premium de alta tolerancia, diseñado para gatos con alergias, piel sensible o intolerancias alimentarias, ofreciendo protección desde el interior con ingredientes altamente funcionales. Beneficios funcionales: Con hígado de pollo hidrolizado, proteína de absorción superior. Con algas y linaza, fuente natural de Omega 3. Única fuente de proteína, ideal para dietas de exclusión. Ayuda a disminuir la picazón, fortalecer la piel y mejorar el pelaje. Ideal para: gatos con sensibilidad cutánea, digestiva o alergias alimentarias.",https://www.plazacampo.com/lucky-hipoalergenico-ext-8kg-1/p?skuId=36796,https://b2csolla.vteximg.com.br/arquivos/ids/4380863-1000-1500/Lucky-Hipoalergenico-8Kg.jpg?v=639256934131930000,"https://b2csolla.vteximg.com.br/arquivos/ids/4380862-1000-1500/Lucky-Hipoalergenico-8Kg.jpg?v=639257114231900000,https://b2csolla.vteximg.com.br/arquivos/ids/4380864-1000-1500/Lucky-Hipoalergenico-8Kg.jpg?v=639257114234300000,https://b2csolla.vteximg.com.br/arquivos/ids/4380865-1000-1500/Lucky-Hipoalergenico-8Kg.jpg?v=639257114235600000",183500 COP,,in stock,new,Lucky Gatos,353,Gatos > Lucky Gatos > Hipoalergénico,Animals & Pet Supplies > Pet Supplies > Cat Supplies
36794,Lucky Hipoalergénico 500g,"Nutrición High Premium Natural para Piel Sensible y Digestión Delicada. Lucky Hipoalergénico es un alimento high premium de alta tolerancia, diseñado para gatos con alergias, piel sensible o intolerancias alimentarias, ofreciendo protección desde el interior con ingredientes altamente funcionales. Beneficios funcionales: Con hígado de pollo hidrolizado, proteína de absorción superior. Con algas y linaza, fuente natural de Omega 3. Única fuente de proteína, ideal para dietas de exclusión. Ayuda a disminuir la picazón, fortalecer la piel y mejorar el pelaje. Ideal para: gatos con sensibilidad cutánea, digestiva o alergias alimentarias.",https://www.plazacampo.com/lucky-hipoalergenico-ext-30x500g-1/p?skuId=36794,https://b2csolla.vteximg.com.br/arquivos/ids/4380855-1000-1500/Lucky-Hipoalergenico-500g.jpg?v=639237060536100000,"https://b2csolla.vteximg.com.br/arquivos/ids/4380856-1000-1500/Lucky-Hipoalergenico-500g.jpg?v=639237060530400000,https://b2csolla.vteximg.com.br/arquivos/ids/4380857-1000-1500/Lucky-Hipoalergenico-500g.jpg?v=639237060532200000,https://b2csolla.vteximg.com.br/arquivos/ids/4380854-1000-1500/Lucky-Hipoalergenico-500g.jpg?v=639237060534130000",15900 COP,,in stock,new,Lucky Gatos,351,Gatos > Lucky Gatos > Hipoalergénico,Animals & Pet Supplies > Pet Supplies > Cat Supplies
36792,Lucky Cuidado Urinario 8Kg,"Nutrición High Premium para la Salud Urinaria Lucky Cuidado Urinario es una fórmula natural high premium diseñada para proteger el sistema urinario del gato, reducir infecciones y prevenir la formación de cálculos. *Este producto puede usarse en gatos cachorros y adultos* Beneficios clave: Arándanos naturales como apoyo clínico para la salud urinaria. pH urinario controlado y balanceado. Bajo contenido de magnesio para ayudar a prevenir cálculos. Soporte nutricional continuo para riñones y vejiga. Ideal para: gatos con tendencia a problemas urinarios o como cuidado preventivo diario.",https://www.plazacampo.com/lucky-cuidado-urinario-ext-8kg-1/p?skuId=36792,https://b2csolla.vteximg.com.br/arquivos/ids/4380849-1000-1500/Lucky-Cuidado-Urinario-8Kg.jpg?v=639218701256570000,"https://b2csolla.vteximg.com.br/arquivos/ids/4380850-1000-1500/Lucky-Cuidado-Urinario-8Kg.jpg?v=639218916840070000,https://b2csolla.vteximg.com.br/arquivos/ids/4380851-1000-1500/Lucky-Cuidado-Urinario-8Kg.jpg?v=639218916842870000,https://b2csolla.vteximg.com.br/arquivos/ids/4380852-1000-1500/Lucky-Cuidado-Urinario-8Kg.jpg?v=639218916844270000",162400 COP,,in stock,new,Lucky Gatos,350,Gatos > Lucky Gatos > Cuidado Urinario,Animals & Pet Supplies > Pet Supplies > Cat Supplies
36790,Lucky Cuidado Urinario 500g,"Nutrición High Premium para la Salud Urinaria Lucky Cuidado Urinario es una fórmula natural high premium diseñada para proteger el sistema urinario del gato, reducir infecciones y prevenir la formación de cálculos. *Este producto puede usarse en gatos cachorros y adultos* Beneficios clave: Arándanos naturales como apoyo clínico para la salud urinaria. pH urinario controlado y balanceado. Bajo contenido de magnesio para ayudar a prevenir cálculos. Soporte nutricional continuo para riñones y vejiga. Ideal para: gatos con tendencia a problemas urinarios o como cuidado preventivo diario.",https://www.plazacampo.com/lucky-cuidado-urinario-ext-30x500g-1/p?skuId=36790,https://b2csolla.vteximg.com.br/arquivos/ids/4382211-1000-1500/Lucky-Cuidado-Urinario-500g.jpg?v=639258445500830000,"https://b2csolla.vteximg.com.br/arquivos/ids/4382209-1000-1500/Lucky-Cuidado-Urinario-500g.jpg?v=639258445492000000,https://b2csolla.vteximg.com.br/arquivos/ids/4382210-1000-1500/Lucky-Cuidado-Urinario-500g.jpg?v=639258445494330000,https://b2csolla.vteximg.com.br/arquivos/ids/4382207-1000-1500/Lucky-Cuidado-Urinario-500g.jpg?v=639258445496400000",14501 COP,,in stock,new,Lucky Gatos,348,Gatos > Lucky Gatos > Cuidado Urinario,Animals & Pet Supplies > Pet Supplies > Cat Supplies
36800,Lucky Castrados 8Kg,"Nutrición High Premium para Control de Peso y Vitalidad Lucky Gatos Castrados es una fórmula natural high premium diseñada para las necesidades de los gatos esterilizados. Ayuda a mantener un peso ideal, una digestión eficiente y una condición corporal óptima, sin perder sabor.*Este producto está recomendado solo para uso en gatos adultos* Beneficios clave: L-carnitina para favorecer la quema natural de grasas. Bajo en calorías y grasa, ideal para el metabolismo del gato castrado. Salmón de alta digestibilidad como fuente superior de proteína y ácidos grasos esenciales. Contribuye a conservar la masa muscular y niveles óptimos de energía. Ideal para: gatos adultos esterilizados que necesitan control de peso con nutrición de alto nivel.",https://www.plazacampo.com/lucky-castrados-ext-8kg-1/p?skuId=36800,https://b2csolla.vteximg.com.br/arquivos/ids/4380838-1000-1500/Lucky-Castrados-8Kg.jpg?v=639242029168400000,"https://b2csolla.vteximg.com.br/arquivos/ids/4380835-1000-1500/Lucky-Castrados-8Kg.jpg?v=639242244377830000,https://b2csolla.vteximg.com.br/arquivos/ids/4380836-1000-1500/Lucky-Castrados-8Kg.jpg?v=639242244380270000,https://b2csolla.vteximg.com.br/arquivos/ids/4380837-1000-1500/Lucky-Castrados-8Kg.jpg?v=639242244381900000",166600 COP,,in stock,new,Lucky Gatos,347,Gatos > Lucky Gatos > Castrados,Animals & Pet Supplies > Pet Supplies > Cat Supplies
36851,Nutrecan Pavo 8 kg,"Nutrecan con pavo: es una fórmula premium especialmente diseñada para perros con sensibilidad digestiva o de la piel. Elaborado con pavo como fuente principal de proteína, es ideal para reducir el riesgo de alergias alimentarias y promover una digestión suave y equilibrada.",https://www.plazacampo.com/nutrecan-con-pavo-ext-8kg-1/p?skuId=36851,https://b2csolla.vteximg.com.br/arquivos/ids/4380831-1000-1500/Nutrecan-Pavo-8-kg.jpg?v=639253262087230000,"https://b2csolla.vteximg.com.br/arquivos/ids/4380568-1000-1500/Nutrecan-Pavo-8-kg.jpg?v=639253478051000000,https://b2csolla.vteximg.com.br/arquivos/ids/4380572-1000-1500/Nutrecan-Pavo-8-kg.jpg?v=639253478052800000,https://b2csolla.vteximg.com.br/arquivos/ids/4380561-1000-1500/Nutrecan-Pavo-8-kg.jpg?v=639253478054670000",88400 COP,,in stock,new,Nutrecan,311,Perros > Nutrecan > Adultos,Animals & Pet Supplies > Pet Supplies > Dog Supplies
36822,Nutrecat Tilapia Ext 10x1.5Kg,"La alimentación de los gatos adultos debe ser equilibrada para mantenerlos sanos, activos y con un sistema inmune fuerte. Nutrecat Tilapia combina proteínas de alta calidad, grasas saludables, vitaminas y minerales para cuidar su salud digestiva, muscular e inmunológica. Beneficios principales de Nutrecat Tilapia: Ideal para gatos con sistema digestivo sensible: proteína magra, altamente digestible y rica en aminoácidos que mantienen la salud intestinal y el equilibrio de la microbiota. - Fortalece los músculos: gracias a su aporte de fósforo y potasio, combinado con un bajo nivel de grasas saturadas que proporciona energía limpia. - Natural y seguro: libre de colorantes y sabores artificiales. Con Nutrecat Tilapia, tu gato recibe una nutrición completa, ligera y deliciosa para mantenerse sano y lleno de vitalidad.",https://www.plazacampo.com/nutrecat-tilapia-ext-1-5-kg-1/p?skuId=36822,https://b2csolla.vteximg.com.br/arquivos/ids/4379651-1000-1500/Nutrecat-Tilapia-Ext-10x15Kg.jpg?v=639257582172070000,"https://b2csolla.vteximg.com.br/arquivos/ids/4379654-1000-1500/Nutrecat-Tilapia-Ext-10x15Kg.jpg?v=639257797400200000,https://b2csolla.vteximg.com.br/arquivos/ids/4379646-1000-1500/Nutrecat-Tilapia-Ext-10x15Kg.jpg?v=639257797402570000,https://b2csolla.vteximg.com.br/arquivos/ids/4379643-1000-1500/Nutrecat-Tilapia-Ext-10x15Kg.jpg?v=639257797404200000",24900 COP,,in stock,new,Nutrecat,299,Gatos > Nutrecat > Alimento seco,Animals & Pet Supplies > Pet Supplies > Cat Supplies
40076,Camiseta Polo Blanca Solla Mujer,"Esta camiseta tipo polo marca Solla. Está hecha en tela piqué, reconocida por su textura fresca, su resistencia y su comodidad durante todo el día. Su diseño incorpora el logo bordado de Solla al frente, un detalle que le da identidad sin perder sobriedad.",https://www.plazacampo.com/camiseta-polo-blanca-solla-mujer-1/p?skuId=40076,https://b2csolla.vteximg.com.br/arquivos/ids/4379183-1000-1500/Camiseta-Polo-Blanca-Solla-Mujer.jpg?v=638990605251400000,https://b2csolla.vteximg.com.br/arquivos/ids/4379184-1000-1500/Camiseta-Polo-Blanca-Solla-Mujer.jpg?v=638990605252970000,80580 COP,,in stock,new,Solla,289,Moda Solla > Camisetas y Polos > Polo Mujer,Apparel & Accessories > Clothing
40077,Camiseta Polo Blanca Solla Mujer,"Esta camiseta tipo polo marca Solla. Está hecha en tela piqué, reconocida por su textura fresca, su resistencia y su comodidad durante todo el día. Su diseño incorpora el logo bordado de Solla al frente, un detalle que le da identidad sin perder sobriedad.",https://www.plazacampo.com/camiseta-polo-blanca-solla-mujer-1/p?skuId=40077,https://b2csolla.vteximg.com.br/arquivos/ids/4379187-1000-1500/Camiseta-Polo-Blanca-Solla-Mujer.jpg?v=638990605265530000,https://b2csolla.vteximg.com.br/arquivos/ids/4379188-1000-1500/Camiseta-Polo-Blanca-Solla-Mujer.jpg?v=638990605267500000,80580 COP,,in stock,new,Solla,289,Moda Solla > Camisetas y Polos > Polo Mujer,Apparel & Accessories > Clothing
40078,Camiseta Polo Blanca Solla Mujer,"Esta camiseta tipo polo marca Solla. Está hecha en tela piqué, reconocida por su textura fresca, su resistencia y su comodidad durante todo el día. Su diseño incorpora el logo bordado de Solla al frente, un detalle que le da identidad sin perder sobriedad.",https://www.plazacampo.com/camiseta-polo-blanca-solla-mujer-1/p?skuId=40078,https://b2csolla.vteximg.com.br/arquivos/ids/4379192-1000-1500/Camiseta-Polo-Blanca-Solla-Mujer.jpg?v=639220644977800000,https://b2csolla.vteximg.com.br/arquivos/ids/4379190-1000-1500/Camiseta-Polo-Blanca-Solla-Mujer.jpg?v=639220644975730000,80580 COP,,in stock,new,Solla,289,Moda Solla > Camisetas y Polos > Polo Mujer,Apparel & Accessories > Clothing
40079,Camiseta Polo Blanca Solla Mujer,"Esta camiseta tipo polo marca Solla. Está hecha en tela piqué, reconocida por su textura fresca, su resistencia y su comodidad durante todo el día. Su diseño incorpora el logo bordado de Solla al frente, un detalle que le da identidad sin perder sobriedad.",https://www.plazacampo.com/camiseta-polo-blanca-solla-mujer-1/p?skuId=40079,https://b2csolla.vteximg.com.br/arquivos/ids/4379193-1000-1500/Camiseta-Polo-Blanca-Solla-Mujer.jpg?v=638990605285700000,https://b2csolla.vteximg.com.br/arquivos/ids/4379195-1000-1500/Camiseta-Polo-Blanca-Solla-Mujer.jpg?v=638990605287100000,80580 COP,,in stock,new,Solla,289,Moda Solla > Camisetas y Polos > Polo Mujer,Apparel & Accessories > Clothing
198,Al Combate Text AGR 5 kg,"Suministre Al Combate Texturizado a los gallos de pelea a partir del inicio del entrenamiento y durante las riñas. Dosis diaria controlada de acuerdo con el peso esperado, la raza y la intensidad de trabajo durante el entrenamiento y el combate. Ración sugerida para el entrenamiento y el combate 50 – 70 gramos/ave / día.",https://www.plazacampo.com/al-combate-text-agr-5-x-5-kg-1-jpg/p?skuId=198,https://b2csolla.vteximg.com.br/arquivos/ids/4379952-1000-1500/Al-Combate-Text-AGR-5-kg.jpg?v=639247214069670000,https://b2csolla.vteximg.com.br/arquivos/ids/4379950-1000-1500/Al-Combate-Text-AGR-5-kg.jpg?v=639247214067570000,15400 COP,,in stock,new,Agrinal,198,Avicultura > Agrinal > Pollo de engorde,Business & Industrial > Agriculture > Animal Husbandry
100,Campeon Adultos Pel 40 kg,"Campeón Adultos Alimento peletizado, indicado para equinos a partir de los 18 meses de edad, completando su desarrollo, durante el adiestramiento, y para equinos adultos con trabajo intenso a moderado, como complemento a los forrajes que siempre deben ser de la mejor calidad. Ofrecerlo en mínimo tres raciones al día.",https://www.plazacampo.com/campeon-adultos-pel-40-kg-1-jpg/p?skuId=100,https://b2csolla.vteximg.com.br/arquivos/ids/4380499-1000-1500/Campeon-Adultos-Pel-40-kg.jpg?v=639123770694030000,https://b2csolla.vteximg.com.br/arquivos/ids/4380496-1000-1500/Campeon-Adultos-Pel-40-kg.jpg?v=639123770691970000,75000 COP,,in stock,new,Solla,100,Equinos > Solla > Desarrollo,Business & Industrial > Agriculture > Animal Husbandry
78,Smart Ext  1 kg,"Smart, es un alimento completo ideal paras gatos adultos, hembras gestantes y lactantes, así como para cachorros lactantes como complemento a la leche materna. Es un alimento completo, nutritivo, científicamente balanceado en proteínas de alta calidad, carbohidratos, vitaminas y minerales. Tiene un irresistible sabor y está diseñado para gatos de todas las razas y en todas las edades de la vida. La fórmula de Smart asegura un pelaje sedoso y larga vida a tu gato.",https://www.plazacampo.com/smart-ext-15-x-1-kg-1-jpg/p?skuId=78,https://b2csolla.vteximg.com.br/arquivos/ids/4380729-1000-1500/Smart-Ext--1-kg.jpg?v=639153432726330000,"https://b2csolla.vteximg.com.br/arquivos/ids/4380727-1000-1500/Smart-Ext--1-kg.jpg?v=639153432721200000,https://b2csolla.vteximg.com.br/arquivos/ids/4379757-1000-1500/Smart-Ext--1-kg.jpg?v=639153432723400000,https://b2csolla.vteximg.com.br/arquivos/ids/4379761-1000-1500/Smart-Ext--1-kg.jpg?v=639153432725100000",9000 COP,,in stock,new,Smart,78,Gatos > Smart > Alimento seco,Animals & Pet Supplies > Pet Supplies > Cat Supplies
70,Sabueso  Adultos Ext 20 kg,"Alimento completo extruido, cuya formula está recomendada para alimentar perros adultos en mantenimiento. Conoce más presentaciones de este producto aquí.",https://www.plazacampo.com/sabueso-adultos-ext-20-kg-1-jpg/p?skuId=70,https://b2csolla.vteximg.com.br/arquivos/ids/4380714-1000-1500/Sabueso -Adultos-Ext-20-kg.jpg?v=639255385908130000,"https://b2csolla.vteximg.com.br/arquivos/ids/4380716-1000-1500/Sabueso -Adultos-Ext-20-kg.jpg?v=639255853880100000,https://b2csolla.vteximg.com.br/arquivos/ids/4379692-1000-1500/Sabueso -Adultos-Ext-20-kg.jpg?v=639255853882230000,https://b2csolla.vteximg.com.br/arquivos/ids/4379690-1000-1500/Sabueso -Adultos-Ext-20-kg.jpg?v=639255853884300000",94600 COP,,in stock,new,Sabueso,70,Perros > Sabueso > Adultos,Animals & Pet Supplies > Pet Supplies > Dog Supplies
68,Q-Ida Can Adultos Ext 15 Kg,"Q-Ida Can Adultos, es un alimento extruido, completo y balanceado cuya fórmula está recomendada para alimentar perros adultos en mantenimiento.",https://www.plazacampo.com/q-ida-can-adultos-ext-15-kg-1/p?skuId=68,https://b2csolla.vteximg.com.br/arquivos/ids/4382198-1000-1500/Q-Ida-Can-Adultos-Ext-15 Kg.jpg?v=639233500713000000,"https://b2csolla.vteximg.com.br/arquivos/ids/4382199-1000-1500/Q-Ida-Can-Adultos-Ext-15 Kg.jpg?v=639233500716000000,https://b2csolla.vteximg.com.br/arquivos/ids/4382200-1000-1500/Q-Ida-Can-Adultos-Ext-15 Kg.jpg?v=639233500717870000,https://b2csolla.vteximg.com.br/arquivos/ids/4382201-1000-1500/Q-Ida-Can-Adultos-Ext-15 Kg.jpg?v=639229466108300000",64901 COP,,in stock,new,Q-ida Can,68,Perros > Q-ida Can > Adultos,Animals & Pet Supplies > Pet Supplies > Dog Supplies
16,Nutrecan Light Ext 25 kg,"Alimento completo y balanceado para perros adultos con problemas o tendencia a la obesidad.Toda aquella energía que el perro consuma de más, y que no sea capaz de emplear y gastar, automáticamente se convertirá en tejido graso, dando lugar a la obesidad. Esta, suele desencadenar la aparición de otras enfermedades tan importantes como son: artritis, diabetes mellitus, problemas inmunológicos, patologías cardíacas, digestivas, hepáticas y respiratorias, la imposibilidad de termo regularse adecuadamente y el acortamiento de la propia vida.",https://www.plazacampo.com/nutrecan-light-ext-25-kg-1-jpg/p?skuId=16,https://b2csolla.vteximg.com.br/arquivos/ids/4379663-1000-1500/Nutrecan-Light-Ext-25-kg.jpg?v=639223886193530000,https://b2csolla.vteximg.com.br/arquivos/ids/4379664-1000-1500/Nutrecan-Light-Ext-25-kg.jpg?v=639223886191830000,351000 COP,,in stock,new,Nutrecan,16,Perros > Nutrecan > Light,Animals & Pet Supplies > Pet Supplies > Dog Supplies
14,Nutrecan Light Ext 2 kg,"Alimento completo y balanceado para perros adultos con problemas o tendencia a la obesidad. Toda aquella energía que el perro consuma de más, y que no sea capaz de emplear y gastar, automáticamente se convertirá en tejido graso, dando lugar a la obesidad. Esta, suele desencadenar la aparición de otras enfermedades tan importantes como son: artritis, diabetes mellitus, problemas inmunológicos, patologías cardíacas, digestivas, hepáticas y respiratorias, la imposibilidad de termo regularse adecuadamente y el acortamiento de la propia vida.",https://www.plazacampo.com/nutrecan-light-ext-8x2-kg-1-jpg/p?skuId=14,https://b2csolla.vteximg.com.br/arquivos/ids/4379660-1000-1500/Nutrecan-Light-Ext-2-kg.jpg?v=638998382052430000,https://b2csolla.vteximg.com.br/arquivos/ids/4379659-1000-1500/Nutrecan-Light-Ext-2-kg.jpg?v=638998382050530000,28600 COP,,in stock,new,Nutrecan,14,Perros > Nutrecan > Light,Animals & Pet Supplies > Pet Supplies > Dog Supplies
11,Nutrecan Croquetas Cachorros Ext 4kg,"Nutrecan Croquetas Cachorros, es un alimento extruido, 100% completo y balanceado, que ha sido formulado con ingredientes de la más alta calidad para promover el óptimo desarrollo de los cachorros. Ayuda a mantener una piel sana gracias a sus ácidos grasos esenciales Omega 6, y a la mezcla de vitaminas A y E.",https://www.plazacampo.com/nutrecan-croquetas-cachorros-ext-4kg-1/p?skuId=11,https://b2csolla.vteximg.com.br/arquivos/ids/4382081-1000-1500/Nutrecan-Croquetas-Cachorros-Ext-4kg.webp?v=639255853106330000,"https://b2csolla.vteximg.com.br/arquivos/ids/4382083-1000-1500/Nutrecan-Croquetas-Cachorros-Ext-4kg.webp?v=639255937105130000,https://b2csolla.vteximg.com.br/arquivos/ids/4382088-1000-1500/Nutrecan-Croquetas-Cachorros-Ext-4kg.webp?v=639255937106500000,https://b2csolla.vteximg.com.br/arquivos/ids/4379584-1000-1500/Nutrecan-Croquetas-Cachorros-Ext-4kg.webp?v=639255937107870000",30900 COP,,in stock,new,Nutrecan Croquetas,11,Perros > Nutrecan Croquetas > Cachorros,Animals & Pet Supplies > Pet Supplies > Dog Supplies
3,Nutrecan Senior Ext 8 kg,"Cuando tu perro tiene más de 7 años, entra en una nueva etapa de su vida donde sus requerimientos nutricionales también cambian. Por esto suministrale Nutrecan Senior, un alimento 100% completo y balanceado, de alta digestibilidad, que contiene ingredientes naturales que proporcionan una sana y sabrosa nutrición para tu perro, contrarrestando el paso de los años y haciéndolo más fuerte. Es un alimento completo y balanceado de alta digestibilidad, que contiene ingredientes naturales que proporcionan una sana y sabrosa nutrición para tu perro en la tercera edad.",https://www.plazacampo.com/nutrecan-senior-ext-8-kg-1-jpg/p?skuId=3,https://b2csolla.vteximg.com.br/arquivos/ids/4379172-1000-1500/Nutrecan-Senior-Ext-8-kg.jpg?v=639202682106100000,https://b2csolla.vteximg.com.br/arquivos/ids/4379174-1000-1500/Nutrecan-Senior-Ext-8-kg.jpg?v=639202682103070000,91200 COP,,in stock,new,Nutrecan,3,Perros > Nutrecan > Senior,Animals & Pet Supplies > Pet Supplies > Dog Supplies
40111,Bolsa Ecológica Reutilizable Nutrecat,"Bolsa ecológica reutilizable tipo tote, ideal para tus compras del día a día. Fabricada en poliéster resistente, cuenta con un diseño frontal moderno y amplio espacio para llevar todo lo que necesitas con comodidad. Sus cargaderas permiten un transporte práctico al hombro, soportando entre 10 y 15 kg. Perfecta para mercado, hogar o uso diario, reduciendo el uso de bolsas plásticas.",https://www.plazacampo.com/tote_bag_nutrecat/p?skuId=40111,https://b2csolla.vteximg.com.br/arquivos/ids/4380878-1000-1500/Bolsa-Ecologica-Reutilizable-Nutrecat.jpg?v=639198181517970000,,25347 COP,,in stock,new,Solla,359,Moda Solla > Accesorios > Cartucheras,Apparel & Accessories > Clothing
40110,Bolsa Ecológica Reutilizable Nutrecan,"Bolsa ecológica reutilizable tipo tote, ideal para tus compras del día a día. Fabricada en poliéster resistente, cuenta con un diseño frontal moderno y amplio espacio para llevar todo lo que necesitas con comodidad. Sus cargaderas permiten un transporte práctico al hombro, soportando entre 10 y 15 kg. Perfecta para mercado, hogar o uso diario, reduciendo el uso de bolsas plásticas.",https://www.plazacampo.com/tote_bag_nutrecan/p?skuId=40110,https://b2csolla.vteximg.com.br/arquivos/ids/4380876-1000-1500/Bolsa-Ecologica-Reutilizable-Nutrecan.jpg?v=639203365555930000,,25347 COP,,in stock,new,Solla,358,Moda Solla > Accesorios > Cartucheras,Apparel & Accessories > Clothing
40109,Bolsa Ecológica Reutilizable  Lucky,"Bolsa ecológica reutilizable tipo tote, ideal para tus compras del día a día. Fabricada en poliéster resistente, cuenta con un diseño frontal moderno y amplio espacio para llevar todo lo que necesitas con comodidad. Sus cargaderas permiten un transporte práctico al hombro, soportando entre 10 y 15 kg. Perfecta para mercado, hogar o uso diario, reduciendo el uso de bolsas plásticas.",https://www.plazacampo.com/tote_bag_lucky/p?skuId=40109,https://b2csolla.vteximg.com.br/arquivos/ids/4380877-1000-1500/Bolsa-Ecologica-Reutilizable--Lucky.jpg?v=639119557259530000,,25347 COP,,in stock,new,Solla,357,Moda Solla > Accesorios > Cartucheras,Apparel & Accessories > Clothing
36860,Nutrecan Salmon 25 kg,"Nutrecan con salmón: es una fórmula premium desarrollada para promover el desarrollo y la recuperación muscular, al tiempo que apoya la salud cardiovascular y el bienestar general de tu mascota. Elaborado con salmón como fuente principal de proteína y ácidos grasos esenciales, ofrece una nutrición equilibrada y altamente beneficiosa.",https://www.plazacampo.com/nutrecan-con-salmon-ext-25kg-1/p?skuId=36860,https://b2csolla.vteximg.com.br/arquivos/ids/4380046-1000-1500/Nutrecan-Salmon-25-kg.jpg?v=639171576922900000,"https://b2csolla.vteximg.com.br/arquivos/ids/4380049-1000-1500/Nutrecan-Salmon-25-kg.jpg?v=639172044847600000,https://b2csolla.vteximg.com.br/arquivos/ids/4380054-1000-1500/Nutrecan-Salmon-25-kg.jpg?v=639172044850270000,https://b2csolla.vteximg.com.br/arquivos/ids/4380051-1000-1500/Nutrecan-Salmon-25-kg.jpg?v=639172044852600000",308501 COP,,in stock,new,Nutrecan,336,Perros > Nutrecan > Adultos,Animals & Pet Supplies > Pet Supplies > Dog Supplies
36857,Nutrecan Salmon  6 kg,"Nutrecan con salmón: es una fórmula premium desarrollada para promover el desarrollo y la recuperación muscular, al tiempo que apoya la salud cardiovascular y el bienestar general de tu mascota. Elaborado con salmón como fuente principal de proteína y ácidos grasos esenciales, ofrece una nutrición equilibrada y altamente beneficiosa.",https://www.plazacampo.com/nutrecan-con-salmon-ext-6kg-1/p?skuId=36857,https://b2csolla.vteximg.com.br/arquivos/ids/4380594-1000-1500/Nutrecan-Salmon--6-kg.jpg?v=639258662408470000,"https://b2csolla.vteximg.com.br/arquivos/ids/4380592-1000-1500/Nutrecan-Salmon--6-kg.jpg?v=639258842225270000,https://b2csolla.vteximg.com.br/arquivos/ids/4380600-1000-1500/Nutrecan-Salmon--6-kg.jpg?v=639258842227270000,https://b2csolla.vteximg.com.br/arquivos/ids/4380776-1000-1500/Nutrecan-Salmon--6-kg.jpg?v=639258842230800000",74000 COP,,in stock,new,Nutrecan,333,Perros > Nutrecan > Adultos,Animals & Pet Supplies > Pet Supplies > Dog Supplies
36839,Nutrecan Avena y Banano 16 kg,"Nutrecan con avena y banano: está formulado con ingredientes naturales y de consumo humano para cachorros con estómagos sensibles. Su mezcla de avena, rica en fibra soluble, y banano, fuente de potasio y vitaminas, favorece la digestión y el tránsito intestinal. ¡Sin colorantes ni sabores artificiales!",https://www.plazacampo.com/nutrecan-con-avena-y-banano-ext-16kg-1/p?skuId=36839,https://b2csolla.vteximg.com.br/arquivos/ids/4380428-1000-1500/Nutrecan-Avena-y-Banano-16-kg.jpg?v=639220430489400000,"https://b2csolla.vteximg.com.br/arquivos/ids/4380432-1000-1500/Nutrecan-Avena-y-Banano-16-kg.jpg?v=639220646465900000,https://b2csolla.vteximg.com.br/arquivos/ids/4380418-1000-1500/Nutrecan-Avena-y-Banano-16-kg.jpg?v=639220646472430000,https://b2csolla.vteximg.com.br/arquivos/ids/4380435-1000-1500/Nutrecan-Avena-y-Banano-16-kg.jpg?v=639220646477230000",203800 COP,,in stock,new,Nutrecan,329,Perros > Nutrecan > Cachorros,Animals & Pet Supplies > Pet Supplies > Dog Supplies
36865,Nutrecan Salmon Y Queso Madurado 8 kg,"Nutrecan con salmón y queso madurado: es una fórmula especialmente diseñada para perros adultos mayores o con menor nivel de actividad, que necesitan mantener su fuerza muscular y vitalidad sin un exceso de grasa. Su combinación de ingredientes premium favorece el equilibrio entre energía, salud ósea y bienestar general",https://www.plazacampo.com/nutrecan-con-salmon-y-queso-madurado-ext-8kg-1/p?skuId=36865,https://b2csolla.vteximg.com.br/arquivos/ids/4379904-1000-1500/Nutrecan-Salmon-Y-Queso-Madurado-8-kg.jpg?v=639222374307200000,"https://b2csolla.vteximg.com.br/arquivos/ids/4379909-1000-1500/Nutrecan-Salmon-Y-Queso-Madurado-8-kg.jpg?v=639222374299400000,https://b2csolla.vteximg.com.br/arquivos/ids/4380766-1000-1500/Nutrecan-Salmon-Y-Queso-Madurado-8-kg.jpg?v=639222374301100000,https://b2csolla.vteximg.com.br/arquivos/ids/4379918-1000-1500/Nutrecan-Salmon-Y-Queso-Madurado-8-kg.jpg?v=639222374302200000",100601 COP,,in stock,new,Nutrecan,318,Perros > Nutrecan > Senior,Animals & Pet Supplies > Pet Supplies > Dog Supplies
36863,Nutrecan Salmon Y Queso Madurado 2 kg,"Nutrecan con salmón y queso madurado: es una fórmula especialmente diseñada para perros adultos mayores o con menor nivel de actividad, que necesitan mantener su fuerza muscular y vitalidad sin un exceso de grasa. Su combinación de ingredientes premium favorece el equilibrio entre energía, salud ósea y bienestar general",https://www.plazacampo.com/nutrecan-con-salmon-y-queso-madurado-ext-2kg-1/p?skuId=36863,https://b2csolla.vteximg.com.br/arquivos/ids/4380057-1000-1500/Nutrecan-Salmon-Y-Queso-Madurado-2-kg.jpg?v=639123771024800000,"https://b2csolla.vteximg.com.br/arquivos/ids/4380056-1000-1500/Nutrecan-Salmon-Y-Queso-Madurado-2-kg.jpg?v=639123852308500000,https://b2csolla.vteximg.com.br/arquivos/ids/4380064-1000-1500/Nutrecan-Salmon-Y-Queso-Madurado-2-kg.jpg?v=639123852310600000,https://b2csolla.vteximg.com.br/arquivos/ids/4380062-1000-1500/Nutrecan-Salmon-Y-Queso-Madurado-2-kg.jpg?v=639123852312170000",25100 COP,,in stock,new,Nutrecan,316,Perros > Nutrecan > Senior,Animals & Pet Supplies > Pet Supplies > Dog Supplies
36849,Nutrecan Pavo 2 kg,"Nutrecan con pavo: es una fórmula premium especialmente diseñada para perros con sensibilidad digestiva o de la piel. Elaborado con pavo como fuente principal de proteína, es ideal para reducir el riesgo de alergias alimentarias y promover una digestión suave y equilibrada.",https://www.plazacampo.com/nutrecan-con-pavo-ext-8x2kg-1/p?skuId=36849,https://b2csolla.vteximg.com.br/arquivos/ids/4380348-1000-1500/Nutrecan-Pavo 2-kg.jpg?v=639251750111670000,"https://b2csolla.vteximg.com.br/arquivos/ids/4380356-1000-1500/Nutrecan-Pavo 2-kg.jpg?v=639251750101930000,https://b2csolla.vteximg.com.br/arquivos/ids/4380344-1000-1500/Nutrecan-Pavo 2-kg.jpg?v=639251750104570000,https://b2csolla.vteximg.com.br/arquivos/ids/4380350-1000-1500/Nutrecan-Pavo 2-kg.jpg?v=639251750106200000",22500 COP,,in stock,new,Nutrecan,309,Perros > Nutrecan > Adultos,Animals & Pet Supplies > Pet Supplies > Dog Supplies
36846,Nutrecan Pollo  25 kg,"Nutrecan con pollo: una receta premium con biotina, omegas 3 y 6 para un pelaje fuerte, brillante y una piel saludable. Sin colorantes ni sabores artificiales, con croquetas fáciles de masticar y una fórmula digestiva que cuida su bienestar desde adentro.",https://www.plazacampo.com/nutrecan-con-pollo-ext-25kg-1/p?skuId=36846,https://b2csolla.vteximg.com.br/arquivos/ids/4380229-1000-1500/Nutrecan-Pollo--25-kg.jpg?v=639249806108470000,"https://b2csolla.vteximg.com.br/arquivos/ids/4380233-1000-1500/Nutrecan-Pollo--25-kg.jpg?v=639250022348730000,https://b2csolla.vteximg.com.br/arquivos/ids/4380238-1000-1500/Nutrecan-Pollo--25-kg.jpg?v=639250022350500000,https://b2csolla.vteximg.com.br/arquivos/ids/4380248-1000-1500/Nutrecan-Pollo--25-kg.jpg?v=639250022352200000",276400 COP,,in stock,new,Nutrecan,307,Perros > Nutrecan > Adultos,Animals & Pet Supplies > Pet Supplies > Dog Supplies
36844,Nutrecan Pollo  8 kg,"Nutrecan con pollo: una receta premium con biotina, omegas 3 y 6 para un pelaje fuerte, brillante y una piel saludable. Sin colorantes ni sabores artificiales, con croquetas fáciles de masticar y una fórmula digestiva que cuida su bienestar desde adentro.",https://www.plazacampo.com/nutrecan-con-pollo-ext-8kg-1/p?skuId=36844,https://b2csolla.vteximg.com.br/arquivos/ids/4380439-1000-1500/Nutrecan-Pollo -8-kg.jpg?v=639254342005870000,"https://b2csolla.vteximg.com.br/arquivos/ids/4380458-1000-1500/Nutrecan-Pollo -8-kg.jpg?v=639254522151330000,https://b2csolla.vteximg.com.br/arquivos/ids/4380453-1000-1500/Nutrecan-Pollo -8-kg.jpg?v=639254522153000000,https://b2csolla.vteximg.com.br/arquivos/ids/4380449-1000-1500/Nutrecan-Pollo -8-kg.jpg?v=639254522154530000",88400 COP,,in stock,new,Nutrecan,305,Perros > Nutrecan > Adultos,Animals & Pet Supplies > Pet Supplies > Dog Supplies
36823,Nutrecat Tilapia Ext 8 kg,"La alimentación de los gatos adultos debe ser equilibrada para mantenerlos sanos, activos y con un sistema inmune fuerte. Nutrecat Tilapia combina proteínas de alta calidad, grasas saludables, vitaminas y minerales para cuidar su salud digestiva, muscular e inmunológica. Beneficios principales de Nutrecat Tilapia: Ideal para gatos con sistema digestivo sensible: proteína magra, altamente digestible y rica en aminoácidos que mantienen la salud intestinal y el equilibrio de la microbiota. - Fortalece los músculos: gracias a su aporte de fósforo y potasio, combinado con un bajo nivel de grasas saturadas que proporciona energía limpia. - Natural y seguro: libre de colorantes y sabores artificiales. Con Nutrecat Tilapia, tu gato recibe una nutrición completa, ligera y deliciosa para mantenerse sano y lleno de vitalidad.",https://www.plazacampo.com/nutrecat-tilapia-ext-8-kg-1/p?skuId=36823,https://b2csolla.vteximg.com.br/arquivos/ids/4379562-1000-1500/Nutrecat-Tilapia-Ext-8-kg.jpg?v=639233389230630000,"https://b2csolla.vteximg.com.br/arquivos/ids/4379546-1000-1500/Nutrecat-Tilapia-Ext-8-kg.jpg?v=639233500311700000,https://b2csolla.vteximg.com.br/arquivos/ids/4379558-1000-1500/Nutrecat-Tilapia-Ext-8-kg.jpg?v=639233500313400000,https://b2csolla.vteximg.com.br/arquivos/ids/4379553-1000-1500/Nutrecat-Tilapia-Ext-8-kg.jpg?v=639233500315430000",94900 COP,,in stock,new,Nutrecat,300,Gatos > Nutrecat > Alimento seco,Animals & Pet Supplies > Pet Supplies > Cat Supplies
36818,Nutrecat con leche deslactosada Ext 10 x 1.5kg,"La nutrición en los gatitos es clave durante sus primeros meses, ya que necesitan una alimentación rica en proteínas, grasas saludables y nutrientes esenciales que respalden su crecimiento y fortalezcan sus defensas. Por eso creamos Nutrecat con Leche Deslactosada, una fórmula diseñada especialmente para gatitos con sensibilidad a la lactosa: - Digestión saludable: ayuda a regular el tránsito intestinal y puede aliviar diarreas leves. - Crecimiento fuerte: aporta calcio, fósforo y vitamina D para un desarrollo óptimo de huesos y dientes. - Seguro y natural: libre de colorantes y sabores artificiales. Dale a tu gatito el inicio saludable que merece con Nutrecat con Leche Deslactosada.",https://www.plazacampo.com/nutrecat-con-leche-deslactosada-ext-10x1-5-kg-1/p?skuId=36818,https://b2csolla.vteximg.com.br/arquivos/ids/4379521-1000-1500/Nutrecat-con-leche-deslactosada-Ext-10-x-15kg.jpg?v=639248473395800000,"https://b2csolla.vteximg.com.br/arquivos/ids/4379530-1000-1500/Nutrecat-con-leche-deslactosada-Ext-10-x-15kg.jpg?v=639248940795270000,https://b2csolla.vteximg.com.br/arquivos/ids/4379532-1000-1500/Nutrecat-con-leche-deslactosada-Ext-10-x-15kg.jpg?v=639248940797270000,https://b2csolla.vteximg.com.br/arquivos/ids/4379518-1000-1500/Nutrecat-con-leche-deslactosada-Ext-10-x-15kg.jpg?v=639248940799530000",27400 COP,,in stock,new,Nutrecat,296,Gatos > Nutrecat > Alimento seco,Animals & Pet Supplies > Pet Supplies > Cat Supplies
256,Truchas 43% Ext 40 kg,"Truchas 43% Ext 40 kg, alimento completo para la fase de levante de trucha arco iris. Es un producto extruido de alta energía, con un nivel de proteína por encima del 43% y con niveles de grasa mínimos al 12%, que garantizan un levante ideal de las truchas en la fase intermedia de crecimiento, obteniendo la mejor relación costo – beneficio en su cultivo.",https://www.plazacampo.com/truchas-43-ext-40-kg-30388/p?skuId=256,https://b2csolla.vteximg.com.br/arquivos/ids/3347709-1000-1500/Truchas-43--Ext-40-kg.jpg?v=638858703439830000,,214200 COP,,in stock,new,Solla,256,Acuicultura > Solla > Aguas frías,Business & Industrial > Agriculture > Animal Husbandry
249,Mojarra 45% Ext 2.0mm 40 Kg,"Mojarra 45% Ext 2.0mm 40 Kg, es un alimento con niveles de proteína por encima de 45% y con niveles de grasa mínimos de 5%, especialmente diseñado para la primera etapa de alimentación de mojarra /tilapias.",https://www.plazacampo.com/mojarra-45--ext-2-0mm-40-kg-1-jpg/p?skuId=249,https://b2csolla.vteximg.com.br/arquivos/ids/4379657-1000-1500/Mojarra-45--Ext-20mm-40-Kg.jpg?v=639122914320200000,https://b2csolla.vteximg.com.br/arquivos/ids/4379658-1000-1500/Mojarra-45--Ext-20mm-40-Kg.jpg?v=639122914318000000,193600 COP,,in stock,new,Solla,249,Acuicultura > Solla > Aguas cálidas,Business & Industrial > Agriculture > Animal Husbandry
246,Mojarra 24% Ext 40 kg,"Mojarra 24% Ext 40 kg, es un producto con un nivel de proteína por encima del 24% y con niveles de grasa mínimos al 2.5%, que garantizan los mejores beneficios económicos en la fase final de engorde. Este producto genera menores pérdidas por acumulación.",https://www.plazacampo.com/mojarra-24--ext-40-kg-1-jpg/p?skuId=246,https://b2csolla.vteximg.com.br/arquivos/ids/4379085-1000-1500/Mojarra-24--Ext-40-kg.jpg?v=639254341087170000,https://b2csolla.vteximg.com.br/arquivos/ids/4379082-1000-1500/Mojarra-24--Ext-40-kg.jpg?v=639254341085030000,115700 COP,,in stock,new,Solla,246,Acuicultura > Solla > Aguas cálidas,Business & Industrial > Agriculture > Animal Husbandry
235,Tilapia 45 Hna AGR 40 kg,"Tilapia 45 Hna AGR 40 kg, es un alimento con niveles de proteína por encima de 45% y con niveles de grasa mínimos de 4%, especialmente diseñado para la primera etapa de alimentación de las tilapias (mojarras).",https://www.plazacampo.com/tilapia-45-hna-agr-40-kg-1-jpg/p?skuId=235,https://b2csolla.vteximg.com.br/arquivos/ids/4379875-1000-1500/Tilapia-45-Hna-AGR-40-kg.jpg?v=639124922372800000,https://b2csolla.vteximg.com.br/arquivos/ids/4379876-1000-1500/Tilapia-45-Hna-AGR-40-kg.jpg?v=639124922370930000,181400 COP,,in stock,new,Agrinal,235,Acuicultura > Agrinal > Aguas cálidas,Business & Industrial > Agriculture > Animal Husbandry
214,Codornices Cr 40 kg,CODORNICES POSTURA tiene un excelente balance en su fórmula que asegura un rendimiento superior en cantidad y calidad de los huevos producidos. Se utiliza desde la sexta semana (42 días) hasta el final de la etapa productiva,https://www.plazacampo.com/codornices-cr-40-kg-1-jpg/p?skuId=214,https://b2csolla.vteximg.com.br/arquivos/ids/4379178-1000-1500/Codornices-Cr-40-kg.jpg?v=639119466418600000,https://b2csolla.vteximg.com.br/arquivos/ids/4379177-1000-1500/Codornices-Cr-40-kg.jpg?v=639119466416300000,86700 COP,,in stock,new,Solla,214,Avicultura > Solla > Codornices,Business & Industrial > Agriculture > Animal Husbandry
211,Ponedoras I Hna 40 kg,"PONEDORAS I tiene un balance perfecto en sus nutrientes que aseguran un rendimiento superior en cantidad y calidad, obteniendo los parámetros zootécnicos que las guías genéticas exigen. Nuestro valor agregado radica en cáscara fuerte, mejor tamaño de huevo y yema más amarilla, condiciones del producto que genera confianza y tranquilidad en el consumidor.",https://www.plazacampo.com/ponedoras-i-hna-40-kg-1-jpg/p?skuId=211,https://b2csolla.vteximg.com.br/arquivos/ids/4380373-1000-1500/Ponedoras-I-Hna-40-kg.jpg?v=639123771270730000,https://b2csolla.vteximg.com.br/arquivos/ids/4380371-1000-1500/Ponedoras-I-Hna-40-kg.jpg?v=639123771268870000,78100 COP,,in stock,new,Solla,211,Avicultura > Solla > Postura,Business & Industrial > Agriculture > Animal Husbandry
182,Ceba Cerdos Pel 40 kg,"Cebacerdos, es un alimento económico que Solla ofrece para el engorde de cerdos, para utilizar en cerdos de ceba, en pastoreo o de producciones no intensivas. Específicamente para el período de engorde comprendido entre los 70 kg y el beneficio.",https://www.plazacampo.com/ceba-cerdos-pel-40-kg-1-jpg/p?skuId=182,https://b2csolla.vteximg.com.br/arquivos/ids/4379399-1000-1500/Ceba-Cerdos-Pel-40-kg.jpg?v=639166213939900000,https://b2csolla.vteximg.com.br/arquivos/ids/4379400-1000-1500/Ceba-Cerdos-Pel-40-kg.jpg?v=639166213938170000,65100 COP,,in stock,new,Solla,182,Porcicultura > Solla > Ceba,Business & Industrial > Agriculture > Animal Husbandry
133,Nutrebloque PSP 25 kg,"NUTREBLOQUE PSP ® (proteína de sobrepaso), estimula el consumo de forrajes e incrementa su digestibilidad y aprovechamiento, por lo cual, aumenta la productividad del ganado en términos de reproducción, ganancia de peso, producción de leche y reservas corporales especialmente en épocas de verano.",https://www.plazacampo.com/nutrebloque-psp-25-kg-1-jpg/p?skuId=133,https://b2csolla.vteximg.com.br/arquivos/ids/4379820-1000-1500/Nutrebloque-PSP-25-kg.jpg?v=639123769858030000,https://b2csolla.vteximg.com.br/arquivos/ids/4379822-1000-1500/Nutrebloque-PSP-25-kg.jpg?v=639123769855770000,84900 COP,,in stock,new,Solla,133,Ganadería > Solla > Producción,Business & Industrial > Agriculture > Animal Husbandry
111,Solla Conejos Pel 1 kg,"SOLLA CONEJOS, el alimento completo y económico, formulado con ingredientes de excelente calidad, destinado a la alimentación de conejos de todas las razas en las etapas de cría, levante y engorde, con el fin de suplementarlos de una manera económica y obtener buenos rendimientos productivos y reproductivos.",https://www.plazacampo.com/solla-conejos-pel-20-x-1-kg-1-jpg/p?skuId=111,https://b2csolla.vteximg.com.br/arquivos/ids/4379196-1000-1500/Solla-Conejos-Pel-1-kg.jpg?v=639123515718900000,https://b2csolla.vteximg.com.br/arquivos/ids/4379194-1000-1500/Solla-Conejos-Pel-1-kg.jpg?v=639123515717800000,2300 COP,,in stock,new,Solla,111,Conejos > Solla > Producción,Animals & Pet Supplies > Pet Supplies > Small Animal Supplies
110,Solla Conejos Pel 40 kg,"SOLLA CONEJOS, el alimento completo y económico, formulado con ingredientes de excelente calidad, destinado a la alimentación de conejos de todas las razas en las etapas de cría, levante y engorde, con el fin de suplementarlos de una manera económica y obtener buenos rendimientos productivos y reproductivos.",https://www.plazacampo.com/solla-conejos-pel-40-kg-1-jpg/p?skuId=110,https://b2csolla.vteximg.com.br/arquivos/ids/4379059-1000-1500/Solla-Conejos-Pel-40-kg.jpg?v=639205274072430000,https://b2csolla.vteximg.com.br/arquivos/ids/4379058-1000-1500/Solla-Conejos-Pel-40-kg.jpg?v=639205274068930000,83600 COP,,in stock,new,Solla,110,Conejos > Solla > Producción,Animals & Pet Supplies > Pet Supplies > Small Animal Supplies
106,Campeon Plata Pel 40 Kg,"Los equinos de competencia y exposición, en especial los caballos criollos colombianos, tienen una tendencia a sufrir de síndrome metabólico, por las condiciones de sobrealimentación y obesidad a la que se someten con frecuencia, como consecuencia de alimentos altos en almidones y suministros exagerados de estos. Un alto porcentaje de estos equinos requieren de suplementos altos en energía, con buena digestibilidad y con un bajo índice glicémico, es decir con bajos o nulos contenidos de almidones, con energía preferiblemente derivada de la fibra y de grasa.",https://www.plazacampo.com/campeon-plata-pel-40-kg-1-jpg/p?skuId=106,https://b2csolla.vteximg.com.br/arquivos/ids/4379746-1000-1500/Campeon-Plata-Pel-40-Kg.jpg?v=639229934029400000,https://b2csolla.vteximg.com.br/arquivos/ids/4379748-1000-1500/Campeon-Plata-Pel-40-Kg.jpg?v=639229934027700000,109800 COP,,in stock,new,Solla,106,Equinos > Solla > Competencia,Business & Industrial > Agriculture > Animal Husbandry
87,Nutrecat Arena Olor 5 kg,"Producto a base de Bentonita natural, inerte y granulada con alta capacidad de retención de humedad y olores, de aplicación en arenas sanitarias para gatos. Nutrecat arena, es fabricado con materiales naturales que garantizan la inocuidad y salud de los gatos. Controla los olores propios de los desechos felinos mejorando el medioambiente de los hogares con mascotas.",https://www.plazacampo.com/nutrecat-arena-olor-4x5-kg-1-jpg/p?skuId=87,https://b2csolla.vteximg.com.br/arquivos/ids/4380609-1000-1500/Nutrecat-Arena-Olor-5-kg.jpg?v=639179172944130000,"https://b2csolla.vteximg.com.br/arquivos/ids/4380611-1000-1500/Nutrecat-Arena-Olor-5-kg.jpg?v=639179172934700000,https://b2csolla.vteximg.com.br/arquivos/ids/4380829-1000-1500/Nutrecat-Arena-Olor-5-kg.jpg?v=639179172936430000,https://b2csolla.vteximg.com.br/arquivos/ids/4380830-1000-1500/Nutrecat-Arena-Olor-5-kg.jpg?v=639179172939700000",29800 COP,,in stock,new,Nutrecat,87,Gatos > Nutrecat > Aseo,Animals & Pet Supplies > Pet Supplies > Cat Supplies
77,Nutrecat Liberty Ext 8 kg,"Alimento 100% completo y balanceado, para el mantenimiento de gatos adultos que convivan en ambientes internos y externos.",https://www.plazacampo.com/nutrecat-liberty-ext-8-kg-1-jpg/p?skuId=77,https://b2csolla.vteximg.com.br/arquivos/ids/4380680-1000-1500/Nutrecat-Liberty-Ext-8-kg.jpg?v=639245017697900000,"https://b2csolla.vteximg.com.br/arquivos/ids/4379313-1000-1500/Nutrecat-Liberty-Ext-8-kg.jpg?v=639245485342500000,https://b2csolla.vteximg.com.br/arquivos/ids/4380679-1000-1500/Nutrecat-Liberty-Ext-8-kg.jpg?v=639245485344730000,https://b2csolla.vteximg.com.br/arquivos/ids/4379315-1000-1500/Nutrecat-Liberty-Ext-8-kg.jpg?v=639245485347100000",94400 COP,,in stock,new,Nutrecat,77,Gatos > Nutrecat > Alimento seco,Animals & Pet Supplies > Pet Supplies > Cat Supplies
67,Q-Ida Can Adultos Ext 1 Kg,"Q-Ida Can Adultos, es un alimento extruido, completo y balanceado cuya fórmula está recomendada para alimentar perros adultos en mantenimiento.",https://www.plazacampo.com/q-ida-can-adultos-ext-20x1-kg-1/p?skuId=67,https://b2csolla.vteximg.com.br/arquivos/ids/4382182-1000-1500/Q-Ida-Can-Adultos-Ext-1 Kg.jpg?v=639233500709900000,"https://b2csolla.vteximg.com.br/arquivos/ids/4382183-1000-1500/Q-Ida-Can-Adultos-Ext-1 Kg.jpg?v=639233500711600000,https://b2csolla.vteximg.com.br/arquivos/ids/4382184-1000-1500/Q-Ida-Can-Adultos-Ext-1 Kg.jpg?v=639233500713800000,https://b2csolla.vteximg.com.br/arquivos/ids/4382185-1000-1500/Q-Ida-Can-Adultos-Ext-1 Kg.jpg?v=639229465826170000",4300 COP,,in stock,new,Q-ida Can,67,Perros > Q-ida Can > Adultos,Animals & Pet Supplies > Pet Supplies > Dog Supplies
34,Nutrecan Cachorros Raza Mediana y Grande Ext 16 kg,"El integrante más pequeño de tu familia merece que su primer alimento sea una experiencia amable y deliciosa. Por eso, dale NUTRECAN CACHORROS RAZAS MEDIANAS Y GRANDES, el alimento 100% completo y balanceado en forma de pequeños y ricos ""trocitos"" que le encantarán a tu cachorro y le darán los nutrientes necesarios para que crezca sano, lindo y fuerte.",https://www.plazacampo.com/nutrecan-cachorros-raza-mediana-y-grande-ext-16kg-1/p?skuId=34,https://b2csolla.vteximg.com.br/arquivos/ids/4379794-1000-1500/Nutrecan-Cachorros-Raza-Mediana-y-Grande-Ext 16-kg.webp?v=639251643226770000,"https://b2csolla.vteximg.com.br/arquivos/ids/4380665-1000-1500/Nutrecan-Cachorros-Raza-Mediana-y-Grande-Ext 16-kg.webp?v=639251643228230000,https://b2csolla.vteximg.com.br/arquivos/ids/4380666-1000-1500/Nutrecan-Cachorros-Raza-Mediana-y-Grande-Ext 16-kg.webp?v=639251643230370000,https://b2csolla.vteximg.com.br/arquivos/ids/4379792-1000-1500/Nutrecan-Cachorros-Raza-Mediana-y-Grande-Ext 16-kg.webp?v=639251643232100000",194000 COP,,in stock,new,Nutrecan,34,Perros > Nutrecan > Cachorros,Animals & Pet Supplies > Pet Supplies > Dog Supplies
24,Nutrecan Adultos Raza Pequeña ext 800 g,Nutrecan Adultos Razas Pequeñas es un alimento completo y balanceado para llenar todos los requerimientos nutricionales de los perros adultos de Razas pequeñas y miniaturas. Contiene una perfecta concentración de todos los nutrientes proporcionando a sus mascotas toda la nutrición necesaria para mantenerlos sanos y vigorosos.,https://www.plazacampo.com/nutrecan-adultos-raza-peque%C3%B1a-ext-800g-1/p?skuId=24,https://b2csolla.vteximg.com.br/arquivos/ids/4382075-1000-1500/Nutrecan-Adultos-Raza-Pequeña-ext-800-g.webp?v=639248941318630000,"https://b2csolla.vteximg.com.br/arquivos/ids/4382076-1000-1500/Nutrecan-Adultos-Raza-Pequeña-ext-800-g.webp?v=639248941309570000,https://b2csolla.vteximg.com.br/arquivos/ids/4382077-1000-1500/Nutrecan-Adultos-Raza-Pequeña-ext-800-g.webp?v=639248941310730000,https://b2csolla.vteximg.com.br/arquivos/ids/4382078-1000-1500/Nutrecan-Adultos-Raza-Pequeña-ext-800-g.webp?v=639248941311670000",9600 COP,,in stock,new,Nutrecan,24,Perros > Nutrecan > Adultos,Animals & Pet Supplies > Pet Supplies > Dog Supplies
9,Q-ida Can Cachorros Ext 1 kg,"Q-ida Can Cachorros, es un alimento completo extruido para suministrar a cachorros desde la cuarta semana de vida como complemento a la leche materna, hasta el destete, en cantidades de 35 gramos por kilo de peso corporal, repartido en cinco comidas diarias. Después del destete y hasta cumplir un año de vida, suministrar el alimento en tres comidas diarias.",https://www.plazacampo.com/q-ida-can-cachorros-ext-1kg-1/p?skuId=9,https://b2csolla.vteximg.com.br/arquivos/ids/4382094-1000-1500/Q-ida-Can-Cachorros-Ext-1-kg.webp?v=639236196807630000,"https://b2csolla.vteximg.com.br/arquivos/ids/4379772-1000-1500/Q-ida-Can-Cachorros-Ext-1-kg.webp?v=639236377012100000,https://b2csolla.vteximg.com.br/arquivos/ids/4379774-1000-1500/Q-ida-Can-Cachorros-Ext-1-kg.webp?v=639236377014100000,https://b2csolla.vteximg.com.br/arquivos/ids/4380730-1000-1500/Q-ida-Can-Cachorros-Ext-1-kg.webp?v=639236377015400000",5500 COP,,in stock,new,Q-ida Can,9,Perros > Q-ida Can > Cachorros,Animals & Pet Supplies > Pet Supplies > Dog Supplies
4,Nutrecan Croquetas Adultos Ext 15 kg,"Es un alimento 100% completo y balanceado, que ha sido formulado con ingredientes de alta calidad para mantener en estado óptimo la salud de tu perro adulto. Ayuda a mantener una piel sana, gracias a sus ácidos grasos esenciales Omega 6 y 3, y a la mezcla de vitaminas A y E más Zinc. Los estudios de alimentación animal realizados por Solla S.A. usando los procedimientos de la AAFCO (Association of American Feed Control Officials/Asociación Americana de Organismos de Control Alimentario) garantizan que NUTRECAN CROQUETAS CARNE y POLLO, ofrece una nutrición completa y balanceada para perros de todas las razas.",https://www.plazacampo.com/nutrecan-croquetas-adultos-ext-25kg-2/p?skuId=4,https://b2csolla.vteximg.com.br/arquivos/ids/4379089-1000-1500/Nutrecan-Croquetas-Adultos-Ext-15-kg.webp?v=639227651125030000,"https://b2csolla.vteximg.com.br/arquivos/ids/4380651-1000-1500/Nutrecan-Croquetas-Adultos-Ext-15-kg.webp?v=639227651121730000,https://b2csolla.vteximg.com.br/arquivos/ids/4382056-1000-1500/Nutrecan-Croquetas-Adultos-Ext-15-kg.webp?v=639227651123000000,https://b2csolla.vteximg.com.br/arquivos/ids/4382054-1000-1500/Nutrecan-Croquetas-Adultos-Ext-15-kg.webp?v=639227341334030000",93300 COP,,in stock,new,Nutrecan Croquetas,4,Perros > Nutrecan Croquetas > Adultos,Animals & Pet Supplies > Pet Supplies > Dog Supplies
36802,Lucky Desarrollo Cognitivo 1Kg,"Alimento formulado para favorecer el desarrollo del cerebro y el sistema nervioso de tu mascota. Su fórmula contiene Omega 3 (DHA) proveniente de algas, que estimula el aprendizaje, la memoria y la concentración, además de arginina, un aminoácido esencial para el desarrollo cerebral. La combinación de salmón y huevo aporta proteínas de alta calidad que promueven un crecimiento saludable, con un sabor irresistible que encantará a tu mascota. Ideal para: mascotas en etapa de crecimiento que necesitan una nutrición completa y balanceada para fortalecer su cuerpo y mente.",https://www.plazacampo.com/lucky-desarrollo-cognitivo-ext-1-kg-1/p?skuId=36802,https://b2csolla.vteximg.com.br/arquivos/ids/4379255-1000-1500/Lucky-Desarrollo-Cognitivo-1Kg.webp?v=639255937676870000,"https://b2csolla.vteximg.com.br/arquivos/ids/4379251-1000-1500/Lucky-Desarrollo-Cognitivo-1Kg.webp?v=639255937678700000,https://b2csolla.vteximg.com.br/arquivos/ids/4379256-1000-1500/Lucky-Desarrollo-Cognitivo-1Kg.webp?v=639255937680200000,https://b2csolla.vteximg.com.br/arquivos/ids/4379254-1000-1500/Lucky-Desarrollo-Cognitivo-1Kg.webp?v=639255937682600000",20900 COP,,in stock,new,Lucky Perros,337,Perros > Lucky Perros > Cachorros,Animals & Pet Supplies > Pet Supplies > Dog Supplies
36866,Nutrecan Salmon Y Queso Madurado 16 kg,"Nutrecan con salmón y queso madurado: es una fórmula especialmente diseñada para perros adultos mayores o con menor nivel de actividad, que necesitan mantener su fuerza muscular y vitalidad sin un exceso de grasa. Su combinación de ingredientes premium favorece el equilibrio entre energía, salud ósea y bienestar general",https://www.plazacampo.com/nutrecan-con-salmon-y-queso-madurado-ext-16kg-1/p?skuId=36866,https://b2csolla.vteximg.com.br/arquivos/ids/4379907-1000-1500/Nutrecan-Salmon Y-Queso-Madurado-16-kg.jpg?v=639228422304400000,"https://b2csolla.vteximg.com.br/arquivos/ids/4381831-1000-1500/Nutrecan-Salmon Y-Queso-Madurado-16-kg.jpg?v=639228422291370000,https://b2csolla.vteximg.com.br/arquivos/ids/4379905-1000-1500/Nutrecan-Salmon Y-Queso-Madurado-16-kg.jpg?v=639228422294970000,https://b2csolla.vteximg.com.br/arquivos/ids/4379915-1000-1500/Nutrecan-Salmon Y-Queso-Madurado-16-kg.jpg?v=639228422296530000",201200 COP,,in stock,new,Nutrecan,319,Perros > Nutrecan > Senior,Animals & Pet Supplies > Pet Supplies > Dog Supplies
36853,Nutrecan Pavo 25 kg,"Nutrecan con pavo: es una fórmula premium especialmente diseñada para perros con sensibilidad digestiva o de la piel. Elaborado con pavo como fuente principal de proteína, es ideal para reducir el riesgo de alergias alimentarias y promover una digestión suave y equilibrada.",https://www.plazacampo.com/nutrecan-con-pavo-ext-25kg-1/p?skuId=36853,https://b2csolla.vteximg.com.br/arquivos/ids/4380633-1000-1500/Nutrecan-Pavo-25-kg.jpg?v=639245485942930000,"https://b2csolla.vteximg.com.br/arquivos/ids/4380648-1000-1500/Nutrecan-Pavo-25-kg.jpg?v=639245702229370000,https://b2csolla.vteximg.com.br/arquivos/ids/4380826-1000-1500/Nutrecan-Pavo-25-kg.jpg?v=639245702231470000,https://b2csolla.vteximg.com.br/arquivos/ids/4380647-1000-1500/Nutrecan-Pavo-25-kg.jpg?v=639245702233670000",276400 COP,,in stock,new,Nutrecan,313,Perros > Nutrecan > Adultos,Animals & Pet Supplies > Pet Supplies > Dog Supplies
36843,Nutrecan Pollo 6 kg,"Nutrecan con pollo: una receta premium con biotina, omegas 3 y 6 para un pelaje fuerte, brillante y una piel saludable. Sin colorantes ni sabores artificiales, con croquetas fáciles de masticar y una fórmula digestiva que cuida su bienestar desde adentro.",https://www.plazacampo.com/nutrecan-con-pollo-ext-6kg-1/p?skuId=36843,https://b2csolla.vteximg.com.br/arquivos/ids/4380445-1000-1500/Nutrecan-Pollo 6-kg.jpg?v=639248078467500000,"https://b2csolla.vteximg.com.br/arquivos/ids/4380450-1000-1500/Nutrecan-Pollo 6-kg.jpg?v=639248294418030000,https://b2csolla.vteximg.com.br/arquivos/ids/4380438-1000-1500/Nutrecan-Pollo 6-kg.jpg?v=639248294420030000,https://b2csolla.vteximg.com.br/arquivos/ids/4380454-1000-1500/Nutrecan-Pollo 6-kg.jpg?v=639248294422170000",67600 COP,,in stock,new,Nutrecan,304,Perros > Nutrecan > Adultos,Animals & Pet Supplies > Pet Supplies > Dog Supplies
40069,Camisa Denim de Botones Nutrecan Hombre,"La camisa en denim de la marca Nutrecan, combina resistencia, confort y un diseño que habla por sí solo. Confeccionada en tela denim de alta calidad, es una prenda versátil y duradera, ideal para el uso diario.",https://www.plazacampo.com/camisa-denim-de-botones-nutrecan-hombre-1/p?skuId=40069,https://b2csolla.vteximg.com.br/arquivos/ids/4379153-1000-1500/Camisa-Denim-de-Botones-Nutrecan-Hombre.jpg?v=639102158089900000,https://b2csolla.vteximg.com.br/arquivos/ids/4379154-1000-1500/Camisa-Denim-de-Botones-Nutrecan-Hombre.jpg?v=639102158090070000,109140 COP,,in stock,new,Solla,290,Moda Solla > Camisas > Camisas Hombres,Apparel & Accessories > Clothing
40070,Camisa Denim de Botones Nutrecan Hombre,"La camisa en denim de la marca Nutrecan, combina resistencia, confort y un diseño que habla por sí solo. Confeccionada en tela denim de alta calidad, es una prenda versátil y duradera, ideal para el uso diario.",https://www.plazacampo.com/camisa-denim-de-botones-nutrecan-hombre-1/p?skuId=40070,https://b2csolla.vteximg.com.br/arquivos/ids/4379157-1000-1500/Camisa-Denim-de-Botones-Nutrecan-Hombre.jpg?v=639102158090230000,https://b2csolla.vteximg.com.br/arquivos/ids/4379155-1000-1500/Camisa-Denim-de-Botones-Nutrecan-Hombre.jpg?v=639102158090230000,109140 COP,,in stock,new,Solla,290,Moda Solla > Camisas > Camisas Hombres,Apparel & Accessories > Clothing
40071,Camisa Denim de Botones Nutrecan Hombre,"La camisa en denim de la marca Nutrecan, combina resistencia, confort y un diseño que habla por sí solo. Confeccionada en tela denim de alta calidad, es una prenda versátil y duradera, ideal para el uso diario.",https://www.plazacampo.com/camisa-denim-de-botones-nutrecan-hombre-1/p?skuId=40071,https://b2csolla.vteximg.com.br/arquivos/ids/4379162-1000-1500/Camisa-Denim-de-Botones-Nutrecan-Hombre.jpg?v=639102158090400000,https://b2csolla.vteximg.com.br/arquivos/ids/4379165-1000-1500/Camisa-Denim-de-Botones-Nutrecan-Hombre.jpg?v=639102158090400000,109140 COP,,in stock,new,Solla,290,Moda Solla > Camisas > Camisas Hombres,Apparel & Accessories > Clothing
40072,Camisa Denim de Botones Nutrecan Hombre,"La camisa en denim de la marca Nutrecan, combina resistencia, confort y un diseño que habla por sí solo. Confeccionada en tela denim de alta calidad, es una prenda versátil y duradera, ideal para el uso diario.",https://www.plazacampo.com/camisa-denim-de-botones-nutrecan-hombre-1/p?skuId=40072,https://b2csolla.vteximg.com.br/arquivos/ids/4379169-1000-1500/Camisa-Denim-de-Botones-Nutrecan-Hombre.jpg?v=639102158090400000,https://b2csolla.vteximg.com.br/arquivos/ids/4379167-1000-1500/Camisa-Denim-de-Botones-Nutrecan-Hombre.jpg?v=639102158090400000,109140 COP,,in stock,new,Solla,290,Moda Solla > Camisas > Camisas Hombres,Apparel & Accessories > Clothing
40073,Camisa Denim de Botones Nutrecan Hombre,"La camisa en denim de la marca Nutrecan, combina resistencia, confort y un diseño que habla por sí solo. Confeccionada en tela denim de alta calidad, es una prenda versátil y duradera, ideal para el uso diario.",https://www.plazacampo.com/camisa-denim-de-botones-nutrecan-hombre-1/p?skuId=40073,https://b2csolla.vteximg.com.br/arquivos/ids/4379171-1000-1500/Camisa-Denim-de-Botones-Nutrecan-Hombre.jpg?v=639102158090570000,https://b2csolla.vteximg.com.br/arquivos/ids/4379173-1000-1500/Camisa-Denim-de-Botones-Nutrecan-Hombre.jpg?v=639102158090570000,109140 COP,,in stock,new,Solla,290,Moda Solla > Camisas > Camisas Hombres,Apparel & Accessories > Clothing
40074,Camisa Denim de Botones Nutrecan Hombre,"La camisa en denim de la marca Nutrecan, combina resistencia, confort y un diseño que habla por sí solo. Confeccionada en tela denim de alta calidad, es una prenda versátil y duradera, ideal para el uso diario.",https://www.plazacampo.com/camisa-denim-de-botones-nutrecan-hombre-1/p?skuId=40074,https://b2csolla.vteximg.com.br/arquivos/ids/4379175-1000-1500/Camisa-Denim-de-Botones-Nutrecan-Hombre.jpg?v=639102158090570000,https://b2csolla.vteximg.com.br/arquivos/ids/4379176-1000-1500/Camisa-Denim-de-Botones-Nutrecan-Hombre.jpg?v=639102158090700000,109140 COP,,in stock,new,Solla,290,Moda Solla > Camisas > Camisas Hombres,Apparel & Accessories > Clothing
267,Sollasal Proteinada 40 Kg,"Sollasal Proteinada, es un suplemento mineral, con proteínas y carbohidratos, para ser ofrecido a bovinos con pesos superiores a 150 kg, durante las etapas de levante y ceba, a vacas de cría, doble propósito, y animales de exposición, alimentados con pasturas con contenido de proteína inferior a 10%, y con buena disponibilidad de forraje.",https://www.plazacampo.com/sollasal-proteinada-40-kg-1-jpg/p?skuId=267,https://b2csolla.vteximg.com.br/arquivos/ids/4381803-1000-1500/Sollasal-Proteinada-40-Kg.jpg?v=639175033042130000,https://b2csolla.vteximg.com.br/arquivos/ids/4381451-1000-1500/Sollasal-Proteinada-40-Kg.jpg?v=639175033039630000,127700 COP,,in stock,new,Solla,267,Ganadería > Solla > Sales,Business & Industrial > Agriculture > Animal Husbandry
248,Mojarra 38% Ext 40 kg 3.5 mm,"Mojarra 38% Ext 40 kg 3.5 mm, es un producto con un nivel de proteína por encima del 38% y con niveles de grasa mínimos al 4%, que garantizan un pre-levante ideal de sus alevinos en las primeras fases de crecimiento, obteniendo así la mejor relación costo beneficio.",https://www.plazacampo.com/mojarra-38--ext-40-kg-3-5-mm-1-jpg/p?skuId=248,https://b2csolla.vteximg.com.br/arquivos/ids/4379702-1000-1500/Mojarra-38--Ext-40-kg-35-mm.jpg?v=639122914245130000,https://b2csolla.vteximg.com.br/arquivos/ids/4379701-1000-1500/Mojarra-38--Ext-40-kg-35-mm.jpg?v=639122914242930000,157500 COP,,in stock,new,Solla,248,Acuicultura > Solla > Aguas cálidas,Business & Industrial > Agriculture > Animal Husbandry
233,Truchas 40% CP Ext AGR 40 kg,"Truchas 40% CP Ext AGR 40 kg, diseñado para una óptima etapa de finalización o engorde de la trucha pigmentada, contiene 40% de proteína y alta energía en perfecto balance nutricional. El proceso especial de fabricación garantiza una alta digestibilidad de sus nutrientes.",https://www.plazacampo.com/truchas-40--cp-ext-agr-40-kg-1-jpg/p?skuId=233,https://b2csolla.vteximg.com.br/arquivos/ids/4379870-1000-1500/Truchas-40--CP-Ext-AGR-40-kg.jpg?v=639179821355500000,https://b2csolla.vteximg.com.br/arquivos/ids/4379868-1000-1500/Truchas-40--CP-Ext-AGR-40-kg.jpg?v=639179821353330000,217100 COP,,in stock,new,Agrinal,233,Acuicultura > Agrinal > Aguas frías,Business & Industrial > Agriculture > Animal Husbandry
167,Cria Cerdos Pel 40 kg,"CRÍA CERDOS es el alimento de SOLLA para cerdas en su periodo de gestación, desde el día 1 al día 100 y entre el día 111 y el día del parto proporciona un excelente estado corporal el cual tiene mucha implicación con la alta productividad.",https://www.plazacampo.com/cria-cerdos-pel-40-kg-1-jpg/p?skuId=167,https://b2csolla.vteximg.com.br/arquivos/ids/4379401-1000-1500/Cria-Cerdos-Pel-40-kg.jpg?v=639200774872100000,https://b2csolla.vteximg.com.br/arquivos/ids/4379402-1000-1500/Cria-Cerdos-Pel-40-kg.jpg?v=639200774869600000,81900 COP,,in stock,new,Solla,167,Porcicultura > Solla > Cría,Business & Industrial > Agriculture > Animal Husbandry
156,Porci Engorde Pel AGR 40 kg,"Porci Engorde, alimento completo para cerdos de levante y engorde. Suminístrese a libre acceso desde los 30 Kg hasta cuando alcancen el peso óptimo de beneficio.",https://www.plazacampo.com/porci-engorde-pel-agr-40-kg-1-jpg/p?skuId=156,https://b2csolla.vteximg.com.br/arquivos/ids/4380147-1000-1500/Porci-Engorde-Pel-AGR-40-kg.jpg?v=639112825981100000,https://b2csolla.vteximg.com.br/arquivos/ids/4380145-1000-1500/Porci-Engorde-Pel-AGR-40-kg.jpg?v=639112825978600000,67600 COP,,in stock,new,Agrinal,156,Porcicultura > Agrinal > Ceba,Business & Industrial > Agriculture > Animal Husbandry
127,Preparto Pel 40 kg,"PREPARTO ® es el producto diseñado para el acondicionamiento de novillas y vacas al parto. Su composición promueve la movilización de Ca y P, disminuyendo el riesgo de hipocalcemia o fiebre de leche. Ayuda a su vez a prevenir el edema periparto de la ubre y región umbilical, así como enfermedades metabólicas asociadas al parto como son la hipomagnesemia y la cetosis.",https://www.plazacampo.com/preparto-pel-40-kg-1-jpg/p?skuId=127,https://b2csolla.vteximg.com.br/arquivos/ids/4380270-1000-1500/Preparto-Pel-40-kg.jpg?v=639123770901000000,https://b2csolla.vteximg.com.br/arquivos/ids/4380267-1000-1500/Preparto-Pel-40-kg.jpg?v=639123770898200000,74800 COP,,in stock,new,Solla,127,Ganadería > Solla > Preparto,Business & Industrial > Agriculture > Animal Husbandry
116,Lactonovillas Pel AGR 40 kg,"Lactonovillas Pel, contiene un balance adecuado de nutrientes que se activan en el rumen potencializando la flora microbiana en su tarea de fabricar proteína de alta calidad biológica y energía asimilable, nutrientes indispensables para el adecuado desarrollo de todas las estructuras y tejidos corporales.",https://www.plazacampo.com/lactonovillas-pel-agr-40-kg-1-jpg/p?skuId=116,https://b2csolla.vteximg.com.br/arquivos/ids/4380085-1000-1500/Lactonovillas-Pel-AGR-40-kg.jpg?v=639241382233770000,https://b2csolla.vteximg.com.br/arquivos/ids/4380087-1000-1500/Lactonovillas-Pel-AGR-40-kg.jpg?v=639241382231670000,69500 COP,,in stock,new,Agrinal,116,Ganadería > Agrinal > Levante,Business & Industrial > Agriculture > Animal Husbandry
102,Campeon Yeguas Pel 40 kg,"Alimento peletizado, indicado para yeguas de cría a partir de los 36 meses de edad, en todas las etapas de vida, pero especialmente en el último tercio de gestación y durante la lactancia. Se debe dosificar de acuerdo con la condición corporal, la intensidad del trabajo, el tiempo de la gestación o lactancia, la cantidad y calidad del forraje ofrecido, y como mínimo en tres raciones al día.",https://www.plazacampo.com/campeon-yeguas-pel-40-kg-1-jpg/p?skuId=102,https://b2csolla.vteximg.com.br/arquivos/ids/4379763-1000-1500/Campeon-Yeguas-Pel-40-kg.jpg?v=639170712605830000,https://b2csolla.vteximg.com.br/arquivos/ids/4379767-1000-1500/Campeon-Yeguas-Pel-40-kg.jpg?v=639170712604300000,96000 COP,,in stock,new,Solla,102,Equinos > Solla > Desarrollo,Business & Industrial > Agriculture > Animal Husbandry
93,Fortin Fibra Pel AGR 40 kg,"Fortín Fibra, suplemento fibroso peletizado, indicado para equinos adultos, mezcla de fibras digestibles para complementar los pastos hasta el 70% del requerimiento diario, en la práctica, un caballo de 400 kilos de peso vivo, consumiendo pasto de regular calidad, debería comer entre 1 y 4 kilos de Fortín Fibra por día, donde 4 kilos representan el 70% del pasto diario y mínimo 8 kilos de pasto verde que equivalen al 30% restante.",https://www.plazacampo.com/fortin-fibra-pel-agr-40-kg-1-jpg/p?skuId=93,https://b2csolla.vteximg.com.br/arquivos/ids/4379423-1000-1500/Fortin-Fibra-Pel-AGR-40-kg.jpg?v=639244153417430000,https://b2csolla.vteximg.com.br/arquivos/ids/4379424-1000-1500/Fortin-Fibra-Pel-AGR-40-kg.jpg?v=639244153414970000,59200 COP,,in stock,new,Agrinal,93,Equinos > Agrinal > Fibrosos,Business & Industrial > Agriculture > Animal Husbandry
92,Fortin Puralfalfa Pel AGR 40 kg,"Fortín Puralfalfa, suplemento fibroso peletizado, indicado para equinos adultos, con gran aporte de alfalfa para complementar los pastos hasta el 70% del requerimiento diario, en la práctica, un caballo de 400 kilos de peso vivo. Consumiendo pasto de regular calidad, debería comer entre 1 y 4 kilos de Fortín Puralfalfa por día, donde 4 kilos representan el 70% del pasto diario y mínimo 8 kilos de pasto verde que equivalen al 30% restante.",https://www.plazacampo.com/fortin-puralfalfa-pel-agr-40-kg-1-jpg/p?skuId=92,https://b2csolla.vteximg.com.br/arquivos/ids/4380091-1000-1500/Fortin-Puralfalfa-Pel-AGR-40-kg.jpg?v=639216110947030000,https://b2csolla.vteximg.com.br/arquivos/ids/4380092-1000-1500/Fortin-Puralfalfa-Pel-AGR-40-kg.jpg?v=639216110943270000,88400 COP,,in stock,new,Agrinal,92,Equinos > Agrinal > Fibrosos,Business & Industrial > Agriculture > Animal Husbandry
84,Nutrecat Home Ext 500 g,"Alimento 100% completo y balanceado para el mantenimiento de gatos adultos de todas las razas con baja actividad física y que viven en ambientes internos. De alta palatabilidad, ya que combina la carne, el pollo y el pescado logrando un excelente sabor que le encantará a tu gato.",https://www.plazacampo.com/nutrecat-home-ext-30x500-g-1-jpg/p?skuId=84,https://b2csolla.vteximg.com.br/arquivos/ids/4380608-1000-1500/Nutrecat-Home-Ext-500-g.jpg?v=639246349701770000,"https://b2csolla.vteximg.com.br/arquivos/ids/4380612-1000-1500/Nutrecat-Home-Ext-500-g.jpg?v=639246516308970000,https://b2csolla.vteximg.com.br/arquivos/ids/4380799-1000-1500/Nutrecat-Home-Ext-500-g.jpg?v=639246516310600000,https://b2csolla.vteximg.com.br/arquivos/ids/4380798-1000-1500/Nutrecat-Home-Ext-500-g.jpg?v=639246516313430000",8500 COP,,in stock,new,Nutrecat,84,Gatos > Nutrecat > Alimento seco,Animals & Pet Supplies > Pet Supplies > Cat Supplies
80,Nutrecat Home Ext 1.5 kg,"Alimento 100% completo y balanceado para el mantenimiento de gatos adultos de todas las razas con baja actividad física y que viven en ambientes internos. De alta palatabilidad, ya que combina la carne, el pollo y el pescado logrando un excelente sabor que le encantará a tu gato.",https://www.plazacampo.com/nutrecat-home-ext-10x1-5-kg-1-jpg/p?skuId=80,https://b2csolla.vteximg.com.br/arquivos/ids/4379818-1000-1500/Nutrecat-Home-Ext-15-kg.jpg?v=639220429214630000,"https://b2csolla.vteximg.com.br/arquivos/ids/4380746-1000-1500/Nutrecat-Home-Ext-15-kg.jpg?v=639220644954830000,https://b2csolla.vteximg.com.br/arquivos/ids/4380748-1000-1500/Nutrecat-Home-Ext-15-kg.jpg?v=639220644958270000,https://b2csolla.vteximg.com.br/arquivos/ids/4379816-1000-1500/Nutrecat-Home-Ext-15-kg.jpg?v=639220644959600000",24900 COP,,in stock,new,Nutrecat,80,Gatos > Nutrecat > Alimento seco,Animals & Pet Supplies > Pet Supplies > Cat Supplies
79,Smart Ext 8 kg,"Smart, es un alimento completo ideal paras gatos adultos, hembras gestantes y lactantes, así como para cachorros lactantes como complemento a la leche materna. Es un alimento completo, nutritivo, científicamente balanceado en proteínas de alta calidad, carbohidratos, vitaminas y minerales. Tiene un irresistible sabor y está diseñado para gatos de todas las razas y en todas las edades de la vida. La fórmula de Smart asegura un pelaje sedoso y larga vida a tu gato.",https://www.plazacampo.com/smart-ext-8-kg-1-jpg/p?skuId=79,https://b2csolla.vteximg.com.br/arquivos/ids/4380726-1000-1500/Smart-Ext-8-kg.jpg?v=639173772024870000,"https://b2csolla.vteximg.com.br/arquivos/ids/4380728-1000-1500/Smart-Ext-8-kg.jpg?v=639173988083770000,https://b2csolla.vteximg.com.br/arquivos/ids/4379758-1000-1500/Smart-Ext-8-kg.jpg?v=639173988086400000,https://b2csolla.vteximg.com.br/arquivos/ids/4379760-1000-1500/Smart-Ext-8-kg.jpg?v=639173988089230000",70500 COP,,in stock,new,Smart,79,Gatos > Smart > Alimento seco,Animals & Pet Supplies > Pet Supplies > Cat Supplies
76,Nutrecat Home Ext 8 kg,"Alimento 100% completo y balanceado para el mantenimiento de gatos adultos de todas las razas con baja actividad física y que viven en ambientes internos. De alta palatabilidad, ya que combina la carne, el pollo y el pescado logrando un excelente sabor que le encantará a tu gato.",https://www.plazacampo.com/nutrecat-home-ext-8-kg-1-jpg/p?skuId=76,https://b2csolla.vteximg.com.br/arquivos/ids/4379308-1000-1500/Nutrecat-Home-Ext-8-kg.jpg?v=639251749122370000,"https://b2csolla.vteximg.com.br/arquivos/ids/4380677-1000-1500/Nutrecat-Home-Ext-8-kg.jpg?v=639251749116800000,https://b2csolla.vteximg.com.br/arquivos/ids/4380678-1000-1500/Nutrecat-Home-Ext-8-kg.jpg?v=639251749119000000,https://b2csolla.vteximg.com.br/arquivos/ids/4379307-1000-1500/Nutrecat-Home-Ext-8-kg.jpg?v=639251749120870000",94900 COP,,in stock,new,Nutrecat,76,Gatos > Nutrecat > Alimento seco,Animals & Pet Supplies > Pet Supplies > Cat Supplies
17,Nutrecan Adultos Raza Pequeña ext 2 kg,Nutrecan Adultos Razas Pequeñas es un alimento completo y balanceado para llenar todos los requerimientos nutricionales de los perros adultos de Razas pequeñas y miniaturas. Contiene una perfecta concentración de todos los nutrientes proporcionando a sus mascotas toda la nutrición necesaria para mantenerlos sanos y vigorosos.,https://www.plazacampo.com/nutrecan-adultos-raza-peque%C3%B1a-ext-2kg-1/p?skuId=17,https://b2csolla.vteximg.com.br/arquivos/ids/4382063-1000-1500/Nutrecan-Adultos-Raza-Pequeña-ext-2-kg.webp?v=639252613601800000,"https://b2csolla.vteximg.com.br/arquivos/ids/4380708-1000-1500/Nutrecan-Adultos-Raza-Pequeña-ext-2-kg.webp?v=639252793789430000,https://b2csolla.vteximg.com.br/arquivos/ids/4379665-1000-1500/Nutrecan-Adultos-Raza-Pequeña-ext-2-kg.webp?v=639252793790730000,https://b2csolla.vteximg.com.br/arquivos/ids/4379666-1000-1500/Nutrecan-Adultos-Raza-Pequeña-ext-2-kg.webp?v=639252793792230000",23900 COP,,in stock,new,Nutrecan,17,Perros > Nutrecan > Adultos,Animals & Pet Supplies > Pet Supplies > Dog Supplies
12,Nutrecan Croquetas Cachorros Ext 15 kg,"Nutrecan Croquetas Cachorros, es un alimento extruido, 100% completo y balanceado, que ha sido formulado con ingredientes de la más alta calidad para promover el óptimo desarrollo de los cachorros. Ayuda a mantener una piel sana gracias a sus ácidos grasos esenciales Omega 6, y a la mezcla de vitaminas A y E.",https://www.plazacampo.com/nutrecan-croquetas-cachorros-ext-15-kg-1/p?skuId=12,https://b2csolla.vteximg.com.br/arquivos/ids/4382220-1000-1500/Nutrecan-Croquetas-Cachorros-Ext-15-kg.webp?v=639251643625700000,"https://b2csolla.vteximg.com.br/arquivos/ids/4382221-1000-1500/Nutrecan-Croquetas-Cachorros-Ext-15-kg.webp?v=639251643627400000,https://b2csolla.vteximg.com.br/arquivos/ids/4382222-1000-1500/Nutrecan-Croquetas-Cachorros-Ext-15-kg.webp?v=639251643628670000,https://b2csolla.vteximg.com.br/arquivos/ids/4382223-1000-1500/Nutrecan-Croquetas-Cachorros-Ext-15-kg.webp?v=639251643629900000",116000 COP,,in stock,new,Nutrecan Croquetas,12,Perros > Nutrecan Croquetas > Cachorros,Animals & Pet Supplies > Pet Supplies > Dog Supplies
10,Q-ida Can Cachorros Ext 15 kg,"Q-ida Can Cachorros , es un alimento completo extruido para suministrar a cachorros desde la cuarta semana de vida como complemento a la leche materna, hasta el destete, en cantidades de 35 gramos por kilo de peso corporal, repartido en cinco comidas diarias. Después del destete y hasta cumplir un año de vida, suministrar el alimento en tres comidas diarias.",https://www.plazacampo.com/q-ida-can-cachorros-ext-15kg-1/p?skuId=10,https://b2csolla.vteximg.com.br/arquivos/ids/4379823-1000-1500/Q-ida-Can-Cachorros-Ext-15-kg.webp?v=639248293111900000,"https://b2csolla.vteximg.com.br/arquivos/ids/4379825-1000-1500/Q-ida-Can-Cachorros-Ext-15-kg.webp?v=639248473265430000,https://b2csolla.vteximg.com.br/arquivos/ids/4380732-1000-1500/Q-ida-Can-Cachorros-Ext-15-kg.webp?v=639248473266930000,https://b2csolla.vteximg.com.br/arquivos/ids/4380733-1000-1500/Q-ida-Can-Cachorros-Ext-15-kg.webp?v=639248473268770000",81000 COP,,in stock,new,Q-ida Can,10,Perros > Q-ida Can > Cachorros,Animals & Pet Supplies > Pet Supplies > Dog Supplies
31844,Q-Ida Cat 1 Kg,"Q-ida Cat, es un alimento completo extruido para suministrar a gatos adultos, de acuerdo a la edad del animal, tamaño y actividad. Tiene un rico sabor para agradar a tu gato. La Carne y el Pescado, son una excelente fuente de proteínas de alta calidad y buena digestibilidad, la cual contribuye a desarrollar músculos y huesos fuertes y a proporcionar mayor vitalidad y salud a tu gato. Es un alimento rico en Taurina, aminoácido esencial que ayuda a mantener una correcta visión y función cardíaca.",https://www.plazacampo.com/q-ida_cat_ext_1_kg/p?skuId=31844,https://b2csolla.vteximg.com.br/arquivos/ids/4382044-1000-1500/Q-Ida-Cat-1-Kg.webp?v=639225145614100000,"https://b2csolla.vteximg.com.br/arquivos/ids/4382045-1000-1500/Q-Ida-Cat-1-Kg.webp?v=639232921878130000,https://b2csolla.vteximg.com.br/arquivos/ids/4382046-1000-1500/Q-Ida-Cat-1-Kg.webp?v=639232921880530000,https://b2csolla.vteximg.com.br/arquivos/ids/4382047-1000-1500/Q-Ida-Cat-1-Kg.jpg?v=639225613500170000",9000 COP,,in stock,new,Q-ida Cat,361,Gatos > Q-ida Cat > Alimento seco,Animals & Pet Supplies > Pet Supplies > Cat Supplies
40117,Chaqueta Cortavientos Solla - Chaqueta Corta Vientos Solla,"La chaqueta con cuello redondo y cierre frontal de la marca Solla, está pensada para quienes buscan estilo y practicidad en una sola prenda. Confeccionada en un tejido cálido y estructurado, brinda comodidad en climas frescos. Es un look que se adapta a distintas ocasiones.",https://www.plazacampo.com/copy-of-chaqueta-gris-solla-hombre/p?skuId=40117,https://b2csolla.vteximg.com.br/arquivos/ids/4382041-1000-1500/63F7225D2E496FE51DEDD436AAAB52A0_639141959383381023.webp?v=639162886709870000,"https://b2csolla.vteximg.com.br/arquivos/ids/4382042-1000-1500/57DB2C6CE30376A17F30769A3F9505B0_639141959393185380.webp?v=639162886710030000,https://b2csolla.vteximg.com.br/arquivos/ids/4382043-1000-1500/F95290806F24299D875DCFF4195256C1_639141959395218624.webp?v=639162886710030000",108290 COP,,in stock,new,Solla,360,Moda Solla > Chaquetas > Chaqueta Hombre,Apparel & Accessories > Clothing
36880,Truchas 45 Pigmento Ext AGR EB 40 kg,"Es un alimento completo para la alimentación de juveniles de trucha arco iris. Suminístrese desde 30g hasta los 120g de peso del animal, con una frecuencia de 3- 4 veces por día. Este producto tiene 45% de proteína de alta digestibilidad, diseñada para maximizar el crecimiento magro en trucha arcoíris. Energía y proteína balanceadas, para optimizar el uso metabólico del alimento por parte del animal. Es un alimento con pigmento para una coloración atractiva y uniforme del filete de la trucha.",https://www.plazacampo.com/truchas-45-pigmento-agrinal-40-kg-1/p?skuId=36880,https://b2csolla.vteximg.com.br/arquivos/ids/4380874-1000-1500/Truchas-45-Pigmento-Ext-AGR-EB-40-kg.webp?v=639106598237230000,https://b2csolla.vteximg.com.br/arquivos/ids/4380875-1000-1500/Truchas-45-Pigmento-Ext-AGR-EB-40-kg.jpg?v=639106598238000000,232100 COP,,in stock,new,Agrinal,356,Acuicultura > Agrinal > Aguas frías,Business & Industrial > Agriculture > Animal Husbandry
36859,Nutrecan Salmon 16 kg,"Nutrecan con salmón: es una fórmula premium desarrollada para promover el desarrollo y la recuperación muscular, al tiempo que apoya la salud cardiovascular y el bienestar general de tu mascota. Elaborado con salmón como fuente principal de proteína y ácidos grasos esenciales, ofrece una nutrición equilibrada y altamente beneficiosa.",https://www.plazacampo.com/nutrecan-con-salmon-ext-16kg-1/p?skuId=36859,https://b2csolla.vteximg.com.br/arquivos/ids/4379983-1000-1500/Nutrecan-Salmon 16-kg.jpg?v=639206606617100000,"https://b2csolla.vteximg.com.br/arquivos/ids/4379981-1000-1500/Nutrecan-Salmon 16-kg.jpg?v=639206606607800000,https://b2csolla.vteximg.com.br/arquivos/ids/4380778-1000-1500/Nutrecan-Salmon 16-kg.jpg?v=639206606610170000,https://b2csolla.vteximg.com.br/arquivos/ids/4379975-1000-1500/Nutrecan-Salmon 16-kg.jpg?v=639206606611470000",197400 COP,,in stock,new,Nutrecan,335,Perros > Nutrecan > Adultos,Animals & Pet Supplies > Pet Supplies > Dog Supplies
36858,Nutrecan Salmon 8 kg,"Nutrecan con salmón: es una fórmula premium desarrollada para promover el desarrollo y la recuperación muscular, al tiempo que apoya la salud cardiovascular y el bienestar general de tu mascota. Elaborado con salmón como fuente principal de proteína y ácidos grasos esenciales, ofrece una nutrición equilibrada y altamente beneficiosa.",https://www.plazacampo.com/nutrecan-con-salmon-ext-8kg-1/p?skuId=36858,https://b2csolla.vteximg.com.br/arquivos/ids/4380777-1000-1500/Nutrecan-Salmon-8-kg.jpg?v=639181945377600000,"https://b2csolla.vteximg.com.br/arquivos/ids/4379977-1000-1500/Nutrecan-Salmon-8-kg.jpg?v=639182413318430000,https://b2csolla.vteximg.com.br/arquivos/ids/4379980-1000-1500/Nutrecan-Salmon-8-kg.jpg?v=639182413320630000,https://b2csolla.vteximg.com.br/arquivos/ids/4379968-1000-1500/Nutrecan-Salmon-8-kg.jpg?v=639182413322670000",98700 COP,,in stock,new,Nutrecan,334,Perros > Nutrecan > Adultos,Animals & Pet Supplies > Pet Supplies > Dog Supplies
36856,Nutrecan Salmon 2 kg,"Nutrecan con salmón: es una fórmula premium desarrollada para promover el desarrollo y la recuperación muscular, al tiempo que apoya la salud cardiovascular y el bienestar general de tu mascota. Elaborado con salmón como fuente principal de proteína y ácidos grasos esenciales, ofrece una nutrición equilibrada y altamente beneficiosa.",https://www.plazacampo.com/nutrecan-con-salmon-ext-2kg-1/p?skuId=36856,https://b2csolla.vteximg.com.br/arquivos/ids/4380586-1000-1500/Nutrecan-Salmon 2-kg.jpg?v=639242030241900000,"https://b2csolla.vteximg.com.br/arquivos/ids/4380579-1000-1500/Nutrecan-Salmon 2-kg.jpg?v=639242245466500000,https://b2csolla.vteximg.com.br/arquivos/ids/4380574-1000-1500/Nutrecan-Salmon 2-kg.jpg?v=639242245468230000,https://b2csolla.vteximg.com.br/arquivos/ids/4380581-1000-1500/Nutrecan-Salmon 2-kg.jpg?v=639242245470470000",24800 COP,,in stock,new,Nutrecan,332,Perros > Nutrecan > Adultos,Animals & Pet Supplies > Pet Supplies > Dog Supplies
36842,Nutrecan Pollo 2 kg,"Nutrecan con pollo: una receta premium con biotina, omegas 3 y 6 para un pelaje fuerte, brillante y una piel saludable. Sin colorantes ni sabores artificiales, con croquetas fáciles de masticar y una fórmula digestiva que cuida su bienestar desde adentro.",https://www.plazacampo.com/nutrecan-con-pollo-ext-2kg-1/p?skuId=36842,https://b2csolla.vteximg.com.br/arquivos/ids/4380818-1000-1500/Nutrecan-Pollo 2-kg.jpg?v=639185870832900000,"https://b2csolla.vteximg.com.br/arquivos/ids/4380314-1000-1500/Nutrecan-Pollo 2-kg.jpg?v=639185870821630000,https://b2csolla.vteximg.com.br/arquivos/ids/4380329-1000-1500/Nutrecan-Pollo 2-kg.jpg?v=639185870823830000,https://b2csolla.vteximg.com.br/arquivos/ids/4380321-1000-1500/Nutrecan-Pollo 2-kg.jpg?v=639185870826000000",22500 COP,,in stock,new,Nutrecan,331,Perros > Nutrecan > Adultos,Animals & Pet Supplies > Pet Supplies > Dog Supplies
36841,Nutrecan Pollo 800g,"Nutrecan con pollo: una receta premium con biotina, omegas 3 y 6 para un pelaje fuerte, brillante y una piel saludable. Sin colorantes ni sabores artificiales, con croquetas fáciles de masticar y una fórmula digestiva que cuida su bienestar desde adentro.",https://www.plazacampo.com/nutrecan-con-pollo-ext-800g-1/p?skuId=36841,https://b2csolla.vteximg.com.br/arquivos/ids/4380416-1000-1500/Nutrecan-Pollo 800g.jpg?v=639213914729070000,"https://b2csolla.vteximg.com.br/arquivos/ids/4380411-1000-1500/Nutrecan-Pollo 800g.jpg?v=639213914709370000,https://b2csolla.vteximg.com.br/arquivos/ids/4380422-1000-1500/Nutrecan-Pollo 800g.jpg?v=639213914712970000,https://b2csolla.vteximg.com.br/arquivos/ids/4380425-1000-1500/Nutrecan-Pollo 800g.jpg?v=639213914715800000",9000 COP,,in stock,new,Nutrecan,330,Perros > Nutrecan > Adultos,Animals & Pet Supplies > Pet Supplies > Dog Supplies
36838,Nutrecan Avena y Banano 8 kg,"Nutrecan con avena y banano: está formulado con ingredientes naturales y de consumo humano para cachorros con estómagos sensibles. Su mezcla de avena, rica en fibra soluble, y banano, fuente de potasio y vitaminas, favorece la digestión y el tránsito intestinal. ¡Sin colorantes ni sabores artificiales!",https://www.plazacampo.com/nutrecan-con-avena-y-banano-ext-8kg-1/p?skuId=36838,https://b2csolla.vteximg.com.br/arquivos/ids/4380629-1000-1500/Nutrecan-Avena-y-Banano-8-kg.jpg?v=639248294371070000,"https://b2csolla.vteximg.com.br/arquivos/ids/4380805-1000-1500/Nutrecan-Avena-y-Banano-8-kg.jpg?v=639248474371400000,https://b2csolla.vteximg.com.br/arquivos/ids/4380640-1000-1500/Nutrecan-Avena-y-Banano-8-kg.jpg?v=639248474373030000,https://b2csolla.vteximg.com.br/arquivos/ids/4380638-1000-1500/Nutrecan-Avena-y-Banano-8-kg.jpg?v=639248474374970000",101900 COP,,in stock,new,Nutrecan,328,Perros > Nutrecan > Cachorros,Animals & Pet Supplies > Pet Supplies > Dog Supplies
36837,Nutrecan Avena y Banano 6 kg,"Nutrecan con avena y banano: está formulado con ingredientes naturales y de consumo humano para cachorros con estómagos sensibles. Su mezcla de avena, rica en fibra soluble, y banano, fuente de potasio y vitaminas, favorece la digestión y el tránsito intestinal. ¡Sin colorantes ni sabores artificiales!",https://www.plazacampo.com/nutrecan-con-avena-y-banano-ext-6kg-1/p?skuId=36837,https://b2csolla.vteximg.com.br/arquivos/ids/4380624-1000-1500/Nutrecan-Avena-y-Banano-6-kg.jpg?v=639215642864730000,"https://b2csolla.vteximg.com.br/arquivos/ids/4380622-1000-1500/Nutrecan-Avena-y-Banano-6-kg.jpg?v=639215642850300000,https://b2csolla.vteximg.com.br/arquivos/ids/4380632-1000-1500/Nutrecan-Avena-y-Banano-6-kg.jpg?v=639215642852800000,https://b2csolla.vteximg.com.br/arquivos/ids/4380628-1000-1500/Nutrecan-Avena-y-Banano-6-kg.jpg?v=639215642857000000",76400 COP,,in stock,new,Nutrecan,327,Perros > Nutrecan > Cachorros,Animals & Pet Supplies > Pet Supplies > Dog Supplies
36836,Nutrecan Avena y Banano 2 kg,"Nutrecan con avena y banano: está formulado con ingredientes naturales y de consumo humano para cachorros con estómagos sensibles. Su mezcla de avena, rica en fibra soluble, y banano, fuente de potasio y vitaminas, favorece la digestión y el tránsito intestinal. ¡Sin colorantes ni sabores artificiales!",https://www.plazacampo.com/nutrecan-con-avena-y-banano-ext-2kg-1/p?skuId=36836,https://b2csolla.vteximg.com.br/arquivos/ids/4380532-1000-1500/Nutrecan-Avena-y-Banano-2-kg.jpg?v=639231194727270000,"https://b2csolla.vteximg.com.br/arquivos/ids/4380544-1000-1500/Nutrecan-Avena-y-Banano-2-kg.jpg?v=639231662468100000,https://b2csolla.vteximg.com.br/arquivos/ids/4380539-1000-1500/Nutrecan-Avena-y-Banano-2-kg.jpg?v=639231662469600000,https://b2csolla.vteximg.com.br/arquivos/ids/4380824-1000-1500/Nutrecan-Avena-y-Banano-2-kg.jpg?v=639231662472030000",25500 COP,,in stock,new,Nutrecan,326,Perros > Nutrecan > Cachorros,Animals & Pet Supplies > Pet Supplies > Dog Supplies
36835,Nutrecan Avena y Banano 800g,"Nutrecan con avena y banano: está formulado con ingredientes naturales y de consumo humano para cachorros con estómagos sensibles. Su mezcla de avena, rica en fibra soluble, y banano, fuente de potasio y vitaminas, favorece la digestión y el tránsito intestinal. ¡Sin colorantes ni sabores artificiales!",https://www.plazacampo.com/nutrecan-con-avena-y-banano-ext-800g-1/p?skuId=36835,https://b2csolla.vteximg.com.br/arquivos/ids/4380528-1000-1500/Nutrecan-Avena-y-Banano-800g.jpg?v=639238105921670000,"https://b2csolla.vteximg.com.br/arquivos/ids/4380530-1000-1500/Nutrecan-Avena-y-Banano-800g.jpg?v=639238105911830000,https://b2csolla.vteximg.com.br/arquivos/ids/4380537-1000-1500/Nutrecan-Avena-y-Banano-800g.jpg?v=639238105913270000,https://b2csolla.vteximg.com.br/arquivos/ids/4380692-1000-1500/Nutrecan-Avena-y-Banano-800g.jpg?v=639238105915100000",10200 COP,,in stock,new,Nutrecan,325,Perros > Nutrecan > Cachorros,Animals & Pet Supplies > Pet Supplies > Dog Supplies
36832,Nutrecan Leche Deslactosada 8 kg,"Nutrecan con leche deslactosada: está formulado con ingredientes naturales y de consumo humano para cachorros con sensibilidad a la lactosa. Su leche sin lactosa previene molestias digestivas, y sus proteínas de alta calidad y calcio biodisponible favorecen el desarrollo muscular y óseo. ¡Sin colorantes ni sabores artificiales!",https://www.plazacampo.com/nutrecan-con-leche-deslactosada-ext-8kg-1/p?skuId=36832,https://b2csolla.vteximg.com.br/arquivos/ids/4379482-1000-1500/Nutrecan-Leche-Deslactosada-8-kg.jpg?v=639254522192300000,"https://b2csolla.vteximg.com.br/arquivos/ids/4379479-1000-1500/Nutrecan-Leche-Deslactosada-8-kg.jpg?v=639255078997630000,https://b2csolla.vteximg.com.br/arquivos/ids/4379473-1000-1500/Nutrecan-Leche-Deslactosada-8-kg.jpg?v=639255078999200000,https://b2csolla.vteximg.com.br/arquivos/ids/4379477-1000-1500/Nutrecan-Leche-Deslactosada-8-kg.jpg?v=639255079000900000",101900 COP,,in stock,new,Nutrecan,324,Perros > Nutrecan > Cachorros,Animals & Pet Supplies > Pet Supplies > Dog Supplies
36831,Nutrecan Leche Deslactosada 6 kg,"Nutrecan con leche deslactosada: está formulado con ingredientes naturales y de consumo humano para cachorros con sensibilidad a la lactosa. Su leche sin lactosa previene molestias digestivas, y sus proteínas de alta calidad y calcio biodisponible favorecen el desarrollo muscular y óseo. ¡Sin colorantes ni sabores artificiales!",https://www.plazacampo.com/nutrecan-con-leche-deslactosada-ext-6kg-1/p?skuId=36831,https://b2csolla.vteximg.com.br/arquivos/ids/4379480-1000-1500/Nutrecan-Leche-Deslactosada-6-kg.jpg?v=639250670165100000,"https://b2csolla.vteximg.com.br/arquivos/ids/4379478-1000-1500/Nutrecan-Leche-Deslactosada-6-kg.jpg?v=639250886113030000,https://b2csolla.vteximg.com.br/arquivos/ids/4379471-1000-1500/Nutrecan-Leche-Deslactosada-6-kg.jpg?v=639250886115070000,https://b2csolla.vteximg.com.br/arquivos/ids/4380686-1000-1500/Nutrecan-Leche-Deslactosada-6-kg.jpg?v=639250886116770000",76400 COP,,in stock,new,Nutrecan,323,Perros > Nutrecan > Cachorros,Animals & Pet Supplies > Pet Supplies > Dog Supplies
36830,Nutrecan Leche Deslactosada 2 kg,"Nutrecan con leche deslactosada: está formulado con ingredientes naturales y de consumo humano para cachorros con sensibilidad a la lactosa. Su leche sin lactosa previene molestias digestivas, y sus proteínas de alta calidad y calcio biodisponible favorecen el desarrollo muscular y óseo. ¡Sin colorantes ni sabores artificiales!",https://www.plazacampo.com/nutrecan-con-leche-deslactosada-ext-2kg-1/p?skuId=36830,https://b2csolla.vteximg.com.br/arquivos/ids/4379387-1000-1500/Nutrecan-Leche-Deslactosada-2-kg.jpg?v=639228602503830000,"https://b2csolla.vteximg.com.br/arquivos/ids/4379383-1000-1500/Nutrecan-Leche-Deslactosada-2-kg.jpg?v=639228602490270000,https://b2csolla.vteximg.com.br/arquivos/ids/4379381-1000-1500/Nutrecan-Leche-Deslactosada-2-kg.jpg?v=639228602492300000,https://b2csolla.vteximg.com.br/arquivos/ids/4380833-1000-1500/Nutrecan-Leche-Deslactosada-2-kg.jpg?v=639228602494800000",25500 COP,,in stock,new,Nutrecan,322,Perros > Nutrecan > Cachorros,Animals & Pet Supplies > Pet Supplies > Dog Supplies
36829,Nutrecan Leche Deslactosada 800g,"Nutrecan con leche deslactosada: está formulado con ingredientes naturales y de consumo humano para cachorros con sensibilidad a la lactosa. Su leche sin lactosa previene molestias digestivas, y sus proteínas de alta calidad y calcio biodisponible favorecen el desarrollo muscular y óseo. ¡Sin colorantes ni sabores artificiales!",https://www.plazacampo.com/nutrecan-con-leche-deslactosada-ext-800g-1/p?skuId=36829,https://b2csolla.vteximg.com.br/arquivos/ids/4379466-1000-1500/Nutrecan-Leche-Deslactosada-800g.jpg?v=639242425468330000,"https://b2csolla.vteximg.com.br/arquivos/ids/4379464-1000-1500/Nutrecan-Leche-Deslactosada-800g.jpg?v=639242425458200000,https://b2csolla.vteximg.com.br/arquivos/ids/4379470-1000-1500/Nutrecan-Leche-Deslactosada-800g.jpg?v=639242425460670000,https://b2csolla.vteximg.com.br/arquivos/ids/4379459-1000-1500/Nutrecan-Leche-Deslactosada-800g.jpg?v=639242425462200000",10200 COP,,in stock,new,Nutrecan,321,Perros > Nutrecan > Cachorros,Animals & Pet Supplies > Pet Supplies > Dog Supplies
36864,Nutrecan Salmon Y Queso Madurado  6 kg,"Nutrecan con salmón y queso madurado: es una fórmula especialmente diseñada para perros adultos mayores o con menor nivel de actividad, que necesitan mantener su fuerza muscular y vitalidad sin un exceso de grasa. Su combinación de ingredientes premium favorece el equilibrio entre energía, salud ósea y bienestar general",https://www.plazacampo.com/nutrecan-con-salmon-y-queso-madurado-ext-6kg-1/p?skuId=36864,https://b2csolla.vteximg.com.br/arquivos/ids/4380061-1000-1500/Nutrecan-Salmon Y-Queso-Madurado--6-kg.jpg?v=639251533986000000,"https://b2csolla.vteximg.com.br/arquivos/ids/4380765-1000-1500/Nutrecan-Salmon Y-Queso-Madurado--6-kg.jpg?v=639251615238200000,https://b2csolla.vteximg.com.br/arquivos/ids/4380066-1000-1500/Nutrecan-Salmon Y-Queso-Madurado--6-kg.jpg?v=639251615239570000,https://b2csolla.vteximg.com.br/arquivos/ids/4380063-1000-1500/Nutrecan-Salmon Y-Queso-Madurado--6-kg.jpg?v=639251615241500000",75401 COP,,in stock,new,Nutrecan,317,Perros > Nutrecan > Senior,Animals & Pet Supplies > Pet Supplies > Dog Supplies
36862,Nutrecan Salmon Y Queso Madurado 800 g,"Nutrecan con salmón y queso madurado: es una fórmula especialmente diseñada para perros adultos mayores o con menor nivel de actividad, que necesitan mantener su fuerza muscular y vitalidad sin un exceso de grasa. Su combinación de ingredientes premium favorece el equilibrio entre energía, salud ósea y bienestar general",https://www.plazacampo.com/nutrecan-con-salmon-y-queso-madurado-ext-800g-1/p?skuId=36862,https://b2csolla.vteximg.com.br/arquivos/ids/4380050-1000-1500/Nutrecan-Salmon-Y-Queso-Madurado-800-g.jpg?v=639247610147870000,"https://b2csolla.vteximg.com.br/arquivos/ids/4380785-1000-1500/Nutrecan-Salmon-Y-Queso-Madurado-800-g.jpg?v=639248078119570000,https://b2csolla.vteximg.com.br/arquivos/ids/4380053-1000-1500/Nutrecan-Salmon-Y-Queso-Madurado-800-g.jpg?v=639248078121270000,https://b2csolla.vteximg.com.br/arquivos/ids/4380048-1000-1500/Nutrecan-Salmon-Y-Queso-Madurado-800-g.jpg?v=639248078123600000",10100 COP,,in stock,new,Nutrecan,315,Perros > Nutrecan > Senior,Animals & Pet Supplies > Pet Supplies > Dog Supplies
36855,Nutrecan Salmon  800 g,"Nutrecan con salmón: es una fórmula premium desarrollada para promover el desarrollo y la recuperación muscular, al tiempo que apoya la salud cardiovascular y el bienestar general de tu mascota. Elaborado con salmón como fuente principal de proteína y ácidos grasos esenciales, ofrece una nutrición equilibrada y altamente beneficiosa.",https://www.plazacampo.com/nutrecan-con-salmon-ext-800g-1/p?skuId=36855,https://b2csolla.vteximg.com.br/arquivos/ids/4380588-1000-1500/Nutrecan-Salmon -800-g.jpg?v=639157573196530000,"https://b2csolla.vteximg.com.br/arquivos/ids/4380585-1000-1500/Nutrecan-Salmon -800-g.jpg?v=639157753148200000,https://b2csolla.vteximg.com.br/arquivos/ids/4380580-1000-1500/Nutrecan-Salmon -800-g.jpg?v=639157753151800000,https://b2csolla.vteximg.com.br/arquivos/ids/4380576-1000-1500/Nutrecan-Salmon -800-g.jpg?v=639157753154930000",9900 COP,,in stock,new,Nutrecan,314,Perros > Nutrecan > Adultos,Animals & Pet Supplies > Pet Supplies > Dog Supplies
36850,Nutrecan Pavo 6 kg,"Nutrecan con pavo: es una fórmula premium especialmente diseñada para perros con sensibilidad digestiva o de la piel. Elaborado con pavo como fuente principal de proteína, es ideal para reducir el riesgo de alergias alimentarias y promover una digestión suave y equilibrada.",https://www.plazacampo.com/nutrecan-con-pavo-ext-6kg-1/p?skuId=36850,https://b2csolla.vteximg.com.br/arquivos/ids/4380643-1000-1500/Nutrecan-Pavo-6-kg.jpg?v=639192998442500000,"https://b2csolla.vteximg.com.br/arquivos/ids/4380811-1000-1500/Nutrecan-Pavo-6-kg.jpg?v=639193178753700000,https://b2csolla.vteximg.com.br/arquivos/ids/4380630-1000-1500/Nutrecan-Pavo-6-kg.jpg?v=639193178755370000,https://b2csolla.vteximg.com.br/arquivos/ids/4380637-1000-1500/Nutrecan-Pavo-6-kg.jpg?v=639193178757230000",67600 COP,,in stock,new,Nutrecan,310,Perros > Nutrecan > Adultos,Animals & Pet Supplies > Pet Supplies > Dog Supplies
36848,Nutrecan Pavo 800g,"Nutrecan con pavo: es una fórmula premium especialmente diseñada para perros con sensibilidad digestiva o de la piel. Elaborado con pavo como fuente principal de proteína, es ideal para reducir el riesgo de alergias alimentarias y promover una digestión suave y equilibrada.",https://www.plazacampo.com/nutrecan-con-pavo-ext-20x800g-1/p?skuId=36848,https://b2csolla.vteximg.com.br/arquivos/ids/4380809-1000-1500/Nutrecan-Pavo 800g.jpg?v=639246350573200000,"https://b2csolla.vteximg.com.br/arquivos/ids/4380349-1000-1500/Nutrecan-Pavo 800g.jpg?v=639246350564400000,https://b2csolla.vteximg.com.br/arquivos/ids/4380345-1000-1500/Nutrecan-Pavo 800g.jpg?v=639246350565930000,https://b2csolla.vteximg.com.br/arquivos/ids/4380342-1000-1500/Nutrecan-Pavo 800g.jpg?v=639246350568430000",9000 COP,,in stock,new,Nutrecan,308,Perros > Nutrecan > Adultos,Animals & Pet Supplies > Pet Supplies > Dog Supplies
36845,Nutrecan Pollo 16 kg,"Nutrecan con pollo: una receta premium con biotina, omegas 3 y 6 para un pelaje fuerte, brillante y una piel saludable. Sin colorantes ni sabores artificiales, con croquetas fáciles de masticar y una fórmula digestiva que cuida su bienestar desde adentro.",https://www.plazacampo.com/nutrecan-con-pollo-ext-16kg-1/p?skuId=36845,https://b2csolla.vteximg.com.br/arquivos/ids/4380463-1000-1500/Nutrecan-Pollo 16-kg.jpg?v=639252398156100000,"https://b2csolla.vteximg.com.br/arquivos/ids/4380459-1000-1500/Nutrecan-Pollo 16-kg.jpg?v=639252614104030000,https://b2csolla.vteximg.com.br/arquivos/ids/4380447-1000-1500/Nutrecan-Pollo 16-kg.jpg?v=639252614105500000,https://b2csolla.vteximg.com.br/arquivos/ids/4380808-1000-1500/Nutrecan-Pollo 16-kg.jpg?v=639252614108000000",176900 COP,,in stock,new,Nutrecan,306,Perros > Nutrecan > Adultos,Animals & Pet Supplies > Pet Supplies > Dog Supplies
36819,Nutrecat con leche deslactosada Ext 8kg,"La nutrición en los gatitos es clave durante sus primeros meses, ya que necesitan una alimentación rica en proteínas, grasas saludables y nutrientes esenciales que respalden su crecimiento y fortalezcan sus defensas. Por eso creamos Nutrecat con Leche Deslactosada, una fórmula diseñada especialmente para gatitos con sensibilidad a la lactosa: - Digestión saludable: ayuda a regular el tránsito intestinal y puede aliviar diarreas leves. - Crecimiento fuerte: aporta calcio, fósforo y vitamina D para un desarrollo óptimo de huesos y dientes. - Seguro y natural: libre de colorantes y sabores artificiales. Dale a tu gatito el inicio saludable que merece con Nutrecat con Leche Deslactosada.",https://www.plazacampo.com/nutrecat-con-leche-deslactosada-ext-8-kg-1/p?skuId=36819,https://b2csolla.vteximg.com.br/arquivos/ids/4379524-1000-1500/Nutrecat-con-leche-deslactosada-Ext-8kg.jpg?v=639133164503600000,"https://b2csolla.vteximg.com.br/arquivos/ids/4379526-1000-1500/Nutrecat-con-leche-deslactosada-Ext-8kg.jpg?v=639133380668530000,https://b2csolla.vteximg.com.br/arquivos/ids/4379522-1000-1500/Nutrecat-con-leche-deslactosada-Ext-8kg.jpg?v=639133380671300000,https://b2csolla.vteximg.com.br/arquivos/ids/4379534-1000-1500/Nutrecat-con-leche-deslactosada-Ext-8kg.jpg?v=639133380673500000",104600 COP,,in stock,new,Nutrecat,297,Gatos > Nutrecat > Alimento seco,Animals & Pet Supplies > Pet Supplies > Cat Supplies
36817,Nutrecat con leche deslactosada Ext 30 x 500g,"La nutrición en los gatitos es clave durante sus primeros meses, ya que necesitan una alimentación rica en proteínas, grasas saludables y nutrientes esenciales que respalden su crecimiento y fortalezcan sus defensas. Por eso creamos Nutrecat con Leche Deslactosada, una fórmula diseñada especialmente para gatitos con sensibilidad a la lactosa: - Digestión saludable: ayuda a regular el tránsito intestinal y puede aliviar diarreas leves. - Crecimiento fuerte: aporta calcio, fósforo y vitamina D para un desarrollo óptimo de huesos y dientes. - Seguro y natural: libre de colorantes y sabores artificiales. Dale a tu gatito el inicio saludable que merece con Nutrecat con Leche Deslactosada.",https://www.plazacampo.com/nutrecat-con-leche-deslactosada-ext-30x500-g-1/p?skuId=36817,https://b2csolla.vteximg.com.br/arquivos/ids/4379152-1000-1500/Nutrecat-con-leche-deslactosada-Ext-30-x-500g.jpg?v=639229285967500000,"https://b2csolla.vteximg.com.br/arquivos/ids/4379151-1000-1500/Nutrecat-con-leche-deslactosada-Ext-30-x-500g.jpg?v=639229465479000000,https://b2csolla.vteximg.com.br/arquivos/ids/4379150-1000-1500/Nutrecat-con-leche-deslactosada-Ext-30-x-500g.jpg?v=639229465481800000,https://b2csolla.vteximg.com.br/arquivos/ids/4379149-1000-1500/Nutrecat-con-leche-deslactosada-Ext-30-x-500g.jpg?v=639229465483830000",9300 COP,,in stock,new,Nutrecat,295,Gatos > Nutrecat > Alimento seco,Animals & Pet Supplies > Pet Supplies > Cat Supplies
36874,Masleche Lactancia 40 x 30 kg,"Masleche Lactancia 40 es un suplemento alimenticio para suministrar a vacas lecheras en todas las etapas productivas. Suministre Masleche Lactancia 40 a razón de 40 gr/vaca/día, divididos en dos raciones de 20gr en cada uno de los ordeños, vertido sobre el alimento.",https://www.plazacampo.com/masleche-lactancia-40-x-30-kg-1/p?skuId=36874,https://b2csolla.vteximg.com.br/arquivos/ids/4380166-1000-1500/Masleche-Lactancia-40-x-30-kg.jpg?v=639123771101230000,"https://b2csolla.vteximg.com.br/arquivos/ids/4380164-1000-1500/Masleche-Lactancia-40-x-30-kg.jpg?v=639123852158030000,https://b2csolla.vteximg.com.br/arquivos/ids/4380162-1000-1500/Masleche-Lactancia-40-x-30-kg.jpg?v=639123852160200000",928900 COP,,in stock,new,Solla,293,Ganadería > Solla > Producción,Business & Industrial > Agriculture > Animal Husbandry
36873,Masleche Lactancia 40  x 10 kg,"Masleche Lactancia 40 es un suplemento alimenticio para suministrar a vacas lecheras en todas las etapas productivas. Suministre Masleche Lactancia 40 a razón de 40 gr/vaca/día, divididos en dos raciones de 20gr en cada uno de los ordeños, vertido sobre el alimento.",https://www.plazacampo.com/masleche-lactancia-40-x-10-kg-1/p?skuId=36873,https://b2csolla.vteximg.com.br/arquivos/ids/4379998-1000-1500/Masleche-Lactancia-40--x-10-kg.jpg?v=639236846030830000,"https://b2csolla.vteximg.com.br/arquivos/ids/4380003-1000-1500/Masleche-Lactancia-40--x-10-kg.jpg?v=639236846027230000,https://b2csolla.vteximg.com.br/arquivos/ids/4380001-1000-1500/Masleche-Lactancia-40--x-10-kg.jpg?v=639236846028800000",311300 COP,,in stock,new,Solla,292,Ganadería > Solla > Producción,Business & Industrial > Agriculture > Animal Husbandry
40092,Chaqueta Gris Solla Hombre,"La chaqueta con cuello redondo y cierre frontal de la marca Solla, está pensada para quienes buscan estilo y practicidad en una sola prenda. Confeccionada en un tejido cálido y estructurado, brinda comodidad en climas frescos. Es un look que se adapta a distintas ocasiones.",https://www.plazacampo.com/chaqueta-gris-solla-hombre-1/p?skuId=40092,https://b2csolla.vteximg.com.br/arquivos/ids/4379246-1000-1500/Chaqueta-Gris-Solla-Hombre.jpg?v=639223885579330000,https://b2csolla.vteximg.com.br/arquivos/ids/4379245-1000-1500/Chaqueta-Gris-Solla-Hombre.jpg?v=639223885577200000,147220 COP,,in stock,new,Solla,291,Moda Solla > Chaquetas > Chaqueta Hombre,Apparel & Accessories > Clothing
40059,Buzo con Capucha y Cierre Solla Mujer,"Buzo con cierre y capucha, una prenda versátil que combina confort y diseño. Fabricado en algodón perchado, ofrece una textura suave al tacto y mayor abrigo, ideal para los días frescos o para complementar tu look diario con un toque moderno. El diseño con capucha ajustable y cierre frontal proporciona practicidad y un ajuste adaptable a diferentes situaciones.",https://www.plazacampo.com/buso-hoodie-blanco-con-capucha-cierre-mujer-1/p?skuId=40059,https://b2csolla.vteximg.com.br/arquivos/ids/4379108-1000-1500/Buzo-con-Capucha-y-Cierre-Solla-Mujer.jpg?v=638990605088500000,https://b2csolla.vteximg.com.br/arquivos/ids/4379109-1000-1500/Buzo-con-Capucha-y-Cierre-Solla-Mujer.jpg?v=638990605090200000,124610 COP,,in stock,new,Solla,288,Moda Solla > Buzos > Buzo Mujer,Apparel & Accessories > Clothing
40060,Buzo con Capucha y Cierre Solla Mujer,"Buzo con cierre y capucha, una prenda versátil que combina confort y diseño. Fabricado en algodón perchado, ofrece una textura suave al tacto y mayor abrigo, ideal para los días frescos o para complementar tu look diario con un toque moderno. El diseño con capucha ajustable y cierre frontal proporciona practicidad y un ajuste adaptable a diferentes situaciones.",https://www.plazacampo.com/buso-hoodie-blanco-con-capucha-cierre-mujer-1/p?skuId=40060,https://b2csolla.vteximg.com.br/arquivos/ids/4379113-1000-1500/Buzo-con-Capucha-y-Cierre-Solla-Mujer.jpg?v=639193861556830000,https://b2csolla.vteximg.com.br/arquivos/ids/4379111-1000-1500/Buzo-con-Capucha-y-Cierre-Solla-Mujer.jpg?v=639193861549300000,124610 COP,,in stock,new,Solla,288,Moda Solla > Buzos > Buzo Mujer,Apparel & Accessories > Clothing
40061,Buzo con Capucha y Cierre Solla Mujer,"Buzo con cierre y capucha, una prenda versátil que combina confort y diseño. Fabricado en algodón perchado, ofrece una textura suave al tacto y mayor abrigo, ideal para los días frescos o para complementar tu look diario con un toque moderno. El diseño con capucha ajustable y cierre frontal proporciona practicidad y un ajuste adaptable a diferentes situaciones.",https://www.plazacampo.com/buso-hoodie-blanco-con-capucha-cierre-mujer-1/p?skuId=40061,https://b2csolla.vteximg.com.br/arquivos/ids/4379114-1000-1500/Buzo-con-Capucha-y-Cierre-Solla-Mujer.jpg?v=638990605107300000,https://b2csolla.vteximg.com.br/arquivos/ids/4379117-1000-1500/Buzo-con-Capucha-y-Cierre-Solla-Mujer.jpg?v=638990605109200000,124610 COP,,in stock,new,Solla,288,Moda Solla > Buzos > Buzo Mujer,Apparel & Accessories > Clothing
40062,Buzo con Capucha y Cierre Solla Mujer,"Buzo con cierre y capucha, una prenda versátil que combina confort y diseño. Fabricado en algodón perchado, ofrece una textura suave al tacto y mayor abrigo, ideal para los días frescos o para complementar tu look diario con un toque moderno. El diseño con capucha ajustable y cierre frontal proporciona practicidad y un ajuste adaptable a diferentes situaciones.",https://www.plazacampo.com/buso-hoodie-blanco-con-capucha-cierre-mujer-1/p?skuId=40062,https://b2csolla.vteximg.com.br/arquivos/ids/4379121-1000-1500/Buzo-con-Capucha-y-Cierre-Solla-Mujer.jpg?v=639035929260230000,https://b2csolla.vteximg.com.br/arquivos/ids/4379119-1000-1500/Buzo-con-Capucha-y-Cierre-Solla-Mujer.jpg?v=639035929257870000,124610 COP,,in stock,new,Solla,288,Moda Solla > Buzos > Buzo Mujer,Apparel & Accessories > Clothing
40063,Buzo con Capucha y Cierre Solla Mujer,"Buzo con cierre y capucha, una prenda versátil que combina confort y diseño. Fabricado en algodón perchado, ofrece una textura suave al tacto y mayor abrigo, ideal para los días frescos o para complementar tu look diario con un toque moderno. El diseño con capucha ajustable y cierre frontal proporciona practicidad y un ajuste adaptable a diferentes situaciones.",https://www.plazacampo.com/buso-hoodie-blanco-con-capucha-cierre-mujer-1/p?skuId=40063,https://b2csolla.vteximg.com.br/arquivos/ids/4379125-1000-1500/Buzo-con-Capucha-y-Cierre-Solla-Mujer.jpg?v=639122148816070000,https://b2csolla.vteximg.com.br/arquivos/ids/4379124-1000-1500/Buzo-con-Capucha-y-Cierre-Solla-Mujer.jpg?v=639122148814370000,124610 COP,,in stock,new,Solla,288,Moda Solla > Buzos > Buzo Mujer,Apparel & Accessories > Clothing
40065,Camisa Denim de Botones Nutrecan Mujer,"La camisa en denim de la marca Nutrecan, combina resistencia, confort y un diseño que habla por sí solo. Confeccionada en tela denim de alta calidad, es una prenda versátil y duradera, ideal para el uso diario.",https://www.plazacampo.com/camisa-denim-de-botones-nutrecan-mujer-1/p?skuId=40065,https://b2csolla.vteximg.com.br/arquivos/ids/4379134-1000-1500/Camisa-Denim-de-Botones-Nutrecan-Mujer.jpg?v=639219564945130000,https://b2csolla.vteximg.com.br/arquivos/ids/4379132-1000-1500/Camisa-Denim-de-Botones-Nutrecan-Mujer.jpg?v=639219564942470000,109140 COP,,in stock,new,Solla,287,Moda Solla > Camisas > Camisas Mujer,Apparel & Accessories > Clothing
40066,Camisa Denim de Botones Nutrecan Mujer,"La camisa en denim de la marca Nutrecan, combina resistencia, confort y un diseño que habla por sí solo. Confeccionada en tela denim de alta calidad, es una prenda versátil y duradera, ideal para el uso diario.",https://www.plazacampo.com/camisa-denim-de-botones-nutrecan-mujer-1/p?skuId=40066,https://b2csolla.vteximg.com.br/arquivos/ids/4379139-1000-1500/Camisa-Denim-de-Botones-Nutrecan-Mujer.jpg?v=639109368603930000,https://b2csolla.vteximg.com.br/arquivos/ids/4379138-1000-1500/Camisa-Denim-de-Botones-Nutrecan-Mujer.jpg?v=639109368601600000,109140 COP,,in stock,new,Solla,287,Moda Solla > Camisas > Camisas Mujer,Apparel & Accessories > Clothing
40067,Camisa Denim de Botones Nutrecan Mujer,"La camisa en denim de la marca Nutrecan, combina resistencia, confort y un diseño que habla por sí solo. Confeccionada en tela denim de alta calidad, es una prenda versátil y duradera, ideal para el uso diario.",https://www.plazacampo.com/camisa-denim-de-botones-nutrecan-mujer-1/p?skuId=40067,https://b2csolla.vteximg.com.br/arquivos/ids/4379143-1000-1500/Camisa-Denim-de-Botones-Nutrecan-Mujer.jpg?v=638990605168030000,https://b2csolla.vteximg.com.br/arquivos/ids/4379145-1000-1500/Camisa-Denim-de-Botones-Nutrecan-Mujer.jpg?v=638990605168970000,109140 COP,,in stock,new,Solla,287,Moda Solla > Camisas > Camisas Mujer,Apparel & Accessories > Clothing
40068,Camisa Denim de Botones Nutrecan Mujer,"La camisa en denim de la marca Nutrecan, combina resistencia, confort y un diseño que habla por sí solo. Confeccionada en tela denim de alta calidad, es una prenda versátil y duradera, ideal para el uso diario.",https://www.plazacampo.com/camisa-denim-de-botones-nutrecan-mujer-1/p?skuId=40068,https://b2csolla.vteximg.com.br/arquivos/ids/4379146-1000-1500/Camisa-Denim-de-Botones-Nutrecan-Mujer.jpg?v=638990605176100000,https://b2csolla.vteximg.com.br/arquivos/ids/4379147-1000-1500/Camisa-Denim-de-Botones-Nutrecan-Hombre.jpg?v=638990605177500000,109140 COP,,in stock,new,Solla,287,Moda Solla > Camisas > Camisas Mujer,Apparel & Accessories > Clothing
40098,Buzo Cuello Redondo Lucky Hombre,"Este buzo negro con cuello redondo de la marca Lucky, es una prenda diseñada para el uso diario, combinando comodidad, resistencia y una presencia marcada. Está confeccionado en algodón perchado, un tejido suave al tacto por dentro y con buena estructura por fuera.",https://www.plazacampo.com/buso-cuello-redondo-negro-lucky-hombre-1/p?skuId=40098,https://b2csolla.vteximg.com.br/arquivos/ids/4379271-1000-1500/Buzo-Cuello-Redondo-Lucky-Hombre.jpg?v=639105048853000000,https://b2csolla.vteximg.com.br/arquivos/ids/4379269-1000-1500/Buzo-Cuello-Redondo-Lucky-Hombre.jpg?v=639105048849870000,122230 COP,,in stock,new,Solla,286,Moda Solla > Buzos > Buzo Hombre,Apparel & Accessories > Clothing
40099,Buzo Cuello Redondo Lucky Hombre,"Este buzo negro con cuello redondo de la marca Lucky, es una prenda diseñada para el uso diario, combinando comodidad, resistencia y una presencia marcada. Está confeccionado en algodón perchado, un tejido suave al tacto por dentro y con buena estructura por fuera.",https://www.plazacampo.com/buso-cuello-redondo-negro-lucky-hombre-1/p?skuId=40099,https://b2csolla.vteximg.com.br/arquivos/ids/4379276-1000-1500/Buzo-Cuello-Redondo-Lucky-Hombre.jpg?v=639200557545730000,https://b2csolla.vteximg.com.br/arquivos/ids/4379273-1000-1500/Buzo-Cuello-Redondo-Lucky-Hombre.jpg?v=639200557542930000,122230 COP,,in stock,new,Solla,286,Moda Solla > Buzos > Buzo Hombre,Apparel & Accessories > Clothing
40100,Buzo Cuello Redondo Lucky Hombre,"Este buzo negro con cuello redondo de la marca Lucky, es una prenda diseñada para el uso diario, combinando comodidad, resistencia y una presencia marcada. Está confeccionado en algodón perchado, un tejido suave al tacto por dentro y con buena estructura por fuera.",https://www.plazacampo.com/buso-cuello-redondo-negro-lucky-hombre-1/p?skuId=40100,https://b2csolla.vteximg.com.br/arquivos/ids/4379274-1000-1500/Buzo-Cuello-Redondo-Lucky-Hombre.jpg?v=638990605399300000,https://b2csolla.vteximg.com.br/arquivos/ids/4379277-1000-1500/Buzo-Cuello-Redondo-Lucky-Hombre.jpg?v=638990605400700000,122230 COP,,in stock,new,Solla,286,Moda Solla > Buzos > Buzo Hombre,Apparel & Accessories > Clothing
40101,Buzo Cuello Redondo Lucky Hombre,"Este buzo negro con cuello redondo de la marca Lucky, es una prenda diseñada para el uso diario, combinando comodidad, resistencia y una presencia marcada. Está confeccionado en algodón perchado, un tejido suave al tacto por dentro y con buena estructura por fuera.",https://www.plazacampo.com/buso-cuello-redondo-negro-lucky-hombre-1/p?skuId=40101,https://b2csolla.vteximg.com.br/arquivos/ids/4379286-1000-1500/Buzo-Cuello-Redondo-Lucky-Hombre.jpg?v=639248473126000000,https://b2csolla.vteximg.com.br/arquivos/ids/4379287-1000-1500/Buzo-Cuello-Redondo-Lucky-Hombre.jpg?v=639248473124100000,122230 COP,,in stock,new,Solla,286,Moda Solla > Buzos > Buzo Hombre,Apparel & Accessories > Clothing
40102,Buzo Cuello Redondo Lucky Hombre,"Este buzo negro con cuello redondo de la marca Lucky, es una prenda diseñada para el uso diario, combinando comodidad, resistencia y una presencia marcada. Está confeccionado en algodón perchado, un tejido suave al tacto por dentro y con buena estructura por fuera.",https://www.plazacampo.com/buso-cuello-redondo-negro-lucky-hombre-1/p?skuId=40102,https://b2csolla.vteximg.com.br/arquivos/ids/4379285-1000-1500/Buzo-Cuello-Redondo-Lucky-Hombre.jpg?v=639058861276400000,https://b2csolla.vteximg.com.br/arquivos/ids/4379288-1000-1500/Buzo-Cuello-Redondo-Lucky-Hombre.jpg?v=639058861274200000,122230 COP,,in stock,new,Solla,286,Moda Solla > Buzos > Buzo Hombre,Apparel & Accessories > Clothing
40103,Buzo Cuello Redondo Lucky Hombre,"Este buzo negro con cuello redondo de la marca Lucky, es una prenda diseñada para el uso diario, combinando comodidad, resistencia y una presencia marcada. Está confeccionado en algodón perchado, un tejido suave al tacto por dentro y con buena estructura por fuera.",https://www.plazacampo.com/buso-cuello-redondo-negro-lucky-hombre-1/p?skuId=40103,https://b2csolla.vteximg.com.br/arquivos/ids/4379295-1000-1500/Buzo-Cuello-Redondo-Lucky-Hombre.jpg?v=639216505140800000,https://b2csolla.vteximg.com.br/arquivos/ids/4379293-1000-1500/Buzo-Cuello-Redondo-Lucky-Hombre.jpg?v=639216505138930000,122230 COP,,in stock,new,Solla,286,Moda Solla > Buzos > Buzo Hombre,Apparel & Accessories > Clothing
40104,Buzo Cuello Redondo Lucky Mujer,"Este buzo negro con cuello redondo de la marca Lucky, es una prenda diseñada para el uso diario, combinando comodidad, resistencia y una presencia marcada. Está confeccionado en algodón perchado, un tejido suave al tacto por dentro y con buena estructura por fuera.",https://www.plazacampo.com/buso-cuello-redondo-negro-lucky-mujer-1/p?skuId=40104,https://b2csolla.vteximg.com.br/arquivos/ids/4379294-1000-1500/Buzo-Cuello-Redondo-Lucky-Mujer.jpg?v=638990605418930000,https://b2csolla.vteximg.com.br/arquivos/ids/4379296-1000-1500/Buzo-Cuello-Redondo-Lucky-Mujer.jpg?v=638990605420500000,122230 COP,,in stock,new,Solla,285,Moda Solla > Buzos > Buzo Mujer,Apparel & Accessories > Clothing
40106,Buzo Cuello Redondo Lucky Mujer,"Este buzo negro con cuello redondo de la marca Lucky, es una prenda diseñada para el uso diario, combinando comodidad, resistencia y una presencia marcada. Está confeccionado en algodón perchado, un tejido suave al tacto por dentro y con buena estructura por fuera.",https://www.plazacampo.com/buso-cuello-redondo-negro-lucky-mujer-1/p?skuId=40106,https://b2csolla.vteximg.com.br/arquivos/ids/4379302-1000-1500/Buzo-Cuello-Redondo-Lucky-Mujer.jpg?v=639111565058400000,https://b2csolla.vteximg.com.br/arquivos/ids/4379304-1000-1500/Buzo-Cuello-Redondo-Lucky-Mujer.jpg?v=639111565053730000,122230 COP,,in stock,new,Solla,285,Moda Solla > Buzos > Buzo Mujer,Apparel & Accessories > Clothing
40107,Buzo Cuello Redondo Lucky Mujer,"Este buzo negro con cuello redondo de la marca Lucky, es una prenda diseñada para el uso diario, combinando comodidad, resistencia y una presencia marcada. Está confeccionado en algodón perchado, un tejido suave al tacto por dentro y con buena estructura por fuera.",https://www.plazacampo.com/buso-cuello-redondo-negro-lucky-mujer-1/p?skuId=40107,https://b2csolla.vteximg.com.br/arquivos/ids/4379309-1000-1500/Buzo-Cuello-Redondo-Lucky-Mujer.jpg?v=638990605436030000,https://b2csolla.vteximg.com.br/arquivos/ids/4379310-1000-1500/Buzo-Cuello-Redondo-Lucky-Mujer.jpg?v=638990605437130000,122230 COP,,in stock,new,Solla,285,Moda Solla > Buzos > Buzo Mujer,Apparel & Accessories > Clothing
40108,Buzo Cuello Redondo Lucky Mujer,"Este buzo negro con cuello redondo de la marca Lucky, es una prenda diseñada para el uso diario, combinando comodidad, resistencia y una presencia marcada. Está confeccionado en algodón perchado, un tejido suave al tacto por dentro y con buena estructura por fuera.",https://www.plazacampo.com/buso-cuello-redondo-negro-lucky-mujer-1/p?skuId=40108,https://b2csolla.vteximg.com.br/arquivos/ids/4379311-1000-1500/Buzo-Cuello-Redondo-Lucky-Mujer.jpg?v=639235512856300000,https://b2csolla.vteximg.com.br/arquivos/ids/4379312-1000-1500/Buzo-Cuello-Redondo-Lucky-Mujer.jpg?v=639235512853970000,122230 COP,,in stock,new,Solla,285,Moda Solla > Buzos > Buzo Mujer,Apparel & Accessories > Clothing
40087,Chaqueta Gris Solla Mujer,"La chaqueta con cuello redondo y cierre frontal de la marca Solla, está pensada para quienes buscan estilo y practicidad en una sola prenda. Confeccionada en un tejido cálido y estructurado, brinda comodidad en climas frescos. Es un look que se adapta a distintas ocasiones.",https://www.plazacampo.com/chaqueta-gris-solla-mujer-1/p?skuId=40087,https://b2csolla.vteximg.com.br/arquivos/ids/4379222-1000-1500/Chaqueta-Gris-Solla-Mujer.jpg?v=639215245305200000,https://b2csolla.vteximg.com.br/arquivos/ids/4379225-1000-1500/Chaqueta-Gris-Solla-Mujer.jpg?v=639215245301600000,147220 COP,,in stock,new,Solla,282,Moda Solla > Chaquetas > Chaqueta Mujer,Apparel & Accessories > Clothing
40089,Chaqueta Gris Solla Mujer,"La chaqueta con cuello redondo y cierre frontal de la marca Solla, está pensada para quienes buscan estilo y practicidad en una sola prenda. Confeccionada en un tejido cálido y estructurado, brinda comodidad en climas frescos. Es un look que se adapta a distintas ocasiones.",https://www.plazacampo.com/chaqueta-gris-solla-mujer-1/p?skuId=40089,https://b2csolla.vteximg.com.br/arquivos/ids/4379234-1000-1500/Chaqueta-Gris-Solla-Mujer.jpg?v=639053208934130000,https://b2csolla.vteximg.com.br/arquivos/ids/4379232-1000-1500/Chaqueta-Gris-Solla-Mujer.jpg?v=639053208931170000,147220 COP,,in stock,new,Solla,282,Moda Solla > Chaquetas > Chaqueta Mujer,Apparel & Accessories > Clothing
40044,Camisa Blanca de Botones Solla Mujer,"Camisa blanca de cuello con logo bordado de la marca Solla. Hecha en 100% algodón, combina comodidad, frescura y un ajuste preciso que se adapta al día a día. El logo bordado al frente y los puños con estampado exclusivo de la marca le dan un toque distintivo que marca la diferencia.",https://www.plazacampo.com/camisa-blanca-botones-solla-mujer-1/p?skuId=40044,https://b2csolla.vteximg.com.br/arquivos/ids/4379054-1000-1500/Camisa-Blanca-de-Botones-Solla-Mujer.jpg?v=638990604927930000,https://b2csolla.vteximg.com.br/arquivos/ids/4379055-1000-1500/Camisa-Blanca-de-Botones-Solla-Mujer.jpg?v=638990604930500000,109140 COP,,in stock,new,Solla,281,Moda Solla > Camisas > Camisas Mujer,Apparel & Accessories > Clothing
40045,Camisa Blanca de Botones Solla Mujer,"Camisa blanca de cuello con logo bordado de la marca Solla. Hecha en 100% algodón, combina comodidad, frescura y un ajuste preciso que se adapta al día a día. El logo bordado al frente y los puños con estampado exclusivo de la marca le dan un toque distintivo que marca la diferencia.",https://www.plazacampo.com/camisa-blanca-botones-solla-mujer-1/p?skuId=40045,https://b2csolla.vteximg.com.br/arquivos/ids/4379056-1000-1500/Camisa-Blanca-de-Botones-Solla-Mujer.jpg?v=639009144788370000,https://b2csolla.vteximg.com.br/arquivos/ids/4379057-1000-1500/Camisa-Blanca-de-Botones-Solla-Mujer.jpg?v=639009144785300000,109140 COP,,in stock,new,Solla,281,Moda Solla > Camisas > Camisas Mujer,Apparel & Accessories > Clothing
40046,Camisa Blanca de Botones Solla Mujer,"Camisa blanca de cuello con logo bordado de la marca Solla. Hecha en 100% algodón, combina comodidad, frescura y un ajuste preciso que se adapta al día a día. El logo bordado al frente y los puños con estampado exclusivo de la marca le dan un toque distintivo que marca la diferencia.",https://www.plazacampo.com/camisa-blanca-botones-solla-mujer-1/p?skuId=40046,https://b2csolla.vteximg.com.br/arquivos/ids/4379061-1000-1500/Camisa-Blanca-de-Botones-Solla-Mujer.jpg?v=639116100798600000,https://b2csolla.vteximg.com.br/arquivos/ids/4379060-1000-1500/Camisa-Blanca-de-Botones-Solla-Mujer.jpg?v=639116100796430000,109140 COP,,in stock,new,Solla,281,Moda Solla > Camisas > Camisas Mujer,Apparel & Accessories > Clothing
40047,Camisa Blanca de Botones Solla Hombre,"Camisa blanca de cuello con logo bordado de la marca Solla. Hecha en 100% algodón, combina comodidad, frescura y un ajuste preciso que se adapta al día a día. El logo bordado al frente y los puños con estampado exclusivo de la marca le dan un toque distintivo que marca la diferencia.",https://www.plazacampo.com/camisa-blanca-botones-solla-1/p?skuId=40047,https://b2csolla.vteximg.com.br/arquivos/ids/4379065-1000-1500/Camisa-Blanca-de-Botones-Solla-Hombre.jpg?v=639221293260170000,https://b2csolla.vteximg.com.br/arquivos/ids/4379064-1000-1500/Camisa-Blanca-de-Botones-Solla-Hombre.jpg?v=639221293257700000,109140 COP,,in stock,new,Solla,280,Moda Solla > Camisas > Camisas Hombres,Apparel & Accessories > Clothing
40048,Camisa Blanca de Botones Solla Hombre,"Camisa blanca de cuello con logo bordado de la marca Solla. Hecha en 100% algodón, combina comodidad, frescura y un ajuste preciso que se adapta al día a día. El logo bordado al frente y los puños con estampado exclusivo de la marca le dan un toque distintivo que marca la diferencia.",https://www.plazacampo.com/camisa-blanca-botones-solla-1/p?skuId=40048,https://b2csolla.vteximg.com.br/arquivos/ids/4379068-1000-1500/Camisa-Blanca-de-Botones-Solla-Hombre.jpg?v=638990604977800000,https://b2csolla.vteximg.com.br/arquivos/ids/4379069-1000-1500/Camisa-Blanca-de-Botones-Solla-Hombre.jpg?v=638990604979530000,109140 COP,,in stock,new,Solla,280,Moda Solla > Camisas > Camisas Hombres,Apparel & Accessories > Clothing
40049,Camisa Blanca de Botones Solla Hombre,"Camisa blanca de cuello con logo bordado de la marca Solla. Hecha en 100% algodón, combina comodidad, frescura y un ajuste preciso que se adapta al día a día. El logo bordado al frente y los puños con estampado exclusivo de la marca le dan un toque distintivo que marca la diferencia.",https://www.plazacampo.com/camisa-blanca-botones-solla-1/p?skuId=40049,https://b2csolla.vteximg.com.br/arquivos/ids/4379072-1000-1500/Camisa-Blanca-de-Botones-Solla-Hombre.jpg?v=638990604986870000,https://b2csolla.vteximg.com.br/arquivos/ids/4379073-1000-1500/Camisa-Blanca-de-Botones-Solla-Hombre.jpg?v=638990604988270000,109140 COP,,in stock,new,Solla,280,Moda Solla > Camisas > Camisas Hombres,Apparel & Accessories > Clothing
40050,Camisa Blanca de Botones Solla Hombre,"Camisa blanca de cuello con logo bordado de la marca Solla. Hecha en 100% algodón, combina comodidad, frescura y un ajuste preciso que se adapta al día a día. El logo bordado al frente y los puños con estampado exclusivo de la marca le dan un toque distintivo que marca la diferencia.",https://www.plazacampo.com/camisa-blanca-botones-solla-1/p?skuId=40050,https://b2csolla.vteximg.com.br/arquivos/ids/4379076-1000-1500/Camisa-Blanca-de-Botones-Solla-Hombre.jpg?v=638990604996770000,https://b2csolla.vteximg.com.br/arquivos/ids/4379077-1000-1500/Camisa-Blanca-de-Botones-Solla-Hombre.jpg?v=638990604997900000,109140 COP,,in stock,new,Solla,280,Moda Solla > Camisas > Camisas Hombres,Apparel & Accessories > Clothing
40051,Camisa Blanca de Botones Solla Hombre,"Camisa blanca de cuello con logo bordado de la marca Solla. Hecha en 100% algodón, combina comodidad, frescura y un ajuste preciso que se adapta al día a día. El logo bordado al frente y los puños con estampado exclusivo de la marca le dan un toque distintivo que marca la diferencia.",https://www.plazacampo.com/camisa-blanca-botones-solla-1/p?skuId=40051,https://b2csolla.vteximg.com.br/arquivos/ids/4379079-1000-1500/Camisa-Blanca-de-Botones-Solla-Hombre.jpg?v=639200953257870000,https://b2csolla.vteximg.com.br/arquivos/ids/4379081-1000-1500/Camisa-Blanca-de-Botones-Solla-Hombre.jpg?v=639200953255630000,109140 COP,,in stock,new,Solla,280,Moda Solla > Camisas > Camisas Hombres,Apparel & Accessories > Clothing
40052,Camisa Blanca de Botones Solla Hombre,"Camisa blanca de cuello con logo bordado de la marca Solla. Hecha en 100% algodón, combina comodidad, frescura y un ajuste preciso que se adapta al día a día. El logo bordado al frente y los puños con estampado exclusivo de la marca le dan un toque distintivo que marca la diferencia.",https://www.plazacampo.com/camisa-blanca-botones-solla-1/p?skuId=40052,https://b2csolla.vteximg.com.br/arquivos/ids/4379084-1000-1500/Camisa-Blanca-de-Botones-Solla-Hombre.jpg?v=639194905271100000,https://b2csolla.vteximg.com.br/arquivos/ids/4379083-1000-1500/Camisa-Blanca-de-Botones-Solla-Hombre.jpg?v=639194905267200000,109140 COP,,in stock,new,Solla,280,Moda Solla > Camisas > Camisas Hombres,Apparel & Accessories > Clothing
40053,Buzo con Capucha y Cierre Solla Hombre,"Buzo con cierre y capucha, una prenda versátil que combina confort y diseño. Fabricado en algodón perchado, ofrece una textura suave al tacto y mayor abrigo, ideal para los días frescos o para complementar tu look diario con un toque moderno. El diseño con capucha ajustable y cierre frontal proporciona practicidad y un ajuste adaptable a diferentes situaciones.",https://www.plazacampo.com/buso-hoodie-blanco-con-capucha-y-cierre-hombre-1/p?skuId=40053,https://b2csolla.vteximg.com.br/arquivos/ids/4379086-1000-1500/Buzo-con-Capucha-y-Cierre-Solla-Hombre.jpg?v=639220825335700000,https://b2csolla.vteximg.com.br/arquivos/ids/4379087-1000-1500/Buzo-con-Capucha-y-Cierre-Solla-Hombre.jpg?v=639220825334000000,124610 COP,,in stock,new,Solla,279,Moda Solla > Buzos > Buzo Hombre,Apparel & Accessories > Clothing
40054,Buzo con Capucha y Cierre Solla Hombre,"Buzo con cierre y capucha, una prenda versátil que combina confort y diseño. Fabricado en algodón perchado, ofrece una textura suave al tacto y mayor abrigo, ideal para los días frescos o para complementar tu look diario con un toque moderno. El diseño con capucha ajustable y cierre frontal proporciona practicidad y un ajuste adaptable a diferentes situaciones.",https://www.plazacampo.com/buso-hoodie-blanco-con-capucha-y-cierre-hombre-1/p?skuId=40054,https://b2csolla.vteximg.com.br/arquivos/ids/4379090-1000-1500/Buzo-con-Capucha-y-Cierre-Solla-Hombre.jpg?v=639009613301700000,https://b2csolla.vteximg.com.br/arquivos/ids/4379091-1000-1500/Buzo-con-Capucha-y-Cierre-Solla-Hombre.jpg?v=639009613300270000,124610 COP,,in stock,new,Solla,279,Moda Solla > Buzos > Buzo Hombre,Apparel & Accessories > Clothing
40056,Buzo con Capucha y Cierre Solla Hombre,"Buzo con cierre y capucha, una prenda versátil que combina confort y diseño. Fabricado en algodón perchado, ofrece una textura suave al tacto y mayor abrigo, ideal para los días frescos o para complementar tu look diario con un toque moderno. El diseño con capucha ajustable y cierre frontal proporciona practicidad y un ajuste adaptable a diferentes situaciones.",https://www.plazacampo.com/buso-hoodie-blanco-con-capucha-y-cierre-hombre-1/p?skuId=40056,https://b2csolla.vteximg.com.br/arquivos/ids/4379097-1000-1500/Buzo-con-Capucha-y-Cierre-Solla-Hombre.jpg?v=638990605055130000,https://b2csolla.vteximg.com.br/arquivos/ids/4379099-1000-1500/Buzo-con-Capucha-y-Cierre-Solla-Hombre.jpg?v=638990605056230000,124610 COP,,in stock,new,Solla,279,Moda Solla > Buzos > Buzo Hombre,Apparel & Accessories > Clothing
40057,Buzo con Capucha y Cierre Solla Hombre,"Buzo con cierre y capucha, una prenda versátil que combina confort y diseño. Fabricado en algodón perchado, ofrece una textura suave al tacto y mayor abrigo, ideal para los días frescos o para complementar tu look diario con un toque moderno. El diseño con capucha ajustable y cierre frontal proporciona practicidad y un ajuste adaptable a diferentes situaciones.",https://www.plazacampo.com/buso-hoodie-blanco-con-capucha-y-cierre-hombre-1/p?skuId=40057,https://b2csolla.vteximg.com.br/arquivos/ids/4379100-1000-1500/Buzo-con-Capucha-y-Cierre-Solla-Hombre.jpg?v=638990605064630000,https://b2csolla.vteximg.com.br/arquivos/ids/4379101-1000-1500/Buzo-con-Capucha-y-Cierre-Solla-Hombre.jpg?v=638990605066030000,124610 COP,,in stock,new,Solla,279,Moda Solla > Buzos > Buzo Hombre,Apparel & Accessories > Clothing
40058,Buzo con Capucha y Cierre Solla Hombre,"Buzo con cierre y capucha, una prenda versátil que combina confort y diseño. Fabricado en algodón perchado, ofrece una textura suave al tacto y mayor abrigo, ideal para los días frescos o para complementar tu look diario con un toque moderno. El diseño con capucha ajustable y cierre frontal proporciona practicidad y un ajuste adaptable a diferentes situaciones.",https://www.plazacampo.com/buso-hoodie-blanco-con-capucha-y-cierre-hombre-1/p?skuId=40058,https://b2csolla.vteximg.com.br/arquivos/ids/4379105-1000-1500/Buzo-con-Capucha-y-Cierre-Solla-Hombre.jpg?v=639113688539030000,https://b2csolla.vteximg.com.br/arquivos/ids/4379104-1000-1500/Buzo-con-Capucha-y-Cierre-Solla-Hombre.jpg?v=639113688536200000,124610 COP,,in stock,new,Solla,279,Moda Solla > Buzos > Buzo Hombre,Apparel & Accessories > Clothing
274,Sollasal 2% 40 kg,Está recomendada para suplementar ganado bovino de ceba consumiendo pastos con alto nivel de fósforo (> 0.30%) y en suelos de alta fertilidad. Reemplaza la sal blanca o sal marina con la certeza de aportar los macro y microminerales que el bovino requiere para su normal crecimiento y producción.,https://www.plazacampo.com/sollasal-2--40-kg-1-jpg/p?skuId=274,https://b2csolla.vteximg.com.br/arquivos/ids/4379752-1000-1500/Sollasal-2--40-kg.jpg?v=639122914194330000,https://b2csolla.vteximg.com.br/arquivos/ids/4379755-1000-1500/Sollasal-2--40-kg.jpg?v=639122914191370000,79000 COP,,in stock,new,Solla,274,Ganadería > Solla > Sales,Business & Industrial > Agriculture > Animal Husbandry
273,Sollasal Calcica 40 kg,"Sollasal Cálcica es reforzada con magnesio, para corregir deficiencias en pasturas donde la relación Ca: P está invertida. Está indicada para hatos en producción promedio de 20 lt/vaca/día, contiene fuentes orgánicas de zinc, cobre, cobalto y selenio para una mejor absorción y biodisponibilidad de estos minerales en el metabolismo de la vaca.",https://www.plazacampo.com/sollasal-calcica-40-kg-1-jpg/p?skuId=273,https://b2csolla.vteximg.com.br/arquivos/ids/4381450-1000-1500/Sollasal-Calcica-40-kg.jpg?v=639123770594300000,https://b2csolla.vteximg.com.br/arquivos/ids/4381802-1000-1500/Sollasal-Calcica-40-kg.jpg?v=639123770592270000,124300 COP,,in stock,new,Solla,273,Ganadería > Solla > Sales,Business & Industrial > Agriculture > Animal Husbandry
272,Sollasal Leche 5% 40 Kg,"Sollasal Leche, está formulada para la suplementación del ganado lechero especializado, en zonas de trópico alto, consumiendo pastos de alto nivel de proteína y Potasio. Contiene fuentes orgánicas de selenio, cobre, cobalto y zinc que mejoran la absorción y biodisponibilidad de estos elementos en el metabolismo de la vaca.",https://www.plazacampo.com/sollasal-leche-5--40-kg-1-jpg/p?skuId=272,https://b2csolla.vteximg.com.br/arquivos/ids/4381448-1000-1500/Sollasal-Leche-5--40-Kg.jpg?v=639181080937100000,https://b2csolla.vteximg.com.br/arquivos/ids/4381800-1000-1500/Sollasal-Leche-5--40-Kg.jpg?v=639181080934900000,111300 COP,,in stock,new,Solla,272,Ganadería > Solla > Sales,Business & Industrial > Agriculture > Animal Husbandry
268,Sollasal 4% 40 kg,"Sollasal 4%, es recomendada para la suplementación de ganado de engorde y ganado de levante, consumiendo pastos de moderado a alto contenido de fósforo (> 0.2%).",https://www.plazacampo.com/sollasal-4--40-kg-1-jpg/p?skuId=268,https://b2csolla.vteximg.com.br/arquivos/ids/4379497-1000-1500/Sollasal-4--40-kg.jpg?v=638990605759300000,https://b2csolla.vteximg.com.br/arquivos/ids/4379498-1000-1500/Sollasal-4--40-kg.jpg?v=638990605760730000,96000 COP,,in stock,new,Solla,268,Ganadería > Solla > Sales,Business & Industrial > Agriculture > Animal Husbandry
266,Sollasal 6% 40 kg,"SOLLASAL 6% ® es recomendada para la suplementación de ganado de engorde y ganado de levante, consumiendo pastos de bajo contenido de fósforo (< 0.2%).",https://www.plazacampo.com/sollasal-6--40-kg-1-jpg/p?skuId=266,https://b2csolla.vteximg.com.br/arquivos/ids/4379754-1000-1500/Sollasal-6--40-kg.jpg?v=639247608696170000,https://b2csolla.vteximg.com.br/arquivos/ids/4379751-1000-1500/Sollasal-6--40-kg.jpg?v=639247608694100000,113201 COP,,in stock,new,Solla,266,Ganadería > Solla > Sales,Business & Industrial > Agriculture > Animal Husbandry
265,Criasal 8% 40 kg,"Solla Peces 20% Ext 40 kg, es un suplemento alimenticio destinado al engorde de tilapias. Como norma general, suplemente diariamente una cantidad equivalente al 3% del peso de la biomasa repartida en dos porciones al día. Para peces desde los 100 gramos de peso vivo, hasta alcanzar el peso deseado.",https://www.plazacampo.com/criasal-8--40-kg-1-jpg/p?skuId=265,https://b2csolla.vteximg.com.br/arquivos/ids/4379496-1000-1500/Criasal-8--40-kg.jpg?v=639201818223000000,https://b2csolla.vteximg.com.br/arquivos/ids/4379495-1000-1500/Criasal-8--40-kg.jpg?v=639201818221100000,132700 COP,,in stock,new,Solla,265,Ganadería > Solla > Sales,Business & Industrial > Agriculture > Animal Husbandry
264,Fosforysal 8% AGR 40 kg,"Fosforysal 8% AGR 40 kg, está recomendado para suplir las deficiencias minerales en ganados de crías que consumen pastos, con niveles bajos de fósforo ( 0.3%).",https://www.plazacampo.com/fosforysal-8--agr-40-kg-1-jpg/p?skuId=264,https://b2csolla.vteximg.com.br/arquivos/ids/4380179-1000-1500/Fosforysal-8--AGR-40-kg.jpg?v=639119467135530000,https://b2csolla.vteximg.com.br/arquivos/ids/4380177-1000-1500/Fosforysal-8--AGR-40-kg.jpg?v=639119467133830000,119501 COP,,in stock,new,Agrinal,264,Ganadería > Agrinal > Sales,Business & Industrial > Agriculture > Animal Husbandry
263,Fosforysal 4% AGR 40 kg,"Fosforysal 4% AGR 40 kg, está recomendada para la suplementación mineral en ganado de ceba, ganado de levante y vacas horras (que han suspendido su lactancia o están embarazadas) y que pastan en praderas con contenido medio a alto de fósforo (> 0.2%).",https://www.plazacampo.com/fosforysal-4--agr-40-kg-1-jpg/p?skuId=263,https://b2csolla.vteximg.com.br/arquivos/ids/4380131-1000-1500/Fosforysal-4--AGR-40-kg.jpg?v=639119467655030000,https://b2csolla.vteximg.com.br/arquivos/ids/4380129-1000-1500/Fosforysal-4--AGR-40-kg.jpg?v=639119467653470000,83200 COP,,in stock,new,Agrinal,263,Ganadería > Agrinal > Sales,Business & Industrial > Agriculture > Animal Husbandry
262,Fosforysal Estandar AGR 40 Kg,"Fosforysal Estandar AGR 40 Kg, está recomendada para remplazar la sal blanca o sal marina cuando es utilizada como única fuente de minerales en el ganado. Proporciona Na y Cl, además, los microminerales que requiere diariamente el ganado. Puede ser utilizada también para vacas secas cercanas al parto ya que, por su bajo contenido de Ca y P, no interfiere en la activación de la paratohormona y permite suplementar todos los demás minerales requeridos para la formación del feto en las últimas semanas de gestación.",https://www.plazacampo.com/fosforysal-estandar-agr-40-kg-1-jpg/p?skuId=262,https://b2csolla.vteximg.com.br/arquivos/ids/4380618-1000-1500/Fosforysal-Estandar-AGR-40-Kg.jpg?v=639213734285370000,https://b2csolla.vteximg.com.br/arquivos/ids/4380620-1000-1500/Fosforysal-Estandar-AGR-40-Kg.jpg?v=639213734282230000,62600 COP,,in stock,new,Agrinal,262,Ganadería > Agrinal > Sales,Business & Industrial > Agriculture > Animal Husbandry
261,Fosforysal 6% AGR 40 kg,"Fosforysal 6% AGR 40 kg, está recomendada para la suplementación mineral de ganado de ceba que está pastoreando en praderas con bajo contenido de fósforo (< 0.2%) y para ganado de cría que consume pastos con niveles de fósforo superior al 0.2%.",https://www.plazacampo.com/fosforysal-6--agr-40-kg-1-jpg/p?skuId=261,https://b2csolla.vteximg.com.br/arquivos/ids/4380132-1000-1500/Fosforysal-6--AGR-40-kg.jpg?v=639257978074030000,https://b2csolla.vteximg.com.br/arquivos/ids/4380130-1000-1500/Fosforysal-6--AGR-40-kg.jpg?v=639257978071930000,102100 COP,,in stock,new,Agrinal,261,Ganadería > Agrinal > Sales,Business & Industrial > Agriculture > Animal Husbandry
260,Solla Peces 20% Ext 40 kg,"Solla Peces 20% Ext 40 kg, es un suplemento alimenticio destinado al engorde de tilapias. Como norma general, suplemente diariamente una cantidad equivalente al 3% del peso de la biomasa repartida en dos porciones al día. Para peces desde los 100 gramos de peso vivo, hasta alcanzar el peso deseado.",https://www.plazacampo.com/30524-sollapeces-20_-ext-40-kg-1/p?skuId=260,https://b2csolla.vteximg.com.br/arquivos/ids/4379703-1000-1500/Solla-Peces-20--Ext-40-kg.jpg?v=639245880851070000,https://b2csolla.vteximg.com.br/arquivos/ids/4379704-1000-1500/Solla-Peces-20--Ext-40-kg.jpg?v=639245880849100000,89500 COP,,in stock,new,Solla,260,Acuicultura > Solla > Aguas frías,Business & Industrial > Agriculture > Animal Husbandry
255,Truchas 40% CC Ext 40 kg,"Truchas 40% CC Ext 40 kg, es un producto extruido de alta energía, diseñado como alimento completo en la etapa final de engorde de Trucha Arco Iris, con un nivel de proteína por encima del 40% y con niveles de grasa mínimos al 13%.",https://www.plazacampo.com/truchas-40--cc-ext-40-kg-1-jpg/p?skuId=255,https://b2csolla.vteximg.com.br/arquivos/ids/4379821-1000-1500/Truchas-40--CC-Ext-40-kg.jpg?v=639245701369270000,https://b2csolla.vteximg.com.br/arquivos/ids/4379819-1000-1500/Truchas-40--CC-Ext-40-kg.jpg?v=639245701366400000,231200 COP,,in stock,new,Solla,255,Acuicultura > Solla > Aguas frías,Business & Industrial > Agriculture > Animal Husbandry
250,Mojarra 32% Ext 40 kg 4.5 mm,"Mojarra 32% Ext 40 kg 4.5 mm, es un producto con un nivel de proteína por encima del 32% y con niveles de grasa mínimos al 2.5%, que garantizan un levante ideal de sus peces, obteniendo así la mejor relación costo beneficio.",https://www.plazacampo.com/mojarra-32--ext-40-kg-4-5-mm-1-jpg/p?skuId=250,https://b2csolla.vteximg.com.br/arquivos/ids/4379504-1000-1500/Mojarra-32--Ext-40-kg-45-mm.jpg?v=639238789011700000,https://b2csolla.vteximg.com.br/arquivos/ids/4379503-1000-1500/Mojarra-32--Ext-40-kg-45-mm.jpg?v=639238789009430000,138000 COP,,in stock,new,Solla,250,Acuicultura > Solla > Aguas cálidas,Business & Industrial > Agriculture > Animal Husbandry
247,Mojarra 45% Hna 40 kg,"Mojarra 45% Hna 40 kg, es un alimento con niveles de proteína por encima de 45% y con niveles de grasa mínimos de 5%, especialmente diseñado para la primera etapa de alimentación de mojarra /tilapias.",https://www.plazacampo.com/mojarra-45--hna-40-kg-1-jpg/p?skuId=247,https://b2csolla.vteximg.com.br/arquivos/ids/4379762-1000-1500/Mojarra-45--Hna-40-kg.jpg?v=639236376794830000,https://b2csolla.vteximg.com.br/arquivos/ids/4379759-1000-1500/Mojarra-45--Hna-40-kg.jpg?v=639236376793200000,188000 COP,,in stock,new,Solla,247,Acuicultura > Solla > Aguas cálidas,Business & Industrial > Agriculture > Animal Husbandry
245,Mojarra 32% Ext 40 kg 3.5 mm,"Mojarra 32% Ext 40 kg 3.5 mm, es un producto con un nivel de proteína por encima del 32% y con niveles de grasa mínimos al 2.5%, que garantizan un levante ideal de sus peces, obteniendo así la mejor relación costo beneficio.",https://www.plazacampo.com/mojarra-32--ext-40-kg-3-5-mm-1-jpg/p?skuId=245,https://b2csolla.vteximg.com.br/arquivos/ids/4379080-1000-1500/Mojarra-32--Ext-40-kg-35-mm.jpg?v=639181548435630000,https://b2csolla.vteximg.com.br/arquivos/ids/4379078-1000-1500/Mojarra-32--Ext-40-kg-35-mm.jpg?v=639181548432200000,138000 COP,,in stock,new,Solla,245,Acuicultura > Solla > Aguas cálidas,Business & Industrial > Agriculture > Animal Husbandry
244,Truchas 50% Iniciacion SC Ext 20 kg,"Truchas 50% Iniciación SC Ext 20 kg, es un alimento extruido con un nivel de proteína por encima del 50% y con niveles de grasa mínimos al 13%, especialmente diseñado para la primera etapa de alimentación de la Trucha, garantizando un crecimiento ideal de los alevinos.",https://www.plazacampo.com/truchas-50--iniciacion-sc-ext-20-kg-1-jpg/p?skuId=244,https://b2csolla.vteximg.com.br/arquivos/ids/4379826-1000-1500/Truchas-50--Iniciacion-SC-Ext-20-kg.jpg?v=639246515899800000,https://b2csolla.vteximg.com.br/arquivos/ids/4379824-1000-1500/Truchas-50--Iniciacion-SC-Ext-20-kg.jpg?v=639246515898200000,170400 COP,,in stock,new,Solla,244,Acuicultura > Solla > Aguas frías,Business & Industrial > Agriculture > Animal Husbandry
243,Tilapia 38% Ext AGR 2.8mm 40 Kg,"Tilapia 38% Ext AGR 2.8mm 40 Kg, es un alimento de alta flotabilidad y digestibilidad fabricado en gránulos de 3.5 mm de diámetro. Con proteína mínima de 38.0% y grasa del 4.0%, diseñado para la etapa de Pre- levante de tilapias (mojarras).",https://www.plazacampo.com/tilapia-38--ext-agr-2-8mm-40-kg-1-jpg/p?skuId=243,https://b2csolla.vteximg.com.br/arquivos/ids/4379633-1000-1500/Tilapia-38--Ext-AGR-28mm-40-Kg.jpg?v=639253261864570000,https://b2csolla.vteximg.com.br/arquivos/ids/4379630-1000-1500/Tilapia-38--Ext-AGR-28mm-40-Kg.jpg?v=639253261863100000,150600 COP,,in stock,new,Agrinal,243,Acuicultura > Agrinal > Aguas cálidas,Business & Industrial > Agriculture > Animal Husbandry
242,Tilapia 34 Ext AGR 40 Kg,"Tilapia 34 Ext AGR 40 Kg, es un alimento completo destinado a la alimentación de tilapias (mojarras), durante el periodo de levante. Presenta un ajustado balance nutricional con 34% de proteína y 6% de grasa, ideal para esta etapa vital en el crecimiento.",https://www.plazacampo.com/tilapia-34-ext-agr-40-kg-1-jpg/p?skuId=242,https://b2csolla.vteximg.com.br/arquivos/ids/4379747-1000-1500/Tilapia-34-Ext-AGR-40-Kg.jpg?v=639134028998930000,https://b2csolla.vteximg.com.br/arquivos/ids/4379750-1000-1500/Tilapia-34-Ext-AGR-40-Kg.jpg?v=639134028996430000,142400 COP,,in stock,new,Agrinal,242,Acuicultura > Agrinal > Aguas cálidas,Business & Industrial > Agriculture > Animal Husbandry
241,Truchas 40 SC Ext EB 40kg,"Truchas 40 SC Ext EB 40kg, es un producto extruido de alta energía, diseñado como alimento completo en la etapa final de engorde de Trucha Arco Iris, con un nivel de proteína por encima del 40% y con niveles de grasa mínimos al 13%.",https://www.plazacampo.com/truchas-40-sc-ext-eb-40kg-1-jpg/p?skuId=241,https://b2csolla.vteximg.com.br/arquivos/ids/4379712-1000-1500/Truchas-40-SC-Ext-EB-40kg.jpg?v=639170532310730000,https://b2csolla.vteximg.com.br/arquivos/ids/4379710-1000-1500/Truchas-40-SC-Ext-EB-40kg.jpg?v=639170532308400000,219200 COP,,in stock,new,Solla,241,Acuicultura > Solla > Aguas frías,Business & Industrial > Agriculture > Animal Husbandry
240,Truchas 40% SP Ext AGR 40 kg,"Truchas 40% SP Ext AGR 40 kg, Agrinal, ofrece al sector exportador de trucha de carne blanca un alimento completo para la etapa de engorde de la Trucha. Contiene 40 % de proteína y alto nivel de energía.",https://www.plazacampo.com/truchas-40--sp-ext-agr-40-kg-1-jpg/p?skuId=240,https://b2csolla.vteximg.com.br/arquivos/ids/4380025-1000-1500/Truchas-40--SP-Ext-AGR-40-kg.jpg?v=639212654343670000,https://b2csolla.vteximg.com.br/arquivos/ids/4380029-1000-1500/Truchas-40--SP-Ext-AGR-40-kg.jpg?v=639212654341300000,199301 COP,,in stock,new,Agrinal,240,Acuicultura > Agrinal > Aguas frías,Business & Industrial > Agriculture > Animal Husbandry
238,Tilapia Reversion Hna AGR 20 kg,"Tilapia Reversion Hna AGR 20 kg, producto diseñado exclusivamente para larvas de Tilapia en etapa de reversión sexual, para lo cual se le ha incluido la hormona “17 Alpha Metil Testosterona (MT)” en perfecta mezcla homogénea. Es un alimento completo, con alto porcentaje de proteína.",https://www.plazacampo.com/tilapia-reversion-hna-agr-20-kg-1-jpg/p?skuId=238,https://b2csolla.vteximg.com.br/arquivos/ids/4379872-1000-1500/Tilapia-Reversion-Hna-AGR-20-kg.jpg?v=639175033460570000,https://b2csolla.vteximg.com.br/arquivos/ids/4379871-1000-1500/Tilapia-Reversion-Hna-AGR-20-kg.jpg?v=639175033457300000,147700 COP,,in stock,new,Agrinal,238,Acuicultura > Agrinal > Aguas cálidas,Business & Industrial > Agriculture > Animal Husbandry
237,Truchas 48 Iniciacion Ext AGR 40 kg,"Truchas 48 Iniciacion Ext AGR 40 kg, los niveles de alta energía, proteína (aminoácidos), vitaminas, ácidos grasos esenciales (omega 3) y minerales, están balanceados en forma adecuada para cubrir los requerimientos nutricionales de la trucha en los primeros estadios de su desarrollo.",https://www.plazacampo.com/truchas-48-iniciacion-ext-agr-40-kg-1-jpg/p?skuId=237,https://b2csolla.vteximg.com.br/arquivos/ids/4380467-1000-1500/Truchas-48-Iniciacion-Ext-AGR-40-kg.jpg?v=639070958842700000,https://b2csolla.vteximg.com.br/arquivos/ids/4380472-1000-1500/Truchas-48-Iniciacion-Ext-AGR-40-kg.jpg?v=639070958841000000,269000 COP,,in stock,new,Agrinal,237,Acuicultura > Agrinal > Aguas frías,Business & Industrial > Agriculture > Animal Husbandry
236,Tilapia 24 Ext AGR 40 kg,"Tilapia 24 Ext AGR 40 kg, es un producto con un nivel de proteína por encima del 24% y con niveles de grasa cercanos al 4%, que garantizan los mejores beneficios económicos en la fase final de engorde.",https://www.plazacampo.com/tilapia-24-ext-agr-40-kg-1-jpg/p?skuId=236,https://b2csolla.vteximg.com.br/arquivos/ids/4380019-1000-1500/Tilapia-24-Ext-AGR-40-kg.jpg?v=639227651925500000,https://b2csolla.vteximg.com.br/arquivos/ids/4380021-1000-1500/Tilapia-24-Ext-AGR-40-kg.jpg?v=639227651923430000,114500 COP,,in stock,new,Agrinal,236,Acuicultura > Agrinal > Aguas cálidas,Business & Industrial > Agriculture > Animal Husbandry
234,Truchas 45% Ext AGR 40 kg,"Truchas 45% Ext AGR 40 kg, es un alimento completo que tiene 45 % de proteína, especialmente formulado para la alimentación de juveniles de Trucha Arcoíris. Es un producto de alta energía por la adición tanto interna como externa de aceite de pescado.",https://www.plazacampo.com/truchas-45--ext-agr-40-kg-1-jpg/p?skuId=234,https://b2csolla.vteximg.com.br/arquivos/ids/4379874-1000-1500/Truchas-45--Ext-AGR-40-kg.jpg?v=639238969903530000,https://b2csolla.vteximg.com.br/arquivos/ids/4379873-1000-1500/Truchas-45--Ext-AGR-40-kg.jpg?v=639238969900570000,226800 COP,,in stock,new,Agrinal,234,Acuicultura > Agrinal > Aguas frías,Business & Industrial > Agriculture > Animal Husbandry
232,Tilapia 45 Ext AGR 40 kg,"Tilapia 45 Ext AGR 40 kg, es un alimento con niveles de proteína por encima de 45% y con niveles de grasa mínimos de 4%. Especialmente diseñado para la primera etapa de alimentación de las tilapias (mojarras). Garantiza un rápido crecimiento de los alevines.",https://www.plazacampo.com/tilapia-45-ext-agr-40-kg-1-jpg/p?skuId=232,https://b2csolla.vteximg.com.br/arquivos/ids/4380028-1000-1500/Tilapia-45-Ext-AGR-40-kg.jpg?v=639070959089030000,https://b2csolla.vteximg.com.br/arquivos/ids/4380031-1000-1500/Tilapia-45-Ext-AGR-40-kg.jpg?v=639070959087170000,189600 COP,,in stock,new,Agrinal,232,Acuicultura > Agrinal > Aguas cálidas,Business & Industrial > Agriculture > Animal Husbandry
231,Tilapia 30 Ext AGR 40 kg,"Tilapia 30 Ext AGR 40 kg, viene presentada en gránulos flotantes de 4.5 mm de diámetro para ofrecer a peces desde los 150 gramos hasta los 250 gramos de peso promedio, además, cuenta con otra presentación especial de 6.0 mm de diámetro.",https://www.plazacampo.com/tilapia-30-ext-agr-40-kg-1-jpg/p?skuId=231,https://b2csolla.vteximg.com.br/arquivos/ids/4380022-1000-1500/Tilapia-30-Ext-AGR-40-kg.jpg?v=639070958623370000,https://b2csolla.vteximg.com.br/arquivos/ids/4380016-1000-1500/Tilapia-30-Ext-AGR-40-kg.jpg?v=639070958621630000,129200 COP,,in stock,new,Agrinal,231,Acuicultura > Agrinal > Aguas cálidas,Business & Industrial > Agriculture > Animal Husbandry
228,Nutrepollo SP Cr 1 kg,NUTREPOLLO SP Cr: Es un alimento de iniciación diseñado para optimizar el desarrollo musculo-esquelético del pollito. Se debe suministrar a voluntad hasta 21 días de edad.,https://www.plazacampo.com/nutrepollo-sp-cr-20-x-1-kg-1-jpg/p?skuId=228,https://b2csolla.vteximg.com.br/arquivos/ids/4379189-1000-1500/Nutrepollo-SP-Cr-1-kg.jpg?v=639228205652600000,https://b2csolla.vteximg.com.br/arquivos/ids/4379191-1000-1500/Nutrepollo-SP-Cr-1-kg.jpg?v=639228205650570000,2500 COP,,in stock,new,Solla,228,Avicultura > Solla > Pollo de engorde,Business & Industrial > Agriculture > Animal Husbandry
227,Broiler I SP Pel 1 kg,BROILER l SP Pel: Es un alimento indicado para lotes de explotaciones medianas que requieran pigmentación en la piel de sus pollos.,https://www.plazacampo.com/broiler-i-sp-pel-20-x-1-kg-1-jpg/p?skuId=227,https://b2csolla.vteximg.com.br/arquivos/ids/4380603-1000-1500/Broiler-I-SP-Pel-1-kg.jpg?v=639123771200470000,https://b2csolla.vteximg.com.br/arquivos/ids/4380604-1000-1500/Broiler-I-SP-Pel-1-kg.jpg?v=639123771197400000,2400 COP,,in stock,new,Solla,227,Avicultura > Solla > Pollo de engorde,Business & Industrial > Agriculture > Animal Husbandry
224,Nutrepollo Cr TP 40 kg,Nutrepollo Cr TP 40 kg,https://www.plazacampo.com/nutrepollo-cr-tp-40-kg-1-jpg/p?skuId=224,https://b2csolla.vteximg.com.br/arquivos/ids/4379604-1000-1500/Nutrepollo-Cr-TP-40-kg.jpg?v=639123770479100000,https://b2csolla.vteximg.com.br/arquivos/ids/4379606-1000-1500/Nutrepollo-Cr-TP-40-kg.jpg?v=639123770477130000,93000 COP,,in stock,new,Solla,224,Avicultura > Solla > Pollo de engorde,Business & Industrial > Agriculture > Animal Husbandry
223,Ponedoras I SP Hna 40 kg,"PONEDORAS I tiene un balance perfecto en sus nutrientes que aseguran un rendimiento superior en cantidad y calidad, obteniendo los parámetros zootécnicos que las guías genéticas exigen. Nuestro valor agregado radica en cáscara fuerte, mejor tamaño de huevo y yema más amarilla, condiciones del producto que genera confianza y tranquilidad en el consumidor.",https://www.plazacampo.com/ponedoras-i-sp-hna-40-kg-1-jpg/p?skuId=223,https://b2csolla.vteximg.com.br/arquivos/ids/4379828-1000-1500/Ponedoras-I-SP-Hna-40-kg.jpg?v=639164268463600000,https://b2csolla.vteximg.com.br/arquivos/ids/4379830-1000-1500/Ponedoras-I-SP-Hna-40-kg.jpg?v=639164268460130000,74600 COP,,in stock,new,Solla,223,Avicultura > Solla > Postura,Business & Industrial > Agriculture > Animal Husbandry
215,Broiler I SP Pel 40 kg,BROILER l SP Pel: Es un alimento indicado para lotes de explotaciones medianas que requieran pigmentación en la piel de sus pollos.,https://www.plazacampo.com/broiler-i-sp-pel-40-kg-1-jpg/p?skuId=215,https://b2csolla.vteximg.com.br/arquivos/ids/4379314-1000-1500/Broiler-I-SP-Pel-40-kg.jpg?v=639240517056500000,https://b2csolla.vteximg.com.br/arquivos/ids/4379316-1000-1500/Broiler-I-SP-Pel-40-kg.jpg?v=639240517053800000,92800 COP,,in stock,new,Solla,215,Avicultura > Solla > Pollo de engorde,Business & Industrial > Agriculture > Animal Husbandry
212,Ponedoras I SP Cr 40 kg,"PONEDORAS I SP Cr es una excelente alternativa nutricional para lograr óptima calidad de huevo, en parámetros como pigmentación de yema, tamaño de huevo y calidad de cascara. Obtenga la mejor relación costo / beneficio. Se utiliza desde el primer huevo hasta el final de la etapa productiva.",https://www.plazacampo.com/ponedoras-i-sp-cr-40-kg-1-jpg/p?skuId=212,https://b2csolla.vteximg.com.br/arquivos/ids/4380384-1000-1500/Ponedoras-I-SP-Cr-40-kg.jpg?v=639211790427900000,https://b2csolla.vteximg.com.br/arquivos/ids/4380383-1000-1500/Ponedoras-I-SP-Cr-40-kg.jpg?v=639211790426200000,77700 COP,,in stock,new,Solla,212,Avicultura > Solla > Postura,Business & Industrial > Agriculture > Animal Husbandry
210,Pollas Hna 40 kg,De la 9ª semana a 16 semanas de edad,https://www.plazacampo.com/pollas-hna-40-kg-1-jpg/p?skuId=210,https://b2csolla.vteximg.com.br/arquivos/ids/4380274-1000-1500/Pollas-Hna-40-kg.jpg?v=639174637170670000,https://b2csolla.vteximg.com.br/arquivos/ids/4380273-1000-1500/Pollas-Hna-40-kg.jpg?v=639174637168470000,75600 COP,,in stock,new,Solla,210,Avicultura > Solla > Postura,Business & Industrial > Agriculture > Animal Husbandry
209,Pollitas Cr 40 kg,"POLLITAS Cr. Su balance perfecto de energía, proteína, minerales, vitaminas y aminoácidos, permiten un arranque óptimo de la pollita que se reflejará positivamente en la etapa de producción.",https://www.plazacampo.com/pollitas-cr-40-kg-1-jpg/p?skuId=209,https://b2csolla.vteximg.com.br/arquivos/ids/4380290-1000-1500/Pollitas-Cr-40-kg.jpg?v=639151525323630000,https://b2csolla.vteximg.com.br/arquivos/ids/4380288-1000-1500/Pollitas-Cr-40-kg.jpg?v=639151525322530000,84800 COP,,in stock,new,Solla,209,Avicultura > Solla > Postura,Business & Industrial > Agriculture > Animal Husbandry
205,Master Pollitos Mini Pel 40 kg,"MASTER POLLITO es el alimento indicado para pollitos recién nacidos, su presentación en minipelet asegura consumos uniformes de alimento, su color rojo atrae la atención del pollito y estimula su consumo; su formulación especial permite un optimo desarrollo de órganos y sistemas vitales en el pollito como corazón, bazo, hígado, sistema inmune y sistema digestivo, los cuales tienen su mayor desarrollo durante la primera semana de vida. Suministrarlo a voluntad los diez primeros días de vida. Los beneficios del Master pollito se relacionan directamente con un mejor rendimiento técnico y económico al final del lote, logrando estimular el consumo de alimento, garantizar un mayor desarrollo del sistema digestivo, mejorar la inmunidad del pollito, facilitar la absorción del saco vitelino, favorecer la uniformidad del lote, mejorar la calidad de la canal.",https://www.plazacampo.com/master-pollitos-mini-pel-40-kg-1-jpg/p?skuId=205,https://b2csolla.vteximg.com.br/arquivos/ids/4380278-1000-1500/Master-Pollitos-Mini-Pel-40-kg.jpg?v=639243974492800000,https://b2csolla.vteximg.com.br/arquivos/ids/4380280-1000-1500/Master-Pollitos-Mini-Pel-40-kg.jpg?v=639243974489400000,104600 COP,,in stock,new,Solla,205,Avicultura > Solla > Pollo de engorde,Business & Industrial > Agriculture > Animal Husbandry
202,Aves Produccion Cr AGR 1 kg,"Aves Producción es el alimento indicado en gallinas ponedoras de productores familiares, alojadas en galpón o sueltas (pastoreo) se recomienda suministrar a voluntad inmediatamente inicie la postura y hasta el final de su vida productiva.",https://www.plazacampo.com/aves-produccion-cr-agr-20-x-1-kg-1-jpg/p?skuId=202,https://b2csolla.vteximg.com.br/arquivos/ids/4380520-1000-1500/Aves-Produccion-Cr-AGR-1-kg.jpg?v=639173772797430000,https://b2csolla.vteximg.com.br/arquivos/ids/4380517-1000-1500/Aves-Produccion-Cr-AGR-1-kg.jpg?v=639173772795470000,2000 COP,,in stock,new,Agrinal,202,Avicultura > Agrinal > Postura,Business & Industrial > Agriculture > Animal Husbandry
201,Aves Produccion Cr AGR 40 kg,"Aves Producción es el alimento indicado en gallinas ponedoras de productores familiares, alojadas en galpón o sueltas (pastoreo). Se recomienda suministrar a voluntad inmediatamente inicie la postura y hasta el final de su vida productiva.",https://www.plazacampo.com/aves-produccion-cr-agr-40-kg-1-jpg/p?skuId=201,https://b2csolla.vteximg.com.br/arquivos/ids/4380519-1000-1500/Aves-Produccion-Cr-AGR-40-kg.jpg?v=639184538240200000,https://b2csolla.vteximg.com.br/arquivos/ids/4380515-1000-1500/Aves-Produccion-Cr-AGR-40-kg.jpg?v=639184538237070000,75200 COP,,in stock,new,Agrinal,201,Avicultura > Agrinal > Postura,Business & Industrial > Agriculture > Animal Husbandry
200,Q-ida Suplepollo Pel AGR 1kg 3mm,"Q-ida Suplepollo es el suplemento alimenticio de elección, ya que además de ser muy económico contiene los elementos para que los Pollos de engorde o de razas criollas, se mantengan sanos y productivos. Se puede mezclar con otras fuentes alimenticias y está indicado para clientes de producción familiar. Se recomienda suministrar a voluntad desde la semana 5 a sacrificio.",https://www.plazacampo.com/q-ida-suplepollo-pel-agr-20x1kg-3mm-1-jpg/p?skuId=200,https://b2csolla.vteximg.com.br/arquivos/ids/4379682-1000-1500/Q-ida-Suplepollo-Pel-AGR-1kg-3mm.jpg?v=639070958302330000,https://b2csolla.vteximg.com.br/arquivos/ids/4379684-1000-1500/Q-ida-Suplepollo-Pel-AGR-1kg-3mm.jpg?v=639070958300470000,1901 COP,,in stock,new,Agrinal,200,Avicultura > Agrinal > Pollo de engorde,Business & Industrial > Agriculture > Animal Husbandry
199,Q-ida Suplepollo Cr AGR 1 kg,"Q-ida Suplepollo, es el suplemento alimenticio de elección, ya que además de ser muy económico contiene los elementos para que los pollos de engorde o de razas criollas se mantengan sanos y productivos. Este alimento se puede mezclar con otras fuentes alimenticias y está indicado para clientes de producción familiar. Se recomienda suministrar a voluntad las primeras 4 semanas de vida del ave.",https://www.plazacampo.com/q-ida-suplepollo-cr-agr-20-x-1-kg-1-jpg/p?skuId=199,https://b2csolla.vteximg.com.br/arquivos/ids/4379811-1000-1500/Q-ida-Suplepollo-Cr-AGR-1-kg.jpg?v=639121977728230000,https://b2csolla.vteximg.com.br/arquivos/ids/4379813-1000-1500/Q-ida-Suplepollo-Cr-AGR-1-kg.jpg?v=639121977725670000,1901 COP,,in stock,new,Agrinal,199,Avicultura > Agrinal > Pollo de engorde,Business & Industrial > Agriculture > Animal Husbandry
197,Aves Produccion Pel AGR 1 kg,"Aves Producción es el alimento indicado en gallinas ponedoras de productores familiares, alojadas en galpón o sueltas (pastoreo) se recomienda suministrar a voluntad inmediatamente inicie la postura y hasta el final de su vida productiva.",https://www.plazacampo.com/aves-produccion-pel-agr-20-x-1-kg-1-jpg/p?skuId=197,https://b2csolla.vteximg.com.br/arquivos/ids/4379947-1000-1500/Aves-Produccion-Pel-AGR-1-kg.jpg?v=639166861384630000,https://b2csolla.vteximg.com.br/arquivos/ids/4379948-1000-1500/Aves-Produccion-Pel-AGR-1-kg.jpg?v=639166861382070000,1901 COP,,in stock,new,Agrinal,197,Avicultura > Agrinal > Postura,Business & Industrial > Agriculture > Animal Husbandry
196,Nutrepollo SP Cr 40 kg,Es un alimento de iniciación diseñado para optimizar el desarrollo musculo-esquelético del pollito. Se debe suministrar a voluntad hasta 21 días de edad.,https://www.plazacampo.com/nutrepollo-sp-cr-40-kg-1-jpg/p?skuId=196,https://b2csolla.vteximg.com.br/arquivos/ids/4379318-1000-1500/Nutrepollo-SP-Cr-40-kg.jpg?v=639230329546200000,https://b2csolla.vteximg.com.br/arquivos/ids/4379317-1000-1500/Nutrepollo-SP-Cr-40-kg.jpg?v=639230329544930000,93700 COP,,in stock,new,Solla,196,Avicultura > Solla > Pollo de engorde,Business & Industrial > Agriculture > Animal Husbandry
194,Broiler I Dorado Pel 40 kg,"BROILER I DORADO Pel: es un producto con presentación Peletizado que favorece los consumos de alimento, genera conversiones y costos de producción competitivos, logrando una mayor producción de kilos de carne por metro cuadrado y una carne magra con piel color amarillo “oro” muy apetecida por los colombianos.",https://www.plazacampo.com/broiler-i-dorado-pel-40-kg-1-jpg/p?skuId=194,https://b2csolla.vteximg.com.br/arquivos/ids/4379683-1000-1500/Broiler-I-Dorado-Pel-40-kg.jpg?v=639129241448830000,https://b2csolla.vteximg.com.br/arquivos/ids/4379681-1000-1500/Broiler-I-Dorado-Pel-40-kg.jpg?v=639129241443970000,93700 COP,,in stock,new,Solla,194,Avicultura > Solla > Pollo de engorde,Business & Industrial > Agriculture > Animal Husbandry
193,Q-ida Suplepollo Pel AGR 40 kg 3mm,"Q-ida Suplepollo, es el suplemento alimenticio de elección, ya que además de ser muy económico contiene los elementos para que los pollos de engorde o de razas criollas se mantengan sanos y productivos. Se puede mezclar con otras fuentes alimenticias y está indicado para clientes de producción familiar. Se recomienda suministrar a voluntad desde la semana 5 a sacrificio.",https://www.plazacampo.com/q-ida-suplepollo-pel-agr-40-kg-3mm-1-jpg/p?skuId=193,https://b2csolla.vteximg.com.br/arquivos/ids/4379679-1000-1500/Q-ida-Suplepollo-Pel-AGR-40-kg-3mm.jpg?v=639225145902170000,https://b2csolla.vteximg.com.br/arquivos/ids/4379680-1000-1500/Q-ida-Suplepollo-Pel-AGR-40-kg-3mm.jpg?v=639225145900770000,67800 COP,,in stock,new,Agrinal,193,Avicultura > Agrinal > Pollo de engorde,Business & Industrial > Agriculture > Animal Husbandry
192,Pollo Finalizacion Pel AGR 40 kg 3mm,"Pollo Finalización, indicado para explotaciones medianas que requieran pigmento. Con este producto AGRINAL ofrece una buena alternativa nutricional para el avicultor en expansión obteniendo excelente retorno de su inversión.",https://www.plazacampo.com/pollo-finalizacion-pel-agr-40-kg-3mm-1-jpg/p?skuId=192,https://b2csolla.vteximg.com.br/arquivos/ids/4379678-1000-1500/Pollo-Finalizacion-Pel-AGR-40-kg-3mm.jpg?v=639103321948900000,https://b2csolla.vteximg.com.br/arquivos/ids/4379676-1000-1500/Pollo-Finalizacion-Pel-AGR-40-kg-3mm.jpg?v=639103321946700000,89000 COP,,in stock,new,Agrinal,192,Avicultura > Agrinal > Pollo de engorde,Business & Industrial > Agriculture > Animal Husbandry
190,Q-ida Suplepollo Cr AGR 40 kg,"Q-ida Suplepollo es el suplemento alimenticio de elección. Además de ser muy económico contiene los elementos para que los pollos de engorde o de razas criollas, se mantengan sanos y productivos. Se puede mezclar con otras fuentes alimenticias y está indicado para clientes de producción familiar. Se recomienda suministrar a voluntad las primeras 4 semanas de vida del ave.",https://www.plazacampo.com/q-ida-suplepollo-cr-agr-40-kg-1-jpg/p?skuId=190,https://b2csolla.vteximg.com.br/arquivos/ids/4380474-1000-1500/Q-ida-Suplepollo-Cr-AGR-40-kg.jpg?v=639162757407930000,https://b2csolla.vteximg.com.br/arquivos/ids/4380470-1000-1500/Q-ida-Suplepollo-Cr-AGR-40-kg.jpg?v=639162757404500000,67800 COP,,in stock,new,Agrinal,190,Avicultura > Agrinal > Pollo de engorde,Business & Industrial > Agriculture > Animal Husbandry
189,Pollo Iniciacion Cr AGR 40 kg,Pollo Iniciación Cr: Indicado para explotaciones medianas que requieran excelente pigmentación. Se debe suministrar a voluntad desde el primer día hasta el día 25 de edad.,https://www.plazacampo.com/pollo-iniciacion-cr-agr-40-kg-1-jpg/p?skuId=189,https://b2csolla.vteximg.com.br/arquivos/ids/4379951-1000-1500/Pollo-Iniciacion-Cr-AGR-40-kg.jpg?v=639201422867070000,https://b2csolla.vteximg.com.br/arquivos/ids/4379949-1000-1500/Pollo-Iniciacion-Cr-AGR-40-kg.jpg?v=639201422865200000,89000 COP,,in stock,new,Agrinal,189,Avicultura > Agrinal > Pollo de engorde,Business & Industrial > Agriculture > Animal Husbandry
187,Postura Hna AGR 40 kg,Alimento élite para aves en etapa de producción de huevo.,https://www.plazacampo.com/postura-hna-agr-40-kg-1-jpg/p?skuId=187,https://b2csolla.vteximg.com.br/arquivos/ids/4379732-1000-1500/Postura-Hna-AGR-40-kg.jpg?v=639257113296730000,https://b2csolla.vteximg.com.br/arquivos/ids/4379731-1000-1500/Postura-Hna-AGR-40-kg.jpg?v=639257113295230000,69500 COP,,in stock,new,Agrinal,187,Avicultura > Agrinal > Postura,Business & Industrial > Agriculture > Animal Husbandry
183,Lechon Preiniciador AGR Pel 40 kg,"Lechón Preiniciador AGR Pel 40 kg, un producto diseñado para tener una alta palatabilidad (gusto al paladar) y así promover un rápido desarrollo del tracto digestivo de los lechones. Su alta digestibilidad permite una excelente absorción de los nutrientes promoviendo un adecuado crecimiento de los lechones y minimizando la aparición de diarreas. En la formulación, la inclusión de ingredientes está balanceada para cumplir con los requerimientos nutricionales de los animales y ayudar a una excelente maduración del tracto gastrointestinal.",https://www.plazacampo.com/lechon-preiniciador-agr-pel-40-kg-1-jpg/p?skuId=183,https://b2csolla.vteximg.com.br/arquivos/ids/4379896-1000-1500/Lechon-Preiniciador-AGR-Pel-40-kg.jpg?v=639200089652970000,https://b2csolla.vteximg.com.br/arquivos/ids/4379894-1000-1500/Lechon-Preiniciador-AGR-Pel-40-kg.jpg?v=639200089650470000,136700 COP,,in stock,new,Agrinal,183,Porcicultura > Agrinal > Precebos,Business & Industrial > Agriculture > Animal Husbandry
177,Cria Cerdos Lactancia Prime Pel 40 kg,"La cerda primeriza tiene dos retos importantes: Inicia su proceso reproductivo y continúa su crecimiento hasta alcanzar la talla de una adulta. Alimento Peletizado para utilizar en cerdas durante su primera lactancia y la etapa del destete al servicio de estas mismas cerdas. Al poseer una mayor concentración de nutrientes, permite llenar los requerimientos con menores consumos de alimento, manteniendo así una condición corporal adecuada para una mayor productividad de leche y una excelente reproducción. No utilizar en otro tipo de cerdos.",https://www.plazacampo.com/cria-cerdos-lactancia-prime-pel-40-kg-1-jpg/p?skuId=177,https://b2csolla.vteximg.com.br/arquivos/ids/4379298-1000-1500/Cria-Cerdos-Lactancia-Prime-Pel-40-kg.jpg?v=639223021483970000,https://b2csolla.vteximg.com.br/arquivos/ids/4379297-1000-1500/Cria-Cerdos-Lactancia-Prime-Pel-40-kg.jpg?v=639223021481270000,95300 COP,,in stock,new,Solla,177,Porcicultura > Solla > Cría,Business & Industrial > Agriculture > Animal Husbandry
176,Cria Cerdos Lactancia Pel 40 kg,"CRÍA CERDOS LACTANCIA, es un alimento especializado para cerdas en fase de lactancia, cerdas vacías en fase de destete a servicio y cerdas al final de la gestación, día 101 al día 110 al parto. También es utilizado en las cerdas de reemplazo desde los 125 kg. de peso hasta el momento del servicio.",https://www.plazacampo.com/cria-cerdos-lactancia-pel-40-kg-1-jpg/p?skuId=176,https://b2csolla.vteximg.com.br/arquivos/ids/4379292-1000-1500/Cria-Cerdos-Lactancia-Pel-40-kg.jpg?v=639081722521570000,https://b2csolla.vteximg.com.br/arquivos/ids/4379290-1000-1500/Cria-Cerdos-Lactancia-Pel-40-kg.jpg?v=639081722518470000,90700 COP,,in stock,new,Solla,176,Porcicultura > Solla > Cría,Business & Industrial > Agriculture > Animal Husbandry
175,Preiniciador DP Pel 40 kg,"PREINICIADOR DP es un alimento de SOLLA que ha sido diseñado para utilizar en lechones desde los 7 días de vida hasta una semana después del destete, contribuye a la maduración del sistema digestivo del lechón para garantizar el buen desarrollo y peso en esta etapa. Posee altos contenidos de derivados lácteos, materias primas de alta digestibilidad, saborizantes que permiten una excelente palatabilidad, igualmente posee antibióticos para prevenir enfermedades entéricas y respiratorias; antiparasitarios y productos que disminuyen la liberación de amoniaco al medio ambiente, proporcionando un aire de mejor calidad en el precebo”",https://www.plazacampo.com/preiniciador-dp-pel-40-kg-1-jpg/p?skuId=175,https://b2csolla.vteximg.com.br/arquivos/ids/4379406-1000-1500/Preiniciador-DP-Pel-40-kg.jpg?v=639132301472700000,https://b2csolla.vteximg.com.br/arquivos/ids/4379405-1000-1500/Preiniciador-DP-Pel-40-kg.jpg?v=639132301465030000,195500 COP,,in stock,new,Solla,175,Porcicultura > Solla > Precebos,Business & Industrial > Agriculture > Animal Husbandry
174,Preiniciador Lechones Pel 40 kg,"Preiniciador Lechones, es un alimento que por su óptima digestibilidad, proporciona un mayor desarrollo para lechones desde la segunda semana de destete hasta los 17.5 kg de peso aproximadamente. Posee derivados lácteos, materias primas de alta digestibilidad, saborizantes que permiten una excelente palatabilidad, igualmente posee antibióticos para prevenir enfermedades entéricas y respiratorias; antiparasitarios y productos que disminuyen la liberación de amoníaco al medio ambiente, proporcionando un aire de mejor calidad en el precebo.",https://www.plazacampo.com/preiniciador-lechones-pel-40-kg-1-jpg/p?skuId=174,https://b2csolla.vteximg.com.br/arquivos/ids/4379403-1000-1500/Preiniciador-Lechones-Pel-40-kg.jpg?v=639231878661070000,https://b2csolla.vteximg.com.br/arquivos/ids/4379404-1000-1500/Preiniciador-Lechones-Pel-40-kg.jpg?v=639231878658570000,152300 COP,,in stock,new,Solla,174,Porcicultura > Solla > Precebos,Business & Industrial > Agriculture > Animal Husbandry
173,Finalizador 70 Pel 40 kg,"FINALIZADOR 70 es un alimento de SOLLA, específico para el período de engorde comprendido entre los 70 kg y el beneficio haciendo de este producto la opción por economía dentro del segmento de productos de bajos precios.",https://www.plazacampo.com/finalizador-70-pel-40-kg-1-jpg/p?skuId=173,https://b2csolla.vteximg.com.br/arquivos/ids/4379397-1000-1500/Finalizador-70-Pel-40-kg.jpg?v=639221510378700000,https://b2csolla.vteximg.com.br/arquivos/ids/4379398-1000-1500/Finalizador-70-Pel-40-kg.jpg?v=639221510377000000,69700 COP,,in stock,new,Solla,173,Porcicultura > Solla > Ceba,Business & Industrial > Agriculture > Animal Husbandry
171,Cria Cerdos Reemplazo Pel 40 kg,"CRÍA CERDOS REEMPLAZOS es el alimento de SOLLA, diseñado para utilizar en cerdas de reemplazo, este alimento proporciona a la cerda los nutrientes necesarios que le permite consolidar la estructura ósea y estar preparadas para iniciar la etapa de reproducción.",https://www.plazacampo.com/cria-cerdos-reemplazo-pel-40-kg-1-jpg/p?skuId=171,https://b2csolla.vteximg.com.br/arquivos/ids/4379573-1000-1500/Cria-Cerdos-Reemplazo-Pel-40-kg.jpg?v=639234648837700000,https://b2csolla.vteximg.com.br/arquivos/ids/4379571-1000-1500/Cria-Cerdos-Reemplazo-Pel-40-kg.jpg?v=639234648835170000,89900 COP,,in stock,new,Solla,171,Porcicultura > Solla > Cría,Business & Industrial > Agriculture > Animal Husbandry
170,Iniciador Chanchitos Pel 40 kg,"INICIADOR CHANCHITOS es un alimento que ayuda a terminar el proceso de maduración del sistema digestivo del lechón. Su digestibilidad es óptima, ya que posee materias primas como los derivados lácteos que proporcionan un mayor desarrollo en los lechones para esta fase. Posee antibiótico para prevenir enfermedades entéricas y respiratorias; antiparasitarios y productos que disminuyen la liberación de amoniaco al medio ambiente, proporcionando un aire de mejor calidad en el precebo.",https://www.plazacampo.com/iniciador-chanchitos-pel-40-kg-1-jpg/p?skuId=170,https://b2csolla.vteximg.com.br/arquivos/ids/4379489-1000-1500/Iniciador-Chanchitos-Pel-40-kg.jpg?v=639224965606870000,https://b2csolla.vteximg.com.br/arquivos/ids/4379487-1000-1500/Iniciador-Chanchitos-Pel-40-kg.jpg?v=639224965604500000,108600 COP,,in stock,new,Solla,170,Porcicultura > Solla > Precebos,Business & Industrial > Agriculture > Animal Husbandry
169,Chanchitos GP Recibo Pel 40 kg,"CHANCHITOS GP está diseñado para utilizar en cerdos con buen potencial genético, permitiendo altas ganancias de tejido magro, formulado especialmente para prevenir problemas entéricos y respiratorios",https://www.plazacampo.com/chanchitos-gp-recibo-pel-40-kg-1-jpg/p?skuId=169,https://b2csolla.vteximg.com.br/arquivos/ids/4379485-1000-1500/Chanchitos-GP-Recibo-Pel-40-kg.jpg?v=639129240755970000,https://b2csolla.vteximg.com.br/arquivos/ids/4379483-1000-1500/Chanchitos-GP-Recibo-Pel-40-kg.jpg?v=639129240753000000,106700 COP,,in stock,new,Solla,169,Porcicultura > Solla > Levante,Business & Industrial > Agriculture > Animal Husbandry
168,Chanchitos GP Pel 40 kg,"CHANCHITOS GP está diseñado para utilizar en cerdos con buen potencial genético, permitiendo altas ganancias de tejido magro, formulado especialmente para prevenir problemas entéricos y respiratorios",https://www.plazacampo.com/chanchitos-gp-pel-40-kg-1-jpg/p?skuId=168,https://b2csolla.vteximg.com.br/arquivos/ids/4379407-1000-1500/Chanchitos-GP-Pel-40-kg.jpg?v=639254522180100000,https://b2csolla.vteximg.com.br/arquivos/ids/4379408-1000-1500/Chanchitos-GP-Pel-40-kg.jpg?v=639254522178570000,90500 COP,,in stock,new,Solla,168,Porcicultura > Solla > Levante,Business & Industrial > Agriculture > Animal Husbandry
166,Finalizador Pel 40 kg,"FINALIZADOR es el alimento de Solla diseñado para utilizar en cerdos de ceba que no poseen un alto potencial genético, permitiendo unas ganancias de peso apropiadas para esta etapa. Especializado para cerdos de ceba desde los 60 hasta los 100 Kg. de peso vivo. Formulado especialmente para prevenir problemas respiratorios y entéricos.",https://www.plazacampo.com/finalizador-pel-40-kg-1-jpg/p?skuId=166,https://b2csolla.vteximg.com.br/arquivos/ids/4380508-1000-1500/Finalizador-Pel-40-kg.jpg?v=639104870368970000,https://b2csolla.vteximg.com.br/arquivos/ids/4380505-1000-1500/Finalizador-Pel-40-kg.jpg?v=639104870366130000,78500 COP,,in stock,new,Solla,166,Porcicultura > Solla > Ceba,Business & Industrial > Agriculture > Animal Husbandry
64,Sabueso Adultos Ext 2 Kg,"Sabueso Adultos es un alimento completo extruido , cuya formula esta recomendada para alimentar perros adultos en mantenimiento.",https://www.plazacampo.com/sabueso-adultos-ext-8x2-kg-1-jpg/p?skuId=64,https://b2csolla.vteximg.com.br/arquivos/ids/4379800-1000-1500/Sabueso-Adultos-Ext-2-Kg.jpg?v=639241165464600000,"https://b2csolla.vteximg.com.br/arquivos/ids/4380722-1000-1500/Sabueso-Adultos-Ext-2-Kg.jpg?v=639241381337400000,https://b2csolla.vteximg.com.br/arquivos/ids/4380720-1000-1500/Sabueso-Adultos-Ext-2-Kg.jpg?v=639241381338630000,https://b2csolla.vteximg.com.br/arquivos/ids/4379801-1000-1500/Sabueso-Adultos-Ext-2-Kg.jpg?v=639241381340500000",9800 COP,,in stock,new,Sabueso,64,Perros > Sabueso > Adultos,Animals & Pet Supplies > Pet Supplies > Dog Supplies
63,Sabueso Adultos Ext 1 Kg,"Sabueso Adultos es un alimento completo extruido , cuya fórmula está recomendada para alimentar perros adultos en mantenimiento.",https://www.plazacampo.com/sabueso-adultos-ext-20x1-kg-1-jpg/p?skuId=63,https://b2csolla.vteximg.com.br/arquivos/ids/4380719-1000-1500/Sabueso Adultos-Ext-1-Kg.jpg?v=639204878280830000,"https://b2csolla.vteximg.com.br/arquivos/ids/4380721-1000-1500/Sabueso Adultos-Ext-1-Kg.jpg?v=639204878274400000,https://b2csolla.vteximg.com.br/arquivos/ids/4379797-1000-1500/Sabueso Adultos-Ext-1-Kg.jpg?v=639204878277030000,https://b2csolla.vteximg.com.br/arquivos/ids/4379795-1000-1500/Sabueso Adultos-Ext-1-Kg.jpg?v=639204878278970000",4900 COP,,in stock,new,Sabueso,63,Perros > Sabueso > Adultos,Animals & Pet Supplies > Pet Supplies > Dog Supplies
61,Sabueso Cachorros Ext 4 Kg,"Sabueso cachorros, es un alimento completo para suministrar a cachorros desde la cuarta semana de vida como complemento a la leche materna, hasta el destete en cantidad de 30 gramos por kilo de peso.Después del destete y hasta cumplir un año de vida, suministrar el alimento en tres comidas diarias.",https://www.plazacampo.com/sabueso-cachorros-ext-4kg-1/p?skuId=61,https://b2csolla.vteximg.com.br/arquivos/ids/4380673-1000-1500/Sabueso-Cachorros-Ext 4-Kg.webp?v=639227555208300000,"https://b2csolla.vteximg.com.br/arquivos/ids/4379338-1000-1500/Sabueso-Cachorros-Ext 4-Kg.webp?v=639227555209870000,https://b2csolla.vteximg.com.br/arquivos/ids/4379337-1000-1500/Sabueso-Cachorros-Ext 4-Kg.webp?v=639227555211130000,https://b2csolla.vteximg.com.br/arquivos/ids/4380674-1000-1500/Sabueso-Cachorros-Ext 4-Kg.webp?v=639227555212830000",25001 COP,,in stock,new,Sabueso,61,Perros > Sabueso > Cachorros,Animals & Pet Supplies > Pet Supplies > Dog Supplies
60,Sabueso Cachorros Ext 1 Kg,"Sabueso cachorros, es un alimento completo para suministrar a cachorros desde la cuarta semana de vida como complemento a la leche materna, hasta el destete en cantidad de 30 gramos por kilo de peso. Después del destete y hasta cumplir un año de vida, suministrar el alimento en tres comidas diarias",https://www.plazacampo.com/sabueso-cachorros-ext-1kg-1/p?skuId=60,https://b2csolla.vteximg.com.br/arquivos/ids/4382158-1000-1500/Sabueso-Cachorros-Ext 1-Kg.webp?v=639239653759200000,"https://b2csolla.vteximg.com.br/arquivos/ids/4382159-1000-1500/Sabueso-Cachorros-Ext 1-Kg.webp?v=639239833531600000,https://b2csolla.vteximg.com.br/arquivos/ids/4380663-1000-1500/Sabueso-Cachorros-Ext 1-Kg.webp?v=639239833532970000,https://b2csolla.vteximg.com.br/arquivos/ids/4379336-1000-1500/Sabueso-Cachorros-Ext 1-Kg.webp?v=639239833534630000",6200 COP,,in stock,new,Sabueso,60,Perros > Sabueso > Cachorros,Animals & Pet Supplies > Pet Supplies > Dog Supplies
59,Sabueso Cachorros Ext 500 g,"Sabueso cachorros, es un alimento completo para suministrar a cachorros desde la cuarta semana de vida como complemento a la leche materna, hasta el destete en cantidad de 30 gramos por kilo de peso. Después del destete y hasta cumplir un año de vida, suministrar el alimento en tres comidas diarias.",https://www.plazacampo.com/sabueso-cachorros-ext-500g-1/p?skuId=59,https://b2csolla.vteximg.com.br/arquivos/ids/4380660-1000-1500/Sabueso-Cachorros-Ext 500-g.webp?v=639236845484330000,"https://b2csolla.vteximg.com.br/arquivos/ids/4379517-1000-1500/Sabueso-Cachorros-Ext 500-g.webp?v=639237061291030000,https://b2csolla.vteximg.com.br/arquivos/ids/4379516-1000-1500/Sabueso-Cachorros-Ext 500-g.webp?v=639237061292130000,https://b2csolla.vteximg.com.br/arquivos/ids/4380661-1000-1500/Sabueso-Cachorros-Ext 500-g.webp?v=639237061293600000",3200 COP,,in stock,new,Sabueso,59,Perros > Sabueso > Cachorros,Animals & Pet Supplies > Pet Supplies > Dog Supplies
52,Lucky Cachorros Raza Pequeña Ext 4 Kg,"Alimento completo extruido para cachorros de razas pequeñas y miniaturas, así como para las hembras gestantes y lactantes. De los 1.5 a los 6 meses de edad reparta el alimento diario en 3 a 4 comidas y a partir de los 7 meses en dos comidas. Recuerde que las razas miniaturas son adultas a los 8 meses y las razas pequeñas a los 12 meses",https://www.plazacampo.com/lucky-cachorros-raza-peque%C3%B1a-ext-4kg-1/p?skuId=52,https://b2csolla.vteximg.com.br/arquivos/ids/4382125-1000-1500/Lucky-Cachorros-Raza-Pequeña-Ext-4-Kg.webp?v=639247609612300000,"https://b2csolla.vteximg.com.br/arquivos/ids/4380161-1000-1500/Lucky-Cachorros-Raza-Pequeña-Ext-4-Kg.webp?v=639248077650570000,https://b2csolla.vteximg.com.br/arquivos/ids/4380160-1000-1500/Lucky-Cachorros-Raza-Pequeña-Ext-4-Kg.webp?v=639248077652130000,https://b2csolla.vteximg.com.br/arquivos/ids/4380760-1000-1500/Lucky-Cachorros-Raza-Pequeña-Ext-4-Kg.webp?v=639248077653630000",71500 COP,,in stock,new,Lucky Perros,52,Perros > Lucky Perros > Cachorros,Animals & Pet Supplies > Pet Supplies > Dog Supplies
49,Lucky Adultos Raza Mediana Ext 2 Kg,Alimento completo extruido para perros adultos de razas medianas.,https://www.plazacampo.com/lucky-adultos-rm-ext-8x2-kg-1-jpg/p?skuId=49,https://b2csolla.vteximg.com.br/arquivos/ids/4380781-1000-1500/Lucky-Adultos-Raza-Mediana-Ext-2-Kg.jpg?v=639197498109500000,"https://b2csolla.vteximg.com.br/arquivos/ids/4380782-1000-1500/Lucky-Adultos-Raza-Mediana-Ext-2-Kg.jpg?v=639197498103900000,https://b2csolla.vteximg.com.br/arquivos/ids/4380167-1000-1500/Lucky-Adultos-Raza-Mediana-Ext-2-Kg.jpg?v=639197498105800000,https://b2csolla.vteximg.com.br/arquivos/ids/4380168-1000-1500/Lucky-Adultos-Raza-Mediana-Ext-2-Kg.jpg?v=639197498107500000",30700 COP,,in stock,new,Lucky Perros,49,Perros > Lucky Perros > Adultos,Animals & Pet Supplies > Pet Supplies > Dog Supplies
47,Lucky Cachorros Raza Grande Ext 2 Kg,"Alimento completo extruido para cachorros de razas grandes y gigantes, así como para las hembras gestantes y lactantes.",https://www.plazacampo.com/lucky-cachorros-rg-ext-8x2-kg-1-jpg/p?skuId=47,https://b2csolla.vteximg.com.br/arquivos/ids/4380154-1000-1500/Lucky-Cachorros-Raza-Grande-Ext-2-Kg.jpg?v=639194725767700000,"https://b2csolla.vteximg.com.br/arquivos/ids/4380790-1000-1500/Lucky-Cachorros-Raza-Grande-Ext-2-Kg.jpg?v=639194725760670000,https://b2csolla.vteximg.com.br/arquivos/ids/4380788-1000-1500/Lucky-Cachorros-Raza-Grande-Ext-2-Kg.jpg?v=639194725763330000,https://b2csolla.vteximg.com.br/arquivos/ids/4380155-1000-1500/Lucky-Cachorros-Raza-Grande-Ext-2-Kg.jpg?v=639194725766000000",39300 COP,,in stock,new,Lucky Perros,47,Perros > Lucky Perros > Cachorros,Animals & Pet Supplies > Pet Supplies > Dog Supplies
45,Lucky Cachorros Raza Pequeña Ext 1 Kg,"Alimento completo extruido para cachorros de razas pequeñas y miniaturas, así como para las hembras gestantes y lactantes. De los 1.5 a los 6 meses de edad reparta el alimento diario en 3 a 4 comidas y a partir de los 7 meses en dos comidas. Recuerda que las razas miniaturas son adultas a los 8 meses y las razas pequeñas a los 12 meses",https://www.plazacampo.com/lucky-cachorros-rp-ext-12x1-kg-1-jpg/p?skuId=45,https://b2csolla.vteximg.com.br/arquivos/ids/4380152-1000-1500/Lucky-Cachorros-Raza-Pequeña-Ext-1-Kg.jpg?v=639187155848500000,"https://b2csolla.vteximg.com.br/arquivos/ids/4380757-1000-1500/Lucky-Cachorros-Raza-Pequeña-Ext-1-Kg.jpg?v=639187156819200000,https://b2csolla.vteximg.com.br/arquivos/ids/4380150-1000-1500/Lucky-Cachorros-Raza-Pequeña-Ext-1-Kg.jpg?v=639187156823270000,https://b2csolla.vteximg.com.br/arquivos/ids/4380755-1000-1500/Lucky-Cachorros-Raza-Pequeña-Ext-1-Kg.jpg?v=639187156825470000",19900 COP,,in stock,new,Lucky Perros,45,Perros > Lucky Perros > Cachorros,Animals & Pet Supplies > Pet Supplies > Dog Supplies
44,Q-ida Can Cachorros Ext 500 g,"Q-ida Can Cachorros, es un alimento completo extruido para suministrar a cachorros desde la cuarta semana de vida como complemento a la leche materna, hasta el destete, en cantidades de 35 gramos por kilo de peso corporal, repartido en cinco comidas diarias. Después del destete y hasta cumplir un año de vida, suministrar el alimento en tres comidas diarias.",https://www.plazacampo.com/q-ida-can-cachorros-ext-30x500-g-1/p?skuId=44,https://b2csolla.vteximg.com.br/arquivos/ids/4382178-1000-1500/Q-ida-Can-Cachorros-Ext-500-g.jpg?v=639233500671070000,"https://b2csolla.vteximg.com.br/arquivos/ids/4382179-1000-1500/Q-ida-Can-Cachorros-Ext-500-g.jpg?v=639233500673100000,https://b2csolla.vteximg.com.br/arquivos/ids/4382180-1000-1500/Q-ida-Can-Cachorros-Ext-500-g.jpg?v=639233500675130000,https://b2csolla.vteximg.com.br/arquivos/ids/4382181-1000-1500/Q-ida-Can-Cachorros-Ext-500-g.jpg?v=639229465774500000",2900 COP,,in stock,new,Q-ida Can,44,Perros > Q-ida Can > Cachorros,Animals & Pet Supplies > Pet Supplies > Dog Supplies
43,Nutrecan Croquetas Cachorros Ext 500g,"Alimento extruido, 100% completo y balanceado, que ha sido formulado con ingredientes de la más alta calidad para promover el óptimo desarrollo de los cachorros. Ayuda a mantener una piel sana gracias a sus ácidos grasos esenciales Omega 6, y a la mezcla de vitaminas A y E.",https://www.plazacampo.com/nutrecan-croquetas-cachorros-ext-30x500g-1-jpg/p?skuId=43,https://b2csolla.vteximg.com.br/arquivos/ids/4380681-1000-1500/Nutrecan-Croquetas-Cachorros-Ext-500g.jpg?v=639235333398000000,"https://b2csolla.vteximg.com.br/arquivos/ids/4379426-1000-1500/Nutrecan-Croquetas-Cachorros-Ext-500g.jpg?v=639235333395170000,https://b2csolla.vteximg.com.br/arquivos/ids/4379425-1000-1500/Nutrecan-Croquetas-Cachorros-Ext-500g.jpg?v=639235333396270000",3900 COP,,in stock,new,Nutrecan Croquetas,43,Perros > Nutrecan Croquetas > Cachorros,Animals & Pet Supplies > Pet Supplies > Dog Supplies
42,Nutrecan Croquetas Adultos Ext 2kg,"Es un alimento 100% completo y balanceado, que ha sido formulado con ingredientes de alta calidad para mantener en estado óptimo la salud de tu perro adulto. Ayuda a mantener una piel sana, gracias a sus ácidos grasos esenciales Omega 6 y 3, y a la mezcla de vitaminas A y E más Zinc. Los estudios de alimentación animal realizados por Solla S.A. usando los procedimientos de la AAFCO (Association of American Feed Control Officials/Asociación Americana de Organismos de Control Alimentario) garantizan que Nutrecan croquetas carne y pollo, ofrece una nutrición completa y balanceada para perros de todas las razas.",https://www.plazacampo.com/nutrecan-croquetas-adultos-ext-8x2kg-1-jpg/p?skuId=42,https://b2csolla.vteximg.com.br/arquivos/ids/4381792-1000-1500/Nutrecan-Croquetas-Adultos-Ext-2kg.jpg?v=639245701796500000,"https://b2csolla.vteximg.com.br/arquivos/ids/4381968-1000-1500/Nutrecan-Croquetas-Adultos-Ext-2kg.jpg?v=639245701793070000,https://b2csolla.vteximg.com.br/arquivos/ids/4381440-1000-1500/Nutrecan-Croquetas-Adultos-Ext-2kg.jpg?v=639245701794600000",12500 COP,,in stock,new,Nutrecan Croquetas,42,Perros > Nutrecan Croquetas > Adultos,Animals & Pet Supplies > Pet Supplies > Dog Supplies
41,Nutrecan Croquetas Cachorros Ext 2kg,"Nutrecan Croquetas Cachorros, un alimento extruido, 100% completo y balanceado, que ha sido formulado con ingredientes de la más alta calidad para promover el óptimo desarrollo de los cachorros. Ayuda a mantener una piel sana gracias a sus ácidos grasos esenciales Omega 6, y a la mezcla de vitaminas A y E.",https://www.plazacampo.com/nutrecan-croquetas-cachorros-ext-8x2kg-1-jpg/p?skuId=41,https://b2csolla.vteximg.com.br/arquivos/ids/4380698-1000-1500/Nutrecan-Croquetas-Cachorros-Ext-2kg.jpg?v=639197966100630000,"https://b2csolla.vteximg.com.br/arquivos/ids/4379616-1000-1500/Nutrecan-Croquetas-Cachorros-Ext-2kg.jpg?v=639198182184770000,https://b2csolla.vteximg.com.br/arquivos/ids/4379618-1000-1500/Nutrecan-Croquetas-Cachorros-Ext-2kg.jpg?v=639198182187570000",15500 COP,,in stock,new,Nutrecan Croquetas,41,Perros > Nutrecan Croquetas > Cachorros,Animals & Pet Supplies > Pet Supplies > Dog Supplies
39,Nutrecan Adultos Raza Mediana y Grande Ext 16 kg,"Si tu perro lleva una vida calmada, requiere poca actividad física y vive en interiores; necesita compuestos nutricionales propios a su estilo de vida, por eso Nutrecan Adultos razas medianas y grandes es su alimento ideal, ya que es muy completo y balanceado. Tiene forma de deliciosas croquetas, cuya fórmula combina una saludable mezcla de nutrientes de alta digestibilidad con un sabor que a tu perro le encantará.La proteína es de alta calidad y alta digestibilidad, importante para el mejor mantenimiento y funcionamiento de los músculos en los perros adultos de todas las razas. El arroz, maíz, gluten de maíz, trigo y aceites vegetales, como principales ingredientes, complementan una dieta balanceada que garantiza el mejor sabor, salud y larga vida a las mascotas. Aceites vegetales y aceite de pescado, fuentes de Omega 6 y 3 , proporcionan una piel sana y garantiza un pelaje brillante, sistema nervioso central activo y buena visión. Ingredientes especiales, como la Yucca schidigera y los Prebióticos, aumentan la digestibilidad y promueven que las mascotas tengan heces sólidas, en menos cantidad y sin olor.",https://www.plazacampo.com/nutrecan-adultos-raza-mediana-y-grande-ext-16kg-1/p?skuId=39,https://b2csolla.vteximg.com.br/arquivos/ids/4379228-1000-1500/Nutrecan-Adultos-Raza-Mediana-y-Grande Ext-16-kg.webp?v=639251642958170000,"https://b2csolla.vteximg.com.br/arquivos/ids/4379227-1000-1500/Nutrecan-Adultos-Raza-Mediana-y-Grande Ext-16-kg.webp?v=639251642960470000,https://b2csolla.vteximg.com.br/arquivos/ids/4380656-1000-1500/Nutrecan-Adultos-Raza-Mediana-y-Grande Ext-16-kg.webp?v=639251642961900000,https://b2csolla.vteximg.com.br/arquivos/ids/4380657-1000-1500/Nutrecan-Adultos-Raza-Mediana-y-Grande Ext-16-kg.webp?v=639251642963170000",153101 COP,,in stock,new,Nutrecan,39,Perros > Nutrecan > Adultos,Animals & Pet Supplies > Pet Supplies > Dog Supplies
36,Nutrecan Adultos Raza Mediana y Grande Ext 2 kg,"Si tu perro lleva una vida calmada, requiere poca actividad física y vive en interiores; necesita compuestos nutricionales propios a su estilo de vida, por eso Nutrecan Adultos razas medianas y grandes es su alimento ideal, ya que es muy completo y balanceado. Tiene forma de deliciosas croquetas, cuya fórmula combina una saludable mezcla de nutrientes de alta digestibilidad con un sabor que a tu perro le encantará.La proteína es de alta calidad y alta digestibilidad, importante para el mejor mantenimiento y funcionamiento de los músculos en los perros adultos de todas las razas. El arroz, maíz, gluten de maíz, trigo y aceites vegetales, como principales ingredientes, complementan una dieta balanceada que garantiza el mejor sabor, salud y larga vida a las mascotas. Aceites vegetales y aceite de pescado, fuentes de Omega 6 y 3 , proporcionan una piel sana y garantiza un pelaje brillante, sistema nervioso central activo y buena visión. Ingredientes especiales, como la Yucca schidigera y los Prebióticos, aumentan la digestibilidad y promueven que las mascotas tengan heces sólidas, en menos cantidad y sin olor.",https://www.plazacampo.com/nutrecan-adultos-raza-mediana-y-grande-ext-2kg-1/p?skuId=36,https://b2csolla.vteximg.com.br/arquivos/ids/4380669-1000-1500/Nutrecan-Adultos-Raza-Mediana-y-Grande Ext-2-kg.webp?v=639251642886230000,"https://b2csolla.vteximg.com.br/arquivos/ids/4379319-1000-1500/Nutrecan-Adultos-Raza-Mediana-y-Grande Ext-2-kg.webp?v=639251642888770000,https://b2csolla.vteximg.com.br/arquivos/ids/4379320-1000-1500/Nutrecan-Adultos-Raza-Mediana-y-Grande Ext-2-kg.webp?v=639251642890230000,https://b2csolla.vteximg.com.br/arquivos/ids/4380670-1000-1500/Nutrecan-Adultos-Raza-Mediana-y-Grande Ext-2-kg.webp?v=639251642891770000",19500 COP,,in stock,new,Nutrecan,36,Perros > Nutrecan > Adultos,Animals & Pet Supplies > Pet Supplies > Dog Supplies
35,Nutrecan Adultos Raza Mediana y Grande Ext 800 g,"Si tu perro lleva una vida calmada, requiere poca actividad física y vive en interiores; necesita compuestos nutricionales propios a su estilo de vida, por eso Nutrecan Adultos razas medianas y grandes es su alimento ideal, ya que es muy completo y balanceado. Tiene forma de deliciosas croquetas, cuya fórmula combina una saludable mezcla de nutrientes de alta digestibilidad con un sabor que a tu perro le encantará.La proteína es de alta calidad y alta digestibilidad, importante para el mejor mantenimiento y funcionamiento de los músculos en los perros adultos de todas las razas. El arroz, maíz, gluten de maíz, trigo y aceites vegetales, como principales ingredientes, complementan una dieta balanceada que garantiza el mejor sabor, salud y larga vida a las mascotas. Aceites vegetales y aceite de pescado, fuentes de Omega 6 y 3 , proporcionan una piel sana y garantiza un pelaje brillante, sistema nervioso central activo y buena visión. Ingredientes especiales, como la Yucca schidigera y los Prebióticos, aumentan la digestibilidad y promueven que las mascotas tengan heces sólidas, en menos cantidad y sin olor.",https://www.plazacampo.com/nutrecan-adultos-raza-mediana-y-grande-ext-800g-1/p?skuId=35,https://b2csolla.vteximg.com.br/arquivos/ids/4380667-1000-1500/Nutrecan-Adultos-Raza-Mediana-y-Grande Ext-800-g.webp?v=639251615160070000,"https://b2csolla.vteximg.com.br/arquivos/ids/4382089-1000-1500/Nutrecan-Adultos-Raza-Mediana-y-Grande Ext-800-g.webp?v=639251642865930000,https://b2csolla.vteximg.com.br/arquivos/ids/4380668-1000-1500/Nutrecan-Adultos-Raza-Mediana-y-Grande Ext-800-g.webp?v=639251642868230000,https://b2csolla.vteximg.com.br/arquivos/ids/4379209-1000-1500/Nutrecan-Adultos-Raza-Mediana-y-Grande Ext-800-g.webp?v=639251642869530000",7800 COP,,in stock,new,Nutrecan,35,Perros > Nutrecan > Adultos,Animals & Pet Supplies > Pet Supplies > Dog Supplies
33,Nutrecan Cachorros Raza Mediana y Grande Ext 8 kg,"El integrante más pequeño de tu familia merece que su primer alimento sea una experiencia amable y deliciosa. Dale, Nutrecan Cachorros Raza Mediana y Grande, el alimento 100% completo y balanceado en forma de pequeños y ricos ""trocitos"" que le encantarán a tu cachorro y le darán los nutrientes necesarios para que crezca sano, lindo y fuerte.",https://www.plazacampo.com/nutrecan-cachorros-raza-mediana-y-grande-ext-8kg-1/p?skuId=33,https://b2csolla.vteximg.com.br/arquivos/ids/4380740-1000-1500/Nutrecan-Cachorros-Raza-Mediana-y-Grande Ext-8-kg.webp?v=639257580614530000,"https://b2csolla.vteximg.com.br/arquivos/ids/4379791-1000-1500/Nutrecan-Cachorros-Raza-Mediana-y-Grande Ext-8-kg.webp?v=639257798028300000,https://b2csolla.vteximg.com.br/arquivos/ids/4380741-1000-1500/Nutrecan-Cachorros-Raza-Mediana-y-Grande Ext-8-kg.webp?v=639257798029670000,https://b2csolla.vteximg.com.br/arquivos/ids/4379793-1000-1500/Nutrecan-Cachorros-Raza-Mediana-y-Grande Ext-8-kg.webp?v=639257798031100000",97000 COP,,in stock,new,Nutrecan,33,Perros > Nutrecan > Cachorros,Animals & Pet Supplies > Pet Supplies > Dog Supplies
32,Nutrecan Cachorros Raza Mediana y Grande Ext 2kg,"El integrante más pequeño de tu familia merece que su primer alimento sea una experiencia amable y deliciosa.Por eso, aliméntalos con Nutrecan, 100% completo y balanceado en forma de pequeños y ricos ""trocitos"" que le encantarán a tu cachorro y le darán los nutrientes necesarios para que crezca sano, lindo y fuerte. El consumo de proteínas de alta calidad es fundamental para que los cachorros puedan crear nuevo tejido corporal a medida que crecen. El aporte de Calcio y Fósforo, está perfectamente ajustado para facilitar un buen desarrollo de huesos y dientes sanos y fuertes. Una balanceada inclusión de Zinc, Vitaminas C, E y ácidos grasos insaturados, que aportan Omega 6 y 3, son el factor nutritivo más importante para la salud de la piel y el pelo de sus cachorros. Prebióticos, Yucca schidigera y Enzimas Proteolíticas, son un aporte importante para asegurar una mayor digestibilidad y garantizar heces compactas, secas y sin olor.",https://www.plazacampo.com/nutrecan-cachorros-raza-mediana-y-grande-ext-2kg-1/p?skuId=32,https://b2csolla.vteximg.com.br/arquivos/ids/4380737-1000-1500/Nutrecan-Cachorros-Raza-Mediana-y-Grande Ext-2kg.webp?v=639251643186030000,"https://b2csolla.vteximg.com.br/arquivos/ids/4380739-1000-1500/Nutrecan-Cachorros-Raza-Mediana-y-Grande Ext-2kg.webp?v=639251643187830000,https://b2csolla.vteximg.com.br/arquivos/ids/4379788-1000-1500/Nutrecan-Cachorros-Raza-Mediana-y-Grande Ext-2kg.webp?v=639251643189500000,https://b2csolla.vteximg.com.br/arquivos/ids/4379790-1000-1500/Nutrecan-Cachorros-Raza-Mediana-y-Grande Ext-2kg.webp?v=639251643190870000",24300 COP,,in stock,new,Nutrecan,32,Perros > Nutrecan > Cachorros,Animals & Pet Supplies > Pet Supplies > Dog Supplies
31,Nutrecan Cachorros Raza Mediana y Grande Ext 800g,"El integrante más pequeño de tu familia merece que su primer alimento sea una experiencia amable y deliciosa.Por eso, aliméntalos con Nutrecan, 100% completo y balanceado en forma de pequeños y ricos ""trocitos"" que le encantarán a tu cachorro y le darán los nutrientes necesarios para que crezca sano, lindo y fuerte. El consumo de proteínas de alta calidad es fundamental para que los cachorros puedan crear nuevo tejido corporal a medida que crecen. El aporte de Calcio y Fósforo, está perfectamente ajustado para facilitar un buen desarrollo de huesos y dientes sanos y fuertes. Una balanceada inclusión de Zinc, Vitaminas C, E y ácidos grasos insaturados, que aportan Omega 6 y 3, son el factor nutritivo más importante para la salud de la piel y el pelo de sus cachorros. Prebióticos, Yucca schidigera y Enzimas Proteolíticas, son un aporte importante para asegurar una mayor digestibilidad y garantizar heces compactas, secas y sin olor.",https://www.plazacampo.com/nutrecan-cachorros-raza-mediana-y-grande-ext-800g-1/p?skuId=31,https://b2csolla.vteximg.com.br/arquivos/ids/4382249-1000-1500/Nutrecan-Cachorros-Raza-Mediana-y-Grande-Ext-800g.webp?v=639257798116000000,"https://b2csolla.vteximg.com.br/arquivos/ids/4379789-1000-1500/Nutrecan-Cachorros-Raza-Mediana-y-Grande-Ext-800g.webp?v=639257977778570000,https://b2csolla.vteximg.com.br/arquivos/ids/4380738-1000-1500/Nutrecan-Cachorros-Raza-Mediana-y-Grande-Ext-800g.webp?v=639257977779970000,https://b2csolla.vteximg.com.br/arquivos/ids/4379787-1000-1500/Nutrecan-Cachorros-Raza-Mediana-y-Grande-Ext-800g.webp?v=639257977782200000",9700 COP,,in stock,new,Nutrecan,31,Perros > Nutrecan > Cachorros,Animals & Pet Supplies > Pet Supplies > Dog Supplies
29,Nutrecan Cachorros Raza Pequeña ext16kg,"El integrante más pequeño de tu familia merece que su primer alimento sea una experiencia amable y deliciosa.Por eso, aliméntalos con Nutrecan, 100% completo y balanceado en forma de pequeños y ricos ""trocitos"" que le encantarán a tu cachorro y le darán los nutrientes necesarios para que crezca sano, lindo y fuerte. El consumo de proteínas de alta calidad es fundamental para que los cachorros puedan crear nuevo tejido corporal a medida que crecen. El aporte de Calcio y Fósforo, está perfectamente ajustado para facilitar un buen desarrollo de huesos y dientes sanos y fuertes. Una balanceada inclusión de Zinc, Vitaminas C, E y ácidos grasos insaturados, que aportan Omega 6 y 3, son el factor nutritivo más importante para la salud de la piel y el pelo de sus cachorros. Prebióticos, Yucca schidigera y Enzimas Proteolíticas, son un aporte importante para asegurar una mayor digestibilidad y garantizar heces compactas, secas y sin olor.",https://www.plazacampo.com/nutrecan-cachorros-raz-peq-ext16kg-1-jpg/p?skuId=29,https://b2csolla.vteximg.com.br/arquivos/ids/4379839-1000-1500/Nutrecan-Cachorros-Raza-Pequeña-ext16kg.jpg?v=639137881552600000,"https://b2csolla.vteximg.com.br/arquivos/ids/4379835-1000-1500/Nutrecan-Cachorros-Raza-Pequeña-ext16kg.jpg?v=639138349255900000,https://b2csolla.vteximg.com.br/arquivos/ids/4380734-1000-1500/Nutrecan-Cachorros-Raza-Pequeña-ext16kg.jpg?v=639138349258570000,https://b2csolla.vteximg.com.br/arquivos/ids/4380735-1000-1500/Nutrecan-Cachorros-Raza-Pequeña-ext16kg.jpg?v=639138349259900000",194000 COP,,in stock,new,Nutrecan,29,Perros > Nutrecan > Cachorros,Animals & Pet Supplies > Pet Supplies > Dog Supplies
28,Nutrecan Cachorros Raza Pequeña ext 2 kg,"El integrante más pequeño de tu familia merece que su primer alimento sea una experiencia amable y deliciosa.Por eso, aliméntalos con Nutrecan, 100% completo y balanceado en forma de pequeños y ricos ""trocitos"" que le encantarán a tu cachorro y le darán los nutrientes necesarios para que crezca sano, lindo y fuerte. El consumo de proteínas de alta calidad es fundamental para que los cachorros puedan crear nuevo tejido corporal a medida que crecen. El aporte de Calcio y Fósforo, está perfectamente ajustado para facilitar un buen desarrollo de huesos y dientes sanos y fuertes. Una balanceada inclusión de Zinc, Vitaminas C, E y ácidos grasos insaturados, que aportan Omega 6 y 3, son el factor nutritivo más importante para la salud de la piel y el pelo de sus cachorros. Prebióticos, Yucca schidigera y Enzimas Proteolíticas, son un aporte importante para asegurar una mayor digestibilidad y garantizar heces compactas, secas y sin olor.",https://www.plazacampo.com/nutrecan-cachorros-raz-peq-ext-8x2-kg-1-jpg/p?skuId=28,https://b2csolla.vteximg.com.br/arquivos/ids/4379836-1000-1500/Nutrecan-Cachorros-Raza-Pequeña-ext-2-kg.jpg?v=639216506149730000,https://b2csolla.vteximg.com.br/arquivos/ids/4379838-1000-1500/Nutrecan-Cachorros-Raza-Pequeña-ext-2-kg.jpg?v=639216506144330000,24300 COP,,in stock,new,Nutrecan,28,Perros > Nutrecan > Cachorros,Animals & Pet Supplies > Pet Supplies > Dog Supplies
27,Nutrecan Cachorros Raza Pequeña ext 800g,"El integrante más pequeño de tu familia merece que su primer alimento sea una experiencia amable y deliciosa.Por eso, aliméntalos con Nutrecan, 100% completo y balanceado en forma de pequeños y ricos ""trocitos"" que le encantarán a tu cachorro y le darán los nutrientes necesarios para que crezca sano, lindo y fuerte. El consumo de proteínas de alta calidad es fundamental para que los cachorros puedan crear nuevo tejido corporal a medida que crecen. El aporte de Calcio y Fósforo, está perfectamente ajustado para facilitar un buen desarrollo de huesos y dientes sanos y fuertes. Una balanceada inclusión de Zinc, Vitaminas C, E y ácidos grasos insaturados, que aportan Omega 6 y 3, son el factor nutritivo más importante para la salud de la piel y el pelo de sus cachorros. Prebióticos, Yucca schidigera y Enzimas Proteolíticas, son un aporte importante para asegurar una mayor digestibilidad y garantizar heces compactas, secas y sin olor.",https://www.plazacampo.com/nutrecan-cachorros-raz-peq-ext-20x800g-1-jpg/p?skuId=27,https://b2csolla.vteximg.com.br/arquivos/ids/4379833-1000-1500/Nutrecan-Cachorros-Raza-Pequeña-ext-800g.jpg?v=639241381691300000,"https://b2csolla.vteximg.com.br/arquivos/ids/4380699-1000-1500/Nutrecan-Cachorros-Raza-Pequeña-ext-800g.jpg?v=639241381688970000,https://b2csolla.vteximg.com.br/arquivos/ids/4379834-1000-1500/Nutrecan-Cachorros-Raza-Pequeña-ext-800g.jpg?v=639150444639070000,https://b2csolla.vteximg.com.br/arquivos/ids/4380697-1000-1500/Nutrecan-Cachorros-Raza-Pequeña-ext-800g.jpg?v=639150444640930000",9700 COP,,in stock,new,Nutrecan,27,Perros > Nutrecan > Cachorros,Animals & Pet Supplies > Pet Supplies > Dog Supplies
25,Nutrecan Light Ext 800 g,"Nutrecan Light, un alimento completo y balanceado para perros adultos con problemas o tendencia a la obesidad. Toda aquella energía que el perro consuma de más, y que no sea capaz de emplear y gastar, automáticamente se convertirá en tejido graso, dando lugar a la obesidad. Esta, suele desencadenar la aparición de otras enfermedades tan importantes como son: artritis, diabetes mellitus, problemas inmunológicos, patologías cardíacas, digestivas, hepáticas y respiratorias, la imposibilidad de termo regularse adecuadamente y el acortamiento de la propia vida.",https://www.plazacampo.com/nutrecan-light-ext-20x800-g-1-jpg/p?skuId=25,https://b2csolla.vteximg.com.br/arquivos/ids/4379598-1000-1500/Nutrecan-Light-Ext-800-g.jpg?v=639136837039930000,https://b2csolla.vteximg.com.br/arquivos/ids/4379602-1000-1500/Nutrecan-Light-Ext-800-g.jpg?v=639136837037300000,11400 COP,,in stock,new,Nutrecan,25,Perros > Nutrecan > Light,Animals & Pet Supplies > Pet Supplies > Dog Supplies
19,Nutrecan Adultos Raza Pequeña ext 8 kg,Nutrecan Adultos Razas Pequeñas es un alimento completo y balanceado para llenar todos los requerimientos nutricionales de los perros adultos de Razas pequeñas y miniaturas. Contiene una perfecta concentración de todos los nutrientes proporcionando a sus mascotas toda la nutrición necesaria para mantenerlos sanos y vigorosos.,https://www.plazacampo.com/nutrecan-adultos-raza-peque%C3%B1a-ext-8kg-1/p?skuId=19,https://b2csolla.vteximg.com.br/arquivos/ids/4379669-1000-1500/Nutrecan-Adultos-Raza-Pequeña-ext-8-kg.webp?v=639259309983070000,"https://b2csolla.vteximg.com.br/arquivos/ids/4382071-1000-1500/Nutrecan-Adultos-Raza-Pequeña-ext-8-kg.webp?v=639259526173730000,https://b2csolla.vteximg.com.br/arquivos/ids/4380712-1000-1500/Nutrecan-Adultos-Raza-Pequeña-ext-8-kg.webp?v=639259526174970000,https://b2csolla.vteximg.com.br/arquivos/ids/4380713-1000-1500/Nutrecan-Adultos-Raza-Pequeña-ext-8-kg.webp?v=639259526176730000",95700 COP,,in stock,new,Nutrecan,19,Perros > Nutrecan > Adultos,Animals & Pet Supplies > Pet Supplies > Dog Supplies
18,Nutrecan Adultos Raza Pequeña ext 4 kg,Nutrecan Adultos Razas Pequeñas es un alimento completo y balanceado para llenar todos los requerimientos nutricionales de los perros adultos de Razas pequeñas y miniaturas. Contiene una perfecta concentración de todos los nutrientes proporcionando a sus mascotas toda la nutrición necesaria para mantenerlos sanos y vigorosos.,https://www.plazacampo.com/nutrecan-adultos-raza-peque%C3%B1a-ext-4kg-1/p?skuId=18,https://b2csolla.vteximg.com.br/arquivos/ids/4382217-1000-1500/Nutrecan-Adultos-Raza-Pequeña-ext-4-kg.webp?v=639256717769730000,"https://b2csolla.vteximg.com.br/arquivos/ids/4382212-1000-1500/Nutrecan-Adultos-Raza-Pequeña-ext-4-kg.webp?v=639256933569130000,https://b2csolla.vteximg.com.br/arquivos/ids/4382213-1000-1500/Nutrecan-Adultos-Raza-Pequeña-ext-4-kg.webp?v=639256933570700000,https://b2csolla.vteximg.com.br/arquivos/ids/4382214-1000-1500/Nutrecan-Adultos-Raza-Pequeña-ext-4-kg.webp?v=639256933572630000",47900 COP,,in stock,new,Nutrecan,18,Perros > Nutrecan > Adultos,Animals & Pet Supplies > Pet Supplies > Dog Supplies
5,Nutrecan Croquetas Adultos Ext 800 g,"Es un alimento 100% completo y balanceado, que ha sido formulado con ingredientes de alta calidad para mantener en estado óptimo la salud de tu perro adulto. Ayuda a mantener una piel sana, gracias a sus ácidos grasos esenciales Omega 6 y 3, y a la mezcla de vitaminas A y E más Zinc. Los estudios de alimentación animal realizados por Solla S.A. usando los procedimientos de la AAFCO (Association of American Feed Control Officials/Asociación Americana de Organismos de Control Alimentario) garantizan que NUTRECAN CROQUETAS CARNE y POLLO, ofrece una nutrición completa y balanceada para perros de todas las razas.",https://www.plazacampo.com/nutrecan-croquetas-adultos-ext-800-g-1/p?skuId=5,https://b2csolla.vteximg.com.br/arquivos/ids/4379092-1000-1500/Nutrecan-Croquetas-Adultos-Ext-800-g.webp?v=639250669261570000,"https://b2csolla.vteximg.com.br/arquivos/ids/4382048-1000-1500/Nutrecan-Croquetas-Adultos-Ext-800-g.webp?v=639250885167130000,https://b2csolla.vteximg.com.br/arquivos/ids/4379093-1000-1500/Nutrecan-Croquetas-Adultos-Ext-800-g.webp?v=639250885169300000,https://b2csolla.vteximg.com.br/arquivos/ids/4380652-1000-1500/Nutrecan-Croquetas-Adultos-Ext-800-g.webp?v=639250885170730000",5000 COP,,in stock,new,Nutrecan Croquetas,5,Perros > Nutrecan Croquetas > Adultos,Animals & Pet Supplies > Pet Supplies > Dog Supplies
1,Nutrecan Senior Ext 800 g,"Cuando tu perro tiene más de 7 años, entra en una nueva etapa de su vida donde sus requerimientos nutricionales también cambian. Por esto suministrale Nutrecan Senior, un alimento 100% completo y balanceado, de alta digestibilidad, que contiene ingredientes naturales que proporcionan una sana y sabrosa nutrición para tu perro, contrarrestando el paso de los años y haciéndolo más fuerte. Es un alimento completo y balanceado de alta digestibilidad, que contiene ingredientes naturales que proporcionan una sana y sabrosa nutrición para tu perro en la tercera edad.",https://www.plazacampo.com/nutrecan-senior-ext-20-x-800-g-1-jpg/p?skuId=1,https://b2csolla.vteximg.com.br/arquivos/ids/4379062-1000-1500/Nutrecan-Senior-Ext-800-g.jpg?v=638990604959670000,https://b2csolla.vteximg.com.br/arquivos/ids/4379063-1000-1500/Nutrecan-Senior-Ext-800-g.jpg?v=638990604961130000,9100 COP,,in stock,new,Nutrecan,1,Perros > Nutrecan > Senior,Animals & Pet Supplies > Pet Supplies > Dog Supplies
165,Chanchitos Pel 40 kg,"CHANCHITOS es un alimento de SOLLA, especializado para lechones desde los 25 hasta los 60 kg de peso vivo. Diseñado para utilizar en cerdos de levante que no poseen un alto potencial genético, permitiendo unas ganancias de peso apropiadas para esta etapa. Formulado especialmente para prevenir problemas respiratorios y entéricos.",https://www.plazacampo.com/chanchitos-pel-40-kg-1-jpg/p?skuId=165,https://b2csolla.vteximg.com.br/arquivos/ids/4380504-1000-1500/Chanchitos-Pel-40-kg.jpg?v=639245486245530000,https://b2csolla.vteximg.com.br/arquivos/ids/4380503-1000-1500/Chanchitos-Pel-40-kg.jpg?v=639245486242800000,85901 COP,,in stock,new,Solla,165,Porcicultura > Solla > Levante,Business & Industrial > Agriculture > Animal Husbandry
164,Finalizador GP 80 Magro Pel 40 kg,"FINALIZADOR GP 80 MAGRO es un alimento de SOLLA, diseñado para utilizar en cerdos de engorde durante la etapa de ceba (3 o 4 últimas semanas), mejorando tanto el resultado técnico económico, como la calidad de la canal, produciendo un mayor porcentaje de carne magra, y una menor cantidad de grasa.",https://www.plazacampo.com/finalizador-gp-80-magro-pel-40-kg-1-jpg/p?skuId=164,https://b2csolla.vteximg.com.br/arquivos/ids/3665382-1000-1500/Finalizador-GP-80-Magro-Pel-40-kg.jpg?v=638866550761100000,https://b2csolla.vteximg.com.br/arquivos/ids/3665381-1000-1500/Finalizador-GP-80-Magro-Pel-40-kg.jpg?v=638866550760800000,92600 COP,,in stock,new,Solla,164,Porcicultura > Solla > Ceba,Business & Industrial > Agriculture > Animal Husbandry
163,Porci Finalizacion Pel AGR 40 kg,"Alimento completo para cerdos en etapa de engorde. Esta fase del ciclo productivo dura aproximadamente cinco semanas y comprende el intervalo entre 67 y 100 kilos de peso. Porci Finalización está diseñado para obtener un óptimo depósito de magro y lograr buenos rendimientos en canal. De esta manera se obtienen cerdos rentables, de carne más tierna, jugosa y saludable.",https://www.plazacampo.com/porci-finalizacion-pel-agr-40-kg-1-jpg/p?skuId=163,https://b2csolla.vteximg.com.br/arquivos/ids/4380143-1000-1500/Porci-Finalizacion-Pel-AGR-40-kg.jpg?v=639181764826300000,https://b2csolla.vteximg.com.br/arquivos/ids/4380144-1000-1500/Porci-Finalizacion-Pel-AGR-40-kg.jpg?v=639181764824600000,76400 COP,,in stock,new,Agrinal,163,Porcicultura > Agrinal > Ceba,Business & Industrial > Agriculture > Animal Husbandry
162,Lacti Cerdas Pel AGR 40 kg,"Alimento balanceado para cerdas de cría primerizas y multíparas durante la fase de lactancia. El alimento en lactancia debe ser suministrado a voluntad como referencia, se deberían suministrar como base, 2.5 kg de concentrado más 0,5 kg de alimento por cada lechón, en 4 o 5 raciones diarias. Se recomienda su uso durante el impulso (flushing) del servicio y del parto a razón de 3.0 a 4.0 Kilos diarios. Para cerdos reproductores menores de 11 meses se suministra de 2.5 a 3.0 Kilos diarios",https://www.plazacampo.com/lacti-cerdas-pel-agr-40-kg-1-jpg/p?skuId=162,https://b2csolla.vteximg.com.br/arquivos/ids/4379652-1000-1500/Lacti-Cerdas-Pel-AGR-40-kg.jpg?v=639230797233500000,https://b2csolla.vteximg.com.br/arquivos/ids/4379647-1000-1500/Lacti-Cerdas-Pel-AGR-40-kg.jpg?v=639230797231830000,83801 COP,,in stock,new,Agrinal,162,Porcicultura > Agrinal > Cría,Business & Industrial > Agriculture > Animal Husbandry
160,Lechon Pre Levante Pel AGR 40 kg,"Lechon Pre Levante Pel, alimento completo para lechones durante la fase de inicio. Este alimento se suministra aproximadamente por dos semanas a los lechones de precebo, desde los 20 o 22 kilos hasta que alcanzan los 30 kilos de peso vivo. El producto está diseñado para lograr un nivel máximo de ingesta y ganancia de peso que aseguren una excelente transición del preinicio al levante.",https://www.plazacampo.com/lechon-pre-levante-pel-agr-40-kg-1-jpg/p?skuId=160,https://b2csolla.vteximg.com.br/arquivos/ids/4380139-1000-1500/Lechon-Pre-Levante-Pel-AGR-40-kg.jpg?v=639079814585530000,https://b2csolla.vteximg.com.br/arquivos/ids/4380135-1000-1500/Lechon-Pre-Levante-Pel-AGR-40-kg.jpg?v=639079814583030000,105000 COP,,in stock,new,Agrinal,160,Porcicultura > Agrinal > Precebos,Business & Industrial > Agriculture > Animal Husbandry
159,Gesti Lact Pel AGR 40 kg,"Gesti Lact Pel, es un alimento completo para suministrar a hembras de cría durante la gestación de (2-3.5 kg/día) y lactancia a razón de 2 kg/día para la cerda y 0.5 kg por cada lechón. Para verracos en reposo (2-3 kg/día) y en servicio (3-3.5 kg/día).",https://www.plazacampo.com/gesti-lact-pel-agr-40-kg-1-jpg/p?skuId=159,https://b2csolla.vteximg.com.br/arquivos/ids/4379649-1000-1500/Gesti-Lact-Pel-AGR-40-kg.jpg?v=639121977986230000,https://b2csolla.vteximg.com.br/arquivos/ids/4379650-1000-1500/Gesti-Lact-Pel-AGR-40-kg.jpg?v=639121977984370000,73100 COP,,in stock,new,Agrinal,159,Porcicultura > Agrinal > Cría,Business & Industrial > Agriculture > Animal Husbandry
158,Gesti Cerdas Pel AGR 40 kg,"Gesti Cerdas , alimento completo para cerdas de cría primerizas y multíparas durante las fases de servicio y gestación. Durante toda la gestación se debe evaluar la condición corporal de la hembra y ajustar el programa de alimentación de acuerdo al resultado de dicha evaluación. De acuerdo a esto la ración diaria puede variar entre 2.0 y 3.0 Kilos.",https://www.plazacampo.com/gesti-cerdas-pel-agr-40-kg-1-jpg/p?skuId=158,https://b2csolla.vteximg.com.br/arquivos/ids/4379639-1000-1500/Gesti-Cerdas-Pel-AGR-40-kg.jpg?v=639199225720300000,https://b2csolla.vteximg.com.br/arquivos/ids/4379642-1000-1500/Gesti-Cerdas-Pel-AGR-40-kg.jpg?v=639199225715930000,77900 COP,,in stock,new,Agrinal,158,Porcicultura > Agrinal > Cría,Business & Industrial > Agriculture > Animal Husbandry
157,Porci Desarrollo Pel AGR 40 kg,"Porci Desarrollo Pel, es un alimento completo peletizado, para el levante de cerdos. Se recomienda suministrar a voluntad como único alimento entre los 30 a 60 kg de peso.",https://www.plazacampo.com/porci-desarrollo-pel-agr-40-kg-1-jpg/p?skuId=157,https://b2csolla.vteximg.com.br/arquivos/ids/4380148-1000-1500/Porci-Desarrollo-Pel-AGR-40-kg.jpg?v=639172441755000000,https://b2csolla.vteximg.com.br/arquivos/ids/4380149-1000-1500/Porci-Desarrollo-Pel-AGR-40-kg.jpg?v=639172441752800000,77900 COP,,in stock,new,Agrinal,157,Porcicultura > Agrinal > Levante,Business & Industrial > Agriculture > Animal Husbandry
155,Porcifinali Ractopamina Pel AGR 40 Kg,"Alimento completo para cerdos en etapa de engorde. Esta fase del ciclo productivo dura aproximadamente cinco semanas y comprende el intervalo entre 67 y 100 kilos de peso. Porci Finalización está diseñado para obtener un óptimo depósito de magro y lograr buenos rendimientos en canal. De esta manera se obtienen cerdos rentables, de carne más tierna, jugosa y saludable.",https://www.plazacampo.com/porcifinali-ractopamina-pel-agr-40-kg-1-jpg/p?skuId=155,https://b2csolla.vteximg.com.br/arquivos/ids/4379595-1000-1500/Porcifinali-Ractopamina-Pel-AGR-40-Kg.jpg?v=639193861832870000,https://b2csolla.vteximg.com.br/arquivos/ids/4379596-1000-1500/Porcifinali-Ractopamina-Pel-AGR-40-Kg.jpg?v=639193861830370000,87600 COP,,in stock,new,Agrinal,155,Porcicultura > Agrinal > Ceba,Business & Industrial > Agriculture > Animal Husbandry
154,Porci Levante Pel AGR 40 kg,"Porci Levante, es un alimento completo para cerdos en la fase de levante. Esta fase del ciclo productivo dura aproximadamente seis semanas y comprende el intervalo entre los 30 y 67 kilogramos de peso. Contiene una combinación ideal de nutrientes que permite alcanzar la mejor taza de crecimiento del sistema músculo-esquelético, necesario para obtener el deposito ideal de carne magra y grasa dorsal con la mejor relación costo: beneficio.",https://www.plazacampo.com/porci-levante-pel-agr-40-kg-1-jpg/p?skuId=154,https://b2csolla.vteximg.com.br/arquivos/ids/4380140-1000-1500/Porci-Levante-Pel-AGR-40-kg.jpg?v=639240517601300000,https://b2csolla.vteximg.com.br/arquivos/ids/4380136-1000-1500/Porci-Levante-Pel-AGR-40-kg.jpg?v=639240517598800000,86700 COP,,in stock,new,Agrinal,154,Porcicultura > Agrinal > Levante,Business & Industrial > Agriculture > Animal Husbandry
150,Masleche 18% Ext 40 kg,"MASLECHE 18% ® es un producto diseñado para la suplementación de vacas de alto potencial genético, alimentadas con praderas mejoradas y fertilizadas tipo ryegrass, kikuyo, tréboles, alfalfa, estrella y otros pastos con vocación lechera, cosechados en el momento óptimo.",https://www.plazacampo.com/masleche-18--ext-40-kg-1-jpg/p?skuId=150,https://b2csolla.vteximg.com.br/arquivos/ids/4380180-1000-1500/Masleche-18--Ext-40-kg.jpg?v=639229466261900000,https://b2csolla.vteximg.com.br/arquivos/ids/4380181-1000-1500/Masleche-18--Ext-40-kg.jpg?v=639229466260500000,97400 COP,,in stock,new,Solla,150,Ganadería > Solla > Producción,Business & Industrial > Agriculture > Animal Husbandry
149,Sollaleche 14% Pel 40 kg,"SOLLALECHE 14% ® es un suplemento rico en energía fermentable, de alto contenido de proteína de sobrepaso y bajo contenido de proteína total, destinado a vacas lecheras de alta producción que consumen forrajes tiernos, ricos en proteína y en sistemas de rotación intensiva.",https://www.plazacampo.com/sollaleche-14--pel-40-kg-1-jpg/p?skuId=149,https://b2csolla.vteximg.com.br/arquivos/ids/4380178-1000-1500/Sollaleche-14--Pel-40-kg.jpg?v=639143057203630000,https://b2csolla.vteximg.com.br/arquivos/ids/4380182-1000-1500/Sollaleche-14--Pel-40-kg.jpg?v=639143057201430000,67800 COP,,in stock,new,Solla,149,Ganadería > Solla > Producción,Business & Industrial > Agriculture > Animal Husbandry
148,Masleche 12% Hna 40 kg,"El MASLECHE 12% ® es un suplemento energético, destinado a la suplementación de ganado lechero consumiendo forrajes de alta proteína y bajos niveles de fibra.",https://www.plazacampo.com/masleche-12--hna-40-kg-1-jpg/p?skuId=148,https://b2csolla.vteximg.com.br/arquivos/ids/4380587-1000-1500/Masleche-12--Hna-40-kg.jpg?v=639207002669900000,https://b2csolla.vteximg.com.br/arquivos/ids/4380584-1000-1500/Masleche-12--Hna-40-kg.jpg?v=639207002668330000,55200 COP,,in stock,new,Solla,148,Ganadería > Solla > Producción,Business & Industrial > Agriculture > Animal Husbandry
146,Ordeño Hna 40 kg,"Destinado para la suplementación de vacas lecheras de mediano potencial genético, alimentadas con praderas de regular calidad y vacas de doble propósito. Por su nivel de fibra efectiva, es el suplemento indicado para las épocas de verano, en las situaciones en las cuales se debe incrementar la suplementación balanceada para compensar la escasez de pastos.",https://www.plazacampo.com/orde%C3%B1o-hna-40-kg-1-jpg/p?skuId=146,https://b2csolla.vteximg.com.br/arquivos/ids/4380477-1000-1500/Ordeño-Hna-40-kg.jpg?v=639238573750130000,https://b2csolla.vteximg.com.br/arquivos/ids/4380475-1000-1500/Ordeño-Hna-40-kg.jpg?v=639238573747470000,60300 COP,,in stock,new,Solla,146,Ganadería > Solla > Producción,Business & Industrial > Agriculture > Animal Husbandry
144,Masleche Dorado Hna 40 kg,"MASLECHE DORADO ® aporta los niveles adecuados de Energía Neta de Lactancia con base en almidones, que balancean la dieta de vacas de alto potencial productivo, pastando en praderas con elevada concentración de proteína por alta fertilización nitrogenada y cosechas en forma temprana. Solla consciente de esta situación, ha diseñado un producto especializado para aportar los niveles adecuados de Energía que balanceen la dieta de vacas lecheras de alto potencial, alimentadas con una base forrajera de pastura especializada tipo Kikuyos fertilizados, de cosecha temprana y Ryegrases.",https://www.plazacampo.com/masleche-dorado-hna-40-kg-1-jpg/p?skuId=144,https://b2csolla.vteximg.com.br/arquivos/ids/4379715-1000-1500/Masleche-Dorado-Hna-40-kg.jpg?v=639260173124570000,https://b2csolla.vteximg.com.br/arquivos/ids/4379717-1000-1500/Masleche-Dorado-Hna-40-kg.jpg?v=639260173122930000,72500 COP,,in stock,new,Solla,144,Ganadería > Solla > Producción,Business & Industrial > Agriculture > Animal Husbandry
143,Sollaleche 14% Hna 40 kg,"SOLLALECHE 14% ® es un suplemento rico en energía fermentable, de alto contenido de proteína de sobrepaso y bajo contenido de proteína total, destinado a vacas lecheras de alta producción que consumen forrajes tiernos, ricos en proteína y en sistemas de rotación intensiva.",https://www.plazacampo.com/sollaleche-14--hna-40-kg-1-jpg/p?skuId=143,https://b2csolla.vteximg.com.br/arquivos/ids/4380374-1000-1500/Sollaleche-14--Hna-40-kg.jpg?v=639156709123370000,https://b2csolla.vteximg.com.br/arquivos/ids/4380369-1000-1500/Sollaleche-14--Hna-40-kg.jpg?v=639156709121330000,65500 COP,,in stock,new,Solla,143,Ganadería > Solla > Producción,Business & Industrial > Agriculture > Animal Husbandry
142,Masleche 18% Hna 40 kg,"MASLECHE 18% ® es un producto diseñado para la suplementación de vacas de alto potencial genético, alimentadas con praderas mejoradas y fertilizadas tipo ryegrass, kikuyo, tréboles, alfalfa, estrella y otros pastos con vocación lechera, cosechados en el momento óptimo.",https://www.plazacampo.com/masleche-18--hna-40-kg-1-jpg/p?skuId=142,https://b2csolla.vteximg.com.br/arquivos/ids/4380370-1000-1500/Masleche-18--Hna-40-kg.jpg?v=639167725492300000,https://b2csolla.vteximg.com.br/arquivos/ids/4380372-1000-1500/Masleche-18--Hna-40-kg.jpg?v=639167725489870000,77700 COP,,in stock,new,Solla,142,Ganadería > Solla > Producción,Business & Industrial > Agriculture > Animal Husbandry
141,Masleche Dorado Pel 40 kg,"MASLECHE DORADO ® aporta los niveles adecuados de Energía Neta de Lactancia con base en almidones, que balancean la dieta de vacas de alto potencial productivo, pastando en praderas con elevada concentración de proteína por alta fertilización nitrogenada y cosechas en forma temprana. Solla consciente de esta situación, ha diseñado un producto especializado para aportar los niveles adecuados de Energía que balanceen la dieta de vacas lecheras de alto potencial, alimentadas con una base forrajera de pastura especializada tipo Kikuyos fertilizados, de cosecha temprana y Ryegrases.",https://www.plazacampo.com/masleche-dorado-pel-40-kg-1-jpg/p?skuId=141,https://b2csolla.vteximg.com.br/arquivos/ids/4379714-1000-1500/Masleche-Dorado-Pel-40-kg.jpg?v=639207001657730000,https://b2csolla.vteximg.com.br/arquivos/ids/4379713-1000-1500/Masleche-Dorado-Pel-40-kg.jpg?v=639207001655100000,74800 COP,,in stock,new,Solla,141,Ganadería > Solla > Producción,Business & Industrial > Agriculture > Animal Husbandry
139,Manna Ext 40 kg,"MANNÁ EXTRUIDO ® está indicado para las etapas de preiniciación e iniciación de las terneras y terneros. El principal factor regulador del desarrollo del aparato digestivo es la dieta, específicamente el concentrado, no los forrajes. Por su composición ideal, MANNÁ EXTRUIDO ® es ávidamente consumido y estimula el rápido desarrollo del rumen.",https://www.plazacampo.com/manna-ext-40-kg-1-jpg/p?skuId=139,https://b2csolla.vteximg.com.br/arquivos/ids/4380192-1000-1500/Manna-Ext-40-kg.jpg?v=639235981993470000,https://b2csolla.vteximg.com.br/arquivos/ids/4380196-1000-1500/Manna-Ext-40-kg.jpg?v=639235981991600000,95100 COP,,in stock,new,Solla,139,Ganadería > Solla > Cría,Business & Industrial > Agriculture > Animal Husbandry
138,Novillas Pel 40 kg,"NOVILLAS ® contiene el adecuado balance de proteína y energía para lograr reemplazos con el desarrollo en peso y alzada requeridos para su primer servicio, en el menor tiempo posible. Es el producto de ganadería para la etapa de levante comprendida entre los 6 meses de edad y un mes antes del parto.",https://www.plazacampo.com/novillas-pel-40-kg-1-jpg/p?skuId=138,https://b2csolla.vteximg.com.br/arquivos/ids/4380263-1000-1500/Novillas-Pel-40-kg.jpg?v=639222404665800000,https://b2csolla.vteximg.com.br/arquivos/ids/4380259-1000-1500/Novillas-Pel-40-kg.jpg?v=639222404664070000,67200 COP,,in stock,new,Solla,138,Ganadería > Solla > Levante,Business & Industrial > Agriculture > Animal Husbandry
135,Manna Pel 40 kg,"MANNÁ PELET ® está indicado para las etapas de preiniciación e iniciación de las terneras y terneros. El principal factor regulador del desarrollo del aparato digestivo es la dieta, específicamente el concentrado, no los forrajes. Por su composición ideal, MANNÁ PELET ® es ávidamente consumido y estimula el rápido desarrollo del rumen.",https://www.plazacampo.com/manna-pel-40-kg-1-jpg/p?skuId=135,https://b2csolla.vteximg.com.br/arquivos/ids/4380595-1000-1500/Manna-Pel-40-kg.jpg?v=639149581442570000,https://b2csolla.vteximg.com.br/arquivos/ids/4380597-1000-1500/Manna-Pel-40-kg.jpg?v=639149581439430000,77900 COP,,in stock,new,Solla,135,Ganadería > Solla > Cría,Business & Industrial > Agriculture > Animal Husbandry
134,Nutrebloque Energetico 25 kg,"NUTREBLOQUE ENERGÉTICO ® esta desarrollado para animales que consumen pastos con altos niveles de proteína (> 20%) donde la deficiencia es de energía y no de proteína. Es un complemento a la sal mineralizada rico en azúcares, almidones y grasa de sobrepaso que provee energía en potrero en forma continua.",https://www.plazacampo.com/nutrebloque-energetico-25-kg-1-jpg/p?skuId=134,https://b2csolla.vteximg.com.br/arquivos/ids/4380589-1000-1500/Nutrebloque-Energetico-25-kg.jpg?v=639164485422830000,https://b2csolla.vteximg.com.br/arquivos/ids/4380591-1000-1500/Nutrebloque-Energetico-25-kg.jpg?v=639164485419700000,71000 COP,,in stock,new,Solla,134,Ganadería > Solla > Producción,Business & Industrial > Agriculture > Animal Husbandry
132,Solla Pro Pel 40 kg,"Solla Pro Pel 40 kg, es un concentrado para la suplementación alimenticia de ganados de cría, carne y doble propósito en lactancia que consuman pastos con un contenido de proteína cruda menor del 9%.",https://www.plazacampo.com/solla-pro-pel-40-kg-1-jpg/p?skuId=132,https://b2csolla.vteximg.com.br/arquivos/ids/4379809-1000-1500/Solla-Pro-Pel-40-kg.jpg?v=639209196667900000,https://b2csolla.vteximg.com.br/arquivos/ids/4379807-1000-1500/Solla-Pro-Pel-40-kg.jpg?v=639209196665170000,112400 COP,,in stock,new,Solla,132,Ganadería > Solla > Cría,Business & Industrial > Agriculture > Animal Husbandry
128,Fibralac Hna AGR 40 kg,"Fibralac Hna AGR, contiene un excelente balance de fibras de alta calidad nutricional para suministrar a ganado lechero, de doble propósito o de carne, como sustituto al forraje cuando la oferta de fibra es baja.",https://www.plazacampo.com/fibralac-hna-agr-40-kg-1-jpg/p?skuId=128,https://b2csolla.vteximg.com.br/arquivos/ids/4380090-1000-1500/Fibralac-Hna-AGR-40-kg.jpg?v=639119467643500000,https://b2csolla.vteximg.com.br/arquivos/ids/4380089-1000-1500/Fibralac-Hna-AGR-40-kg.jpg?v=639119467641200000,53100 COP,,in stock,new,Agrinal,128,Ganadería > Agrinal > Producción,Business & Industrial > Agriculture > Animal Husbandry
126,Masleche 18% Pel 40 kg,"MASLECHE 18% ® es un producto diseñado para la suplementación de vacas de alto potencial genético, alimentadas con praderas mejoradas y fertilizadas tipo ryegrass, kikuyo, tréboles, alfalfa, estrella y otros pastos con vocación lechera, cosechados en el momento óptimo.",https://www.plazacampo.com/masleche-18--pel-40-kg-1-jpg/p?skuId=126,https://b2csolla.vteximg.com.br/arquivos/ids/4380599-1000-1500/Masleche-18--Pel-40-kg.jpg?v=639197966609030000,https://b2csolla.vteximg.com.br/arquivos/ids/4380602-1000-1500/Masleche-18--Pel-40-kg.jpg?v=639197966607530000,70600 COP,,in stock,new,Solla,126,Ganadería > Solla > Producción,Business & Industrial > Agriculture > Animal Husbandry
123,Preparto Pel AGR 40 kg,Producto diseñado para el acondicionamiento de vacas y novillas en etapa de preparto.,https://www.plazacampo.com/preparto-pel-agr-40-kg-1-jpg/p?skuId=123,https://b2csolla.vteximg.com.br/arquivos/ids/4380088-1000-1500/Preparto-Pel-AGR-40-kg.jpg?v=639182630626630000,https://b2csolla.vteximg.com.br/arquivos/ids/4380086-1000-1500/Preparto-Pel-AGR-40-kg.jpg?v=639182630624770000,69700 COP,,in stock,new,Agrinal,123,Ganadería > Agrinal > Preparto,Business & Industrial > Agriculture > Animal Husbandry
121,Lactocria Pel AGR 40 kg,Alimento balanceado para terneras desde el nacimiento hasta los 6 meses de edad.,https://www.plazacampo.com/lactocria-pel-agr-40-kg-1-jpg/p?skuId=121,https://b2csolla.vteximg.com.br/arquivos/ids/4380080-1000-1500/Lactocria-Pel-AGR-40-kg.jpg?v=639127982105100000,https://b2csolla.vteximg.com.br/arquivos/ids/4380077-1000-1500/Lactocria-Pel-AGR-40-kg.jpg?v=639127982103370000,74600 COP,,in stock,new,Agrinal,121,Ganadería > Agrinal > Cría,Business & Industrial > Agriculture > Animal Husbandry
120,Suplemento Ganadero Hna AGR 40 kg,Suplemento fibroso para ovinos y caprinos en todas las etapas productivas.,https://www.plazacampo.com/suplemento-ganadero-hna-agr-40-kg-1-jpg/p?skuId=120,https://b2csolla.vteximg.com.br/arquivos/ids/4380297-1000-1500/Suplemento-Ganadero-Hna-AGR-40-kg.jpg?v=639121978642170000,https://b2csolla.vteximg.com.br/arquivos/ids/4380296-1000-1500/Suplemento-Ganadero-Hna-AGR-40-kg.jpg?v=639121978639500000,50400 COP,,in stock,new,Agrinal,120,Ganadería > Agrinal > Producción,Business & Industrial > Agriculture > Animal Husbandry
118,Generalac 200 Hna AGR 40 kg,"Generalac 200, está formulado para hatos lecheros en trópico alto y medio, para vacas de alta genética consumiendo forrajes de cantidad y calidad media (15 a 18% de proteína).",https://www.plazacampo.com/generalac-200-hna-agr-40-kg-1-jpg/p?skuId=118,https://b2csolla.vteximg.com.br/arquivos/ids/4380010-1000-1500/Generalac-200-Hna-AGR-40-kg.jpg?v=639070490487530000,https://b2csolla.vteximg.com.br/arquivos/ids/4380014-1000-1500/Generalac-200-Hna-AGR-40-kg.jpg?v=639070490485630000,69900 COP,,in stock,new,Agrinal,118,Ganadería > Agrinal > Producción,Business & Industrial > Agriculture > Animal Husbandry
117,Generalac 200 Pel AGR 40 kg,"Generalac 200, está formulado para hatos lecheros en trópico alto y medio, para vacas de alta genética consumiendo forrajes de cantidad y calidad media (15 a 18% de proteína).",https://www.plazacampo.com/generalac-200-pel-agr-40-kg-1-jpg/p?skuId=117,https://b2csolla.vteximg.com.br/arquivos/ids/4380008-1000-1500/Generalac-200-Pel-AGR-40-kg.jpg?v=639070490332130000,https://b2csolla.vteximg.com.br/arquivos/ids/4380011-1000-1500/Generalac-200-Pel-AGR-40-kg.jpg?v=639070490329930000,68500 COP,,in stock,new,Agrinal,117,Ganadería > Agrinal > Producción,Business & Industrial > Agriculture > Animal Husbandry
115,Enerlac 200 Hna AGR 40 kg,Suplemento energético para vacas lecheras.,https://www.plazacampo.com/enerlac-200-hna-agr-40-kg-1-jpg/p?skuId=115,https://b2csolla.vteximg.com.br/arquivos/ids/4380079-1000-1500/Enerlac-200-Hna-AGR-40-kg.jpg?v=639070958965200000,https://b2csolla.vteximg.com.br/arquivos/ids/4380078-1000-1500/Enerlac-200-Hna-AGR-40-kg.jpg?v=639070958963500000,62801 COP,,in stock,new,Agrinal,115,Ganadería > Agrinal > Producción,Business & Industrial > Agriculture > Animal Husbandry
114,Suplemento Ganadero Pel AGR 40 kg,Suplemento fibroso para ovinos y caprinos en todas las etapas productivas.,https://www.plazacampo.com/suplemento-ganadero-pel-agr-40-kg-1-jpg/p?skuId=114,https://b2csolla.vteximg.com.br/arquivos/ids/4379507-1000-1500/Suplemento-Ganadero-Pel-AGR-40-kg.jpg?v=639235210379100000,https://b2csolla.vteximg.com.br/arquivos/ids/4379505-1000-1500/Suplemento-Ganadero-Pel-AGR-40-kg.jpg?v=639235210380500000,50000 COP,,in stock,new,Agrinal,114,Ganadería > Agrinal > Producción,Business & Industrial > Agriculture > Animal Husbandry
112,Fibralac Pel AGR 40 kg,"Fibralac Pel, contiene un excelente balance de fibras de alta calidad nutricional para suministrar a ganado lechero, de doble propósito o de carne, como sustituto al forraje cuando la oferta de fibra es baja.",https://www.plazacampo.com/fibralac-pel-agr-40-kg-1-jpg/p?skuId=112,https://b2csolla.vteximg.com.br/arquivos/ids/4380083-1000-1500/Fibralac-Pel-AGR-40-kg.jpg?v=639093818257500000,https://b2csolla.vteximg.com.br/arquivos/ids/4380084-1000-1500/Fibralac-Pel-AGR-40-kg.jpg?v=639093818254670000,53300 COP,,in stock,new,Agrinal,112,Ganadería > Agrinal > Producción,Business & Industrial > Agriculture > Animal Husbandry
105,Campeon Sal 10 kg,"Es una sal mineralizada destinada a la suplementación mineral de toda clase de equinos (caballares, mulares y asnales) de cualquier edad, sexo y raza. Posee una relación calcio-fósforo superior de 2.5 partes de Calcio a 1 parte de Fosforo y 4 de los micro minerales poseen una porción en forma de proteinatos para mejorar su asimilación. Suministre Campeón Sal a voluntad en saladeros debidamente techados o comederos separados del resto de alimento y del agua. Verifique los consumos diarios de Campeón Sal para garantizar un aporte adecuado de minerales. Un equino adulto debe consumir entre 25 y 50 gramos por día.",https://www.plazacampo.com/campeon-sal-10-kg-1-jpg/p?skuId=105,https://b2csolla.vteximg.com.br/arquivos/ids/4379842-1000-1500/Campeon-Sal-10-kg.jpg?v=639123770706270000,https://b2csolla.vteximg.com.br/arquivos/ids/4379841-1000-1500/Campeon-Sal-10-kg.jpg?v=639123770703930000,28700 COP,,in stock,new,Solla,105,Equinos > Solla > Suplementos,Business & Industrial > Agriculture > Animal Husbandry
104,Campeon Derby Ext 40 kg,"Es un alimento 100% cocido, para suministrar a equinos adultos, con trabajo intenso destinados a competencias de todo tipo o en estados de convalecencia, como suplemento a los pastos, según el tipo de manejo, la cantidad y calidad de forraje. Utilice Campeón Derby Extruido en equinos adultos mayores de 36 meses, en la práctica a razón de 1 kg de Campeón Derby Extruido por cada 100 kg de peso vivo, ajustándolo de acuerdo con el suministro del forraje y la condición corporal y requerimiento del animal. No sobrepase los 2 kg por ración y suministre el alimento en mínimo tres raciones al día, siempre lo más fresco posible.",https://www.plazacampo.com/campeon-derby-ext-40-kg-1-jpg/p?skuId=104,https://b2csolla.vteximg.com.br/arquivos/ids/4379769-1000-1500/Campeon-Derby-Ext-40-kg.jpg?v=639175499904900000,https://b2csolla.vteximg.com.br/arquivos/ids/4379765-1000-1500/Campeon-Derby-Ext-40-kg.jpg?v=639175499901500000,104400 COP,,in stock,new,Solla,104,Equinos > Solla > Competencia,Business & Industrial > Agriculture > Animal Husbandry
103,Campeon Sal 40 kg,"Es una sal mineralizada destinada a la suplementación mineral de toda clase de equinos (caballares, mulares y asnales) de cualquier edad, sexo y raza. Posee una relación calcio-fósforo superior de 2.5 partes de Calcio a 1 parte de Fosforo y 4 de los micro minerales poseen una porción en forma de proteinatos para mejorar su asimilación. Suministre Campeón Sal a voluntad en saladeros debidamente techados o comederos separados del resto de alimento y del agua. Verifique los consumos diarios de Campeón Sal para garantizar un aporte adecuado de minerales. Un equino adulto debe consumir entre 25 y 50 gramos por día.",https://www.plazacampo.com/campeon-sal-40-kg-1-jpg/p?skuId=103,https://b2csolla.vteximg.com.br/arquivos/ids/4379782-1000-1500/Campeon-Sal-40-kg.jpg?v=638994062060670000,https://b2csolla.vteximg.com.br/arquivos/ids/4379785-1000-1500/Campeon-Sal-40-kg.jpg?v=638994062058800000,106100 COP,,in stock,new,Solla,103,Equinos > Solla > Suplementos,Business & Industrial > Agriculture > Animal Husbandry
101,Campeon Potros Pel 40 kg,"Alimento peletizado, indicado para potros desde la 2da semana hasta los 18 meses de edad. Es un complemento a la leche materna durante la lactancia del potro y como refuerzo a los pastos después del destete, favoreciendo el desarrollo adecuado según la raza. Se debe dosificar de acuerdo con la edad, 400 gr por mes de vida hasta alcanzar los 2,5 kg en total, además verificar la condición corporal en adelante para ajustar la ración a ofrecer, igualmente la cantidad y calidad del forraje ofrecido.",https://www.plazacampo.com/campeon-potros-pel-40-kg-1-jpg/p?skuId=101,https://b2csolla.vteximg.com.br/arquivos/ids/4380271-1000-1500/Campeon-Potros-Pel-40-kg.jpg?v=639123770914770000,https://b2csolla.vteximg.com.br/arquivos/ids/4380272-1000-1500/Campeon-Potros-Pel-40-kg.jpg?v=639123770910870000,98300 COP,,in stock,new,Solla,101,Equinos > Solla > Desarrollo,Business & Industrial > Agriculture > Animal Husbandry
99,Campeon Dorado Text 40 kg,"Es una mezcla de materias primas molidas enmelazadas, materias primas peletizadas, granos de maíz y avena chancados al vapor. De esta manera se combina y optimiza las ventajas del alimento enmelazado, con fuentes de proteína mejoradas mediante la peletización y con ingredientes energéticos precocidos y chancados, para ofrecer la mejor digestibilidad y palatabilidad. Además, utiliza azúcar y aceites vegetales, importantes por su alto valor nutricional y por ser muy apetecibles para los equinos. Utilice Campeón Dorado Texturizado en equinos adultos mayores de 36 meses, con alta exigencia física por entrenamiento para competencias de todo tipo, en la práctica a razón de 1 kg de Campeón Dorado texturizado por cada 100 kg de peso vivo, ajustándolo de acuerdo con el suministro del forraje y la condición corporal y requerimiento del animal. No sobrepase los 2 kg por ración y suministre el alimento en mínimo tres raciones al día y siempre lo más fresco posible.",https://www.plazacampo.com/campeon-dorado-text-40-kg-1-jpg/p?skuId=99,https://b2csolla.vteximg.com.br/arquivos/ids/4380365-1000-1500/Campeon-Dorado-Text-40-kg.jpg?v=639200558648730000,https://b2csolla.vteximg.com.br/arquivos/ids/4380368-1000-1500/Campeon-Dorado-Text-40-kg.jpg?v=639200558645470000,97400 COP,,in stock,new,Solla,99,Equinos > Solla > Competencia,Business & Industrial > Agriculture > Animal Husbandry
98,Campeon Adultos Text 40 kg,"Campeón Adultos Alimento texturizado: elaborado con materias primas molidas enmelezadas, mezcladas con maíz hojuelado o chancado al vapor, indicado para equinos a partir de los 18 meses de edad, completando su desarrollo durante el adiestramiento y para equinos adultos con trabajo moderado, como complemento a los forrajes que siempre deben ser de la mejor calidad. Ofrecerlo en mínimo tres raciones al día.",https://www.plazacampo.com/campeon-adultos-text-40-kg-1-jpg/p?skuId=98,https://b2csolla.vteximg.com.br/arquivos/ids/4380484-1000-1500/Campeon-Adultos-Text-40-kg.jpg?v=639183674382600000,https://b2csolla.vteximg.com.br/arquivos/ids/4380486-1000-1500/Campeon-Adultos-Text-40-kg.jpg?v=639183674379400000,79200 COP,,in stock,new,Solla,98,Equinos > Solla > Desarrollo,Business & Industrial > Agriculture > Animal Husbandry
97,Fortin 50 Pel AGR 40 kg,"Posee los nutrientes necesarios para mantener el buen estado corporal de los caballos en mantenimiento. Mantiene la buena condición física a los caballos con poco o nada de ejercicio, sin riesgos de trastornos digestivos. Su alto nivel de fibra ayuda al buen tránsito intestinal.",https://www.plazacampo.com/fortin-50-pel-agr-40-kg-1-jpg/p?skuId=97,https://b2csolla.vteximg.com.br/arquivos/ids/4379867-1000-1500/Fortin-50-Pel-AGR-40-kg.jpg?v=639239834041800000,https://b2csolla.vteximg.com.br/arquivos/ids/4379869-1000-1500/Fortin-50-Pel-AGR-40-kg.jpg?v=639239834039730000,64500 COP,,in stock,new,Agrinal,97,Equinos > Agrinal > Mantenimiento,Business & Industrial > Agriculture > Animal Husbandry
96,Fortin 200 Pel AGR 40 kg,"Fortín 200, alimento peletizado, indicado para equinos a partir de los 18 meses de edad, completando su desarrollo, durante el adiestramiento. Para equinos adultos con trabajo moderado a leve, como complemento a los forrajes que siempre deben ser de la mejor calidad. Ofrecerlo en mínimo tres raciones al día.",https://www.plazacampo.com/fortin-200-pel-agr-40-kg-1-jpg/p?skuId=96,https://b2csolla.vteximg.com.br/arquivos/ids/4379936-1000-1500/Fortin-200-Pel-AGR-40-kg.jpg?v=639131437705570000,https://b2csolla.vteximg.com.br/arquivos/ids/4379938-1000-1500/Fortin-200-Pel-AGR-40-kg.jpg?v=639131437703700000,72700 COP,,in stock,new,Agrinal,96,Equinos > Agrinal > Mantenimiento,Business & Industrial > Agriculture > Animal Husbandry
95,Fortin Potros Pel AGR 40 kg,"Fortin Potros, alimento peletizado, indicado para potros desde la 2da semana hasta los 18 meses de edad. Es un complemento a la leche materna durante la lactancia del potro y como refuerzo a los pastos después del destete, favoreciendo el desarrollo adecuado según la raza. Se debe dosificar de acuerdo con la edad, 500 gr por mes de vida hasta alcanzar los 3 kg en total, además verificar la condición corporal en adelante para ajustar la ración a ofrecer, igualmente la cantidad y calidad del forraje ofrecido.",https://www.plazacampo.com/fortin-potros-pel-agr-40-kg-1-jpg/p?skuId=95,https://b2csolla.vteximg.com.br/arquivos/ids/4379935-1000-1500/Fortin-Potros-Pel-AGR-40-kg.jpg?v=639070958736500000,https://b2csolla.vteximg.com.br/arquivos/ids/4379937-1000-1500/Fortin-Potros-Pel-AGR-40-kg.jpg?v=639070958734600000,86900 COP,,in stock,new,Agrinal,95,Equinos > Agrinal > Mantenimiento,Business & Industrial > Agriculture > Animal Husbandry
94,Fortin Cria Pel AGR 40 kg,"Fortín Cría, alimento peletizado, indicado para yeguas de cría a partir de los 36 meses de edad, en todas las etapas de vida, pero especialmente en el último tercio de gestación y durante la lactancia. Se debe dosificar de acuerdo con la condición corporal, la intensidad del trabajo, el tiempo de la gestación o lactancia, la cantidad y calidad del forraje ofrecido, y como mínimo en tres raciones al día.",https://www.plazacampo.com/fortin-cria-pel-agr-40-kg-1-jpg/p?skuId=94,https://b2csolla.vteximg.com.br/arquivos/ids/4379934-1000-1500/Fortin-Cria-Pel-AGR-40-kg.jpg?v=639233785616170000,https://b2csolla.vteximg.com.br/arquivos/ids/4379932-1000-1500/Fortin-Cria-Pel-AGR-40-kg.jpg?v=639233785613470000,81500 COP,,in stock,new,Agrinal,94,Equinos > Agrinal > Mantenimiento,Business & Industrial > Agriculture > Animal Husbandry
86,Q-Ida Cat 500 g,"Q-Ida Cat , es un alimento completo extruido para suministrar a gatos adultos, de acuerdo a la edad del animal, tamaño y actividad. Tiene un rico sabor para agradar a tu gato. La Carne y el Pescado, son una excelente fuente de proteínas de alta calidad y buena digestibilidad, la cual contribuye a desarrollar músculos y huesos fuertes y a proporcionar mayor vitalidad y salud a tu gato. Es un alimento rico en Taurina, aminoácido esencial que ayuda a mantener una correcta visión y función cardíaca.",https://www.plazacampo.com/q-ida-cat-ext-30x500-g-1/p?skuId=86,https://b2csolla.vteximg.com.br/arquivos/ids/4382190-1000-1500/Q-Ida-Cat-500-g.jpg?v=639233500618200000,"https://b2csolla.vteximg.com.br/arquivos/ids/4382191-1000-1500/Q-Ida-Cat-500-g.jpg?v=639233500620930000,https://b2csolla.vteximg.com.br/arquivos/ids/4382192-1000-1500/Q-Ida-Cat-500-g.jpg?v=639233500622870000,https://b2csolla.vteximg.com.br/arquivos/ids/4382193-1000-1500/Q-Ida-Cat-500-g.jpg?v=639229465706400000",4400 COP,,in stock,new,Q-ida Cat,86,Gatos > Q-ida Cat > Alimento seco,Animals & Pet Supplies > Pet Supplies > Cat Supplies
85,Nutrecat Liberty Ext 500 g,"Alimento 100% completo y balanceado, para el mantenimiento de gatos adultos que convivan en ambientes internos y externos.",https://www.plazacampo.com/nutrecat-liberty-ext-30x500-g-1-jpg/p?skuId=85,https://b2csolla.vteximg.com.br/arquivos/ids/4380393-1000-1500/Nutrecat-Liberty-Ext-500-g.jpg?v=639250885272370000,"https://b2csolla.vteximg.com.br/arquivos/ids/4380395-1000-1500/Nutrecat-Liberty-Ext-500-g.jpg?v=639244837219900000,https://b2csolla.vteximg.com.br/arquivos/ids/4380812-1000-1500/Nutrecat-Liberty-Ext-500-g.jpg?v=639251065404670000,https://b2csolla.vteximg.com.br/arquivos/ids/4380813-1000-1500/Nutrecat-Liberty-Ext-500-g.jpg?v=639251065406570000",8400 COP,,in stock,new,Nutrecat,85,Gatos > Nutrecat > Alimento seco,Animals & Pet Supplies > Pet Supplies > Cat Supplies
83,Smart Ext 500 g,"Smart, es un alimento completo ideal paras gatos adultos, hembras gestantes y lactantes, así como para cachorros lactantes como complemento a la leche materna. Smart, es un alimento completo, nutritivo, científicamente balanceado en proteínas de alta calidad, carbohidratos, vitaminas y minerales. Tiene un irresistible sabor y está diseñado para gatos de todas las razas y en todas las edades de la vida. La fórmula de Smart asegura un pelaje sedoso y larga vida a tu gato.",https://www.plazacampo.com/smart-ext-30x500-g-1-jpg/p?skuId=83,https://b2csolla.vteximg.com.br/arquivos/ids/4381969-1000-1500/Smart-Ext-500-g.jpg?v=639123770329570000,https://b2csolla.vteximg.com.br/arquivos/ids/4381441-1000-1500/Smart-Ext-500-g.jpg?v=639123770326300000,4500 COP,,in stock,new,Smart,83,Gatos > Smart > Alimento seco,Animals & Pet Supplies > Pet Supplies > Cat Supplies
81,Nutrecat Liberty Ext 1.5 kg,"Alimento 100% completo y balanceado, para el mantenimiento de gatos adultos que convivan en ambientes internos y externos.",https://www.plazacampo.com/nutrecat-liberty-ext-10x1-5-kg-1-jpg/p?skuId=81,https://b2csolla.vteximg.com.br/arquivos/ids/4380747-1000-1500/Nutrecat-Liberty-Ext-15-kg.jpg?v=639256069404570000,"https://b2csolla.vteximg.com.br/arquivos/ids/4379881-1000-1500/Nutrecat-Liberty-Ext-15-kg.jpg?v=639256124089730000,https://b2csolla.vteximg.com.br/arquivos/ids/4379879-1000-1500/Nutrecat-Liberty-Ext-15-kg.jpg?v=639256124091530000,https://b2csolla.vteximg.com.br/arquivos/ids/4380749-1000-1500/Nutrecat-Liberty-Ext-15-kg.jpg?v=639256124093570000",24700 COP,,in stock,new,Nutrecat,81,Gatos > Nutrecat > Alimento seco,Animals & Pet Supplies > Pet Supplies > Cat Supplies
75,Nutrecan Adultos Raza Mediana y Grande Ext 6 kg,"Si tu perro lleva una vida calmada, requiere poca actividad física y vive en interiores; necesita compuestos nutricionales propios a su estilo de vida, por eso Nutrecan Adultos razas medianas y grandes es su alimento ideal, ya que es muy completo y balanceado. Tiene forma de deliciosas croquetas, cuya fórmula combina una saludable mezcla de nutrientes de alta digestibilidad con un sabor que a tu perro le encantará.La proteína es de alta calidad y alta digestibilidad, importante para el mejor mantenimiento y funcionamiento de los músculos en los perros adultos de todas las razas. El arroz, maíz, gluten de maíz, trigo y aceites vegetales, como principales ingredientes, complementan una dieta balanceada que garantiza el mejor sabor, salud y larga vida a las mascotas. Aceites vegetales y aceite de pescado, fuentes de Omega 6 y 3 , proporcionan una piel sana y garantiza un pelaje brillante, sistema nervioso central activo y buena visión. Ingredientes especiales, como la Yucca schidigera y los Prebióticos, aumentan la digestibilidad y promueven que las mascotas tengan heces sólidas, en menos cantidad y sin olor.",https://www.plazacampo.com/nutrecan-adultos-rm-y-rg-ext-6-kg-1-jpg/p?skuId=75,https://b2csolla.vteximg.com.br/arquivos/ids/4380033-1000-1500/Nutrecan-Adultos-Raza-Mediana-y-Grande Ext-6-kg.jpg?v=639246565794170000,"https://b2csolla.vteximg.com.br/arquivos/ids/4380756-1000-1500/Nutrecan-Adultos-Raza-Mediana-y-Grande Ext-6-kg.jpg?v=639246745666270000,https://b2csolla.vteximg.com.br/arquivos/ids/4381796-1000-1500/Nutrecan-Adultos-Raza-Mediana-y-Grande Ext-6-kg.jpg?v=639246745668300000,https://b2csolla.vteximg.com.br/arquivos/ids/4381972-1000-1500/Nutrecan-Adultos-Raza-Mediana-y-Grande Ext-6-kg.jpg?v=639246745670100000",58500 COP,,in stock,new,Nutrecan,75,Perros > Nutrecan > Adultos,Animals & Pet Supplies > Pet Supplies > Dog Supplies
74,Q-Ida Can Adultos Ext 30 Kg B,"Q-Ida Can, es un alimento extruido, completo y balanceado cuya fórmula está recomendada para alimentar perros adultos en mantenimiento.",https://www.plazacampo.com/q-ida-can-adultos-ext-30-kg-b-1/p?skuId=74,https://b2csolla.vteximg.com.br/arquivos/ids/4382186-1000-1500/Q-Ida-Can-Adultos-Ext-30-Kg-B.jpg?v=639238968896230000,"https://b2csolla.vteximg.com.br/arquivos/ids/4382187-1000-1500/Q-Ida-Can-Adultos-Ext-30-Kg-B.jpg?v=639239436798230000,https://b2csolla.vteximg.com.br/arquivos/ids/4382188-1000-1500/Q-Ida-Can-Adultos-Ext-30-Kg-B.jpg?v=639239436801030000,https://b2csolla.vteximg.com.br/arquivos/ids/4382189-1000-1500/Q-Ida-Can-Adultos-Ext-30-Kg-B.jpg?v=639239436802500000",125600 COP,,in stock,new,Q-ida Can,74,Perros > Q-ida Can > Adultos,Animals & Pet Supplies > Pet Supplies > Dog Supplies
66,Sabueso Adultos Ext 30 Kg,"Sabueso Adultos es un alimento completo extruido , cuya fórmula está recomendada para alimentar perros adultos en mantenimiento.",https://www.plazacampo.com/sabueso-adultos-ext-30-kg-1-jpg/p?skuId=66,https://b2csolla.vteximg.com.br/arquivos/ids/4380742-1000-1500/Sabueso Adultos-Ext-30-Kg.jpg?v=639199910215270000,"https://b2csolla.vteximg.com.br/arquivos/ids/4379893-1000-1500/Sabueso Adultos-Ext-30-Kg.jpg?v=639199910207930000,https://b2csolla.vteximg.com.br/arquivos/ids/4380743-1000-1500/Sabueso Adultos-Ext-30-Kg.jpg?v=639199910211200000,https://b2csolla.vteximg.com.br/arquivos/ids/4379895-1000-1500/Sabueso Adultos-Ext-30-Kg.jpg?v=639199910213230000",141900 COP,,in stock,new,Sabueso,66,Perros > Sabueso > Adultos,Animals & Pet Supplies > Pet Supplies > Dog Supplies
